"section","first_menu_key","first_menu_label","second_menu_key","second_menu_label","parameter_key","parameter_label","type","unit","default_value","value_expression","enabled_expression","source","path_keys","path_labels","occurrences","examples"
"settings","resolution","Quality","","","layer_height","Layer Height","float","mm","0.1","","","Cura/resources/definitions/fdmprinter.def.json","resolution > layer_height","Quality > Layer Height","",""
"settings","resolution","Quality","","","layer_height_0","Initial Layer Height","float","mm","0.3","","","Cura/resources/definitions/fdmprinter.def.json","resolution > layer_height_0","Quality > Initial Layer Height","",""
"settings","resolution","Quality","line_width","Line Width","line_width","Line Width","float","mm","0.4","machine_nozzle_size","","Cura/resources/definitions/fdmprinter.def.json","resolution > line_width","Quality > Line Width","",""
"settings","resolution","Quality","line_width","Line Width","wall_line_width","Wall Line Width","float","mm","0.4","line_width","","Cura/resources/definitions/fdmprinter.def.json","resolution > line_width > wall_line_width","Quality > Line Width > Wall Line Width","",""
"settings","resolution","Quality","line_width","Line Width","wall_line_width_0","Outer Wall Line Width","float","mm","0.4","wall_line_width","","Cura/resources/definitions/fdmprinter.def.json","resolution > line_width > wall_line_width > wall_line_width_0","Quality > Line Width > Wall Line Width > Outer Wall Line Width","",""
"settings","resolution","Quality","line_width","Line Width","wall_line_width_x","Inner Wall(s) Line Width","float","mm","0.4","wall_line_width","","Cura/resources/definitions/fdmprinter.def.json","resolution > line_width > wall_line_width > wall_line_width_x","Quality > Line Width > Wall Line Width > Inner Wall(s) Line Width","",""
"settings","resolution","Quality","line_width","Line Width","skin_line_width","Top/Bottom Line Width","float","mm","0.4","line_width","top_layers > 0 or bottom_layers > 0","Cura/resources/definitions/fdmprinter.def.json","resolution > line_width > skin_line_width","Quality > Line Width > Top/Bottom Line Width","",""
"settings","resolution","Quality","line_width","Line Width","infill_line_width","Infill Line Width","float","mm","0.4","line_width","infill_sparse_density > 0","Cura/resources/definitions/fdmprinter.def.json","resolution > line_width > infill_line_width","Quality > Line Width > Infill Line Width","",""
"settings","resolution","Quality","line_width","Line Width","skirt_brim_line_width","Skirt/Brim Line Width","float","mm","0.4","line_width","resolveOrValue('adhesion_type') == 'skirt' or resolveOrValue('adhesion_type') == 'brim' or resolveOrValue('draft_shield_enabled') or resolveOrValue('ooze_shield_enabled')","Cura/resources/definitions/fdmprinter.def.json","resolution > line_width > skirt_brim_line_width","Quality > Line Width > Skirt/Brim Line Width","",""
"settings","resolution","Quality","line_width","Line Width","support_line_width","Support Line Width","float","mm","0.4","line_width","(support_enable or support_meshes_present)","Cura/resources/definitions/fdmprinter.def.json","resolution > line_width > support_line_width","Quality > Line Width > Support Line Width","",""
"settings","resolution","Quality","line_width","Line Width","support_interface_line_width","Support Interface Line Width","float","mm","0.4","line_width","(support_enable or support_meshes_present) and support_interface_enable","Cura/resources/definitions/fdmprinter.def.json","resolution > line_width > support_interface_line_width","Quality > Line Width > Support Interface Line Width","",""
"settings","resolution","Quality","line_width","Line Width","support_roof_line_width","Support Roof Line Width","float","mm","0.4","extruderValue(support_roof_extruder_nr, 'support_interface_line_width')","(support_enable or support_meshes_present) and support_roof_enable","Cura/resources/definitions/fdmprinter.def.json","resolution > line_width > support_interface_line_width > support_roof_line_width","Quality > Line Width > Support Interface Line Width > Support Roof Line Width","",""
"settings","resolution","Quality","line_width","Line Width","support_bottom_line_width","Support Floor Line Width","float","mm","0.4","extruderValue(support_bottom_extruder_nr, 'support_interface_line_width')","(support_enable or support_meshes_present) and support_bottom_enable","Cura/resources/definitions/fdmprinter.def.json","resolution > line_width > support_interface_line_width > support_bottom_line_width","Quality > Line Width > Support Interface Line Width > Support Floor Line Width","",""
"settings","resolution","Quality","line_width","Line Width","prime_tower_line_width","Prime Tower Line Width","float","mm","0.4","line_width","prime_tower_enable","Cura/resources/definitions/fdmprinter.def.json","resolution > line_width > prime_tower_line_width","Quality > Line Width > Prime Tower Line Width","",""
"settings","resolution","Quality","","","initial_layer_line_width_factor","Initial Layer Line Width","float","%","100.0","","","Cura/resources/definitions/fdmprinter.def.json","resolution > initial_layer_line_width_factor","Quality > Initial Layer Line Width","",""
"settings","shell","Walls","wall_extruder_nr","Wall Extruder","wall_extruder_nr","Wall Extruder","optional_extruder",,"-1","","extruders_enabled_count > 1","Cura/resources/definitions/fdmprinter.def.json","shell > wall_extruder_nr","Walls > Wall Extruder","",""
"settings","shell","Walls","wall_extruder_nr","Wall Extruder","wall_0_extruder_nr","Outer Wall Extruder","optional_extruder",,"-1","wall_extruder_nr","extruders_enabled_count > 1","Cura/resources/definitions/fdmprinter.def.json","shell > wall_extruder_nr > wall_0_extruder_nr","Walls > Wall Extruder > Outer Wall Extruder","",""
"settings","shell","Walls","wall_extruder_nr","Wall Extruder","wall_x_extruder_nr","Inner Wall Extruder","optional_extruder",,"-1","wall_extruder_nr","extruders_enabled_count > 1","Cura/resources/definitions/fdmprinter.def.json","shell > wall_extruder_nr > wall_x_extruder_nr","Walls > Wall Extruder > Inner Wall Extruder","",""
"settings","shell","Walls","wall_thickness","Wall Thickness","wall_thickness","Wall Thickness","float","mm","0.8","wall_line_width_0 if magic_spiralize else 0.8","","Cura/resources/definitions/fdmprinter.def.json","shell > wall_thickness","Walls > Wall Thickness","",""
"settings","shell","Walls","wall_thickness","Wall Thickness","wall_line_count","Wall Line Count","int",,"2","1 if magic_spiralize else max(1, round((wall_thickness - wall_line_width_0) / wall_line_width_x) + 1) if wall_thickness != 0 else 0","","Cura/resources/definitions/fdmprinter.def.json","shell > wall_thickness > wall_line_count","Walls > Wall Thickness > Wall Line Count","",""
"settings","shell","Walls","","","wall_transition_length","Wall Transition Length","float","mm","0.4","line_width","","Cura/resources/definitions/fdmprinter.def.json","shell > wall_transition_length","Walls > Wall Transition Length","",""
"settings","shell","Walls","","","wall_distribution_count","Wall Distribution Count","int",,"1","","","Cura/resources/definitions/fdmprinter.def.json","shell > wall_distribution_count","Walls > Wall Distribution Count","",""
"settings","shell","Walls","","","wall_transition_angle","Wall Transitioning Threshold Angle","float","°","10","","","Cura/resources/definitions/fdmprinter.def.json","shell > wall_transition_angle","Walls > Wall Transitioning Threshold Angle","",""
"settings","shell","Walls","","","wall_transition_filter_distance","Wall Transitioning Filter Distance","float","mm","100","100","False","Cura/resources/definitions/fdmprinter.def.json","shell > wall_transition_filter_distance","Walls > Wall Transitioning Filter Distance","",""
"settings","shell","Walls","","","wall_transition_filter_deviation","Wall Transitioning Filter Margin","float","mm","0.1",".25 * machine_nozzle_size","","Cura/resources/definitions/fdmprinter.def.json","shell > wall_transition_filter_deviation","Walls > Wall Transitioning Filter Margin","",""
"settings","shell","Walls","","","wall_0_wipe_dist","Outer Wall Wipe Distance","float","mm","0.2","machine_nozzle_size / 2","","Cura/resources/definitions/fdmprinter.def.json","shell > wall_0_wipe_dist","Walls > Outer Wall Wipe Distance","",""
"settings","shell","Walls","","","wall_0_inset","Outer Wall Inset","float","mm","0.0","(machine_nozzle_size - wall_line_width_0) / 2 if (wall_line_width_0 < machine_nozzle_size and inset_direction != ""outside_in"") else 0","","Cura/resources/definitions/fdmprinter.def.json","shell > wall_0_inset","Walls > Outer Wall Inset","",""
"settings","shell","Walls","","","optimize_wall_printing_order","Optimize Wall Printing Order","bool",,"True","","","Cura/resources/definitions/fdmprinter.def.json","shell > optimize_wall_printing_order","Walls > Optimize Wall Printing Order","",""
"settings","shell","Walls","","","inset_direction","Wall Ordering","enum",,"inside_out","","","Cura/resources/definitions/fdmprinter.def.json","shell > inset_direction","Walls > Wall Ordering","",""
"settings","shell","Walls","","","initial_layer_inset_direction","Initial Layer Wall Ordering","enum",,"inside_out","inset_direction","","Cura/resources/definitions/fdmprinter.def.json","shell > initial_layer_inset_direction","Walls > Initial Layer Wall Ordering","",""
"settings","shell","Walls","","","alternate_extra_perimeter","Alternate Extra Wall","bool",,"False","","","Cura/resources/definitions/fdmprinter.def.json","shell > alternate_extra_perimeter","Walls > Alternate Extra Wall","",""
"settings","shell","Walls","min_wall_line_width","Minimum Wall Line Width","min_wall_line_width","Minimum Wall Line Width","float","mm","0.3","machine_nozzle_size * .85","","Cura/resources/definitions/fdmprinter.def.json","shell > min_wall_line_width","Walls > Minimum Wall Line Width","",""
"settings","shell","Walls","min_wall_line_width","Minimum Wall Line Width","min_even_wall_line_width","Minimum Even Wall Line Width","float","mm","0.3","min_wall_line_width","","Cura/resources/definitions/fdmprinter.def.json","shell > min_wall_line_width > min_even_wall_line_width","Walls > Minimum Wall Line Width > Minimum Even Wall Line Width","",""
"settings","shell","Walls","min_wall_line_width","Minimum Wall Line Width","min_odd_wall_line_width","Minimum Odd Wall Line Width","float","mm","0.3","min_wall_line_width","","Cura/resources/definitions/fdmprinter.def.json","shell > min_wall_line_width > min_odd_wall_line_width","Walls > Minimum Wall Line Width > Minimum Odd Wall Line Width","",""
"settings","shell","Walls","","","fill_outline_gaps","Print Thin Walls","bool",,"True","","","Cura/resources/definitions/fdmprinter.def.json","shell > fill_outline_gaps","Walls > Print Thin Walls","",""
"settings","shell","Walls","","","min_feature_size","Minimum Feature Size","float","mm","0.1","wall_line_width_0 / 4","fill_outline_gaps","Cura/resources/definitions/fdmprinter.def.json","shell > min_feature_size","Walls > Minimum Feature Size","",""
"settings","shell","Walls","","","min_bead_width","Minimum Thin Wall Line Width","float","mm","0.2","min_wall_line_width","fill_outline_gaps","Cura/resources/definitions/fdmprinter.def.json","shell > min_bead_width","Walls > Minimum Thin Wall Line Width","",""
"settings","shell","Walls","","","xy_offset","Horizontal Expansion","float","mm","0","","","Cura/resources/definitions/fdmprinter.def.json","shell > xy_offset","Walls > Horizontal Expansion","",""
"settings","shell","Walls","","","xy_offset_layer_0","Initial Layer Horizontal Expansion","float","mm","0","xy_offset","","Cura/resources/definitions/fdmprinter.def.json","shell > xy_offset_layer_0","Walls > Initial Layer Horizontal Expansion","",""
"settings","shell","Walls","","","hole_xy_offset","Hole Horizontal Expansion","float","mm","0","","","Cura/resources/definitions/fdmprinter.def.json","shell > hole_xy_offset","Walls > Hole Horizontal Expansion","",""
"settings","shell","Walls","","","hole_xy_offset_max_diameter","Hole Horizontal Expansion Max Diameter","float","mm","0","","hole_xy_offset > 0","Cura/resources/definitions/fdmprinter.def.json","shell > hole_xy_offset_max_diameter","Walls > Hole Horizontal Expansion Max Diameter","",""
"settings","shell","Walls","","","z_seam_type","Z Seam Alignment","enum",,"sharpest_corner","","","Cura/resources/definitions/fdmprinter.def.json","shell > z_seam_type","Walls > Z Seam Alignment","",""
"settings","shell","Walls","","","z_seam_on_vertex","Z Seam On Vertex","bool",,"False","","z_seam_type == 'back' or z_seam_type == 'shortest'","Cura/resources/definitions/fdmprinter.def.json","shell > z_seam_on_vertex","Walls > Z Seam On Vertex","",""
"settings","shell","Walls","z_seam_position","Z Seam Position","z_seam_position","Z Seam Position","enum",,"back","","z_seam_type == 'back'","Cura/resources/definitions/fdmprinter.def.json","shell > z_seam_position","Walls > Z Seam Position","",""
"settings","shell","Walls","z_seam_position","Z Seam Position","z_seam_x","Z Seam X","float","mm","100.0","(0 if (z_seam_position == 'frontleft' or z_seam_position == 'left' or z_seam_position == 'backleft') else machine_width / 2 if (z_seam_position == 'front' or z_seam_position == 'back' or z_seam_position == 'middle') else machine_width) - (machine_width / 2 if z_seam_relative or machine_center_is_zero else 0)","z_seam_type == 'back'","Cura/resources/definitions/fdmprinter.def.json","shell > z_seam_position > z_seam_x","Walls > Z Seam Position > Z Seam X","",""
"settings","shell","Walls","z_seam_position","Z Seam Position","z_seam_y","Z Seam Y","float","mm","100.0","(0 if (z_seam_position == 'frontleft' or z_seam_position == 'front' or z_seam_position == 'frontright') else machine_depth / 2 if (z_seam_position == 'left' or z_seam_position == 'right' or z_seam_position == 'middle') else machine_depth) - (machine_depth / 2 if z_seam_relative or machine_center_is_zero else 0)","z_seam_type == 'back'","Cura/resources/definitions/fdmprinter.def.json","shell > z_seam_position > z_seam_y","Walls > Z Seam Position > Z Seam Y","",""
"settings","shell","Walls","","","z_seam_corner","Seam Corner Preference","enum",,"z_seam_corner_inner","","z_seam_type == 'sharpest_corner'","Cura/resources/definitions/fdmprinter.def.json","shell > z_seam_corner","Walls > Seam Corner Preference","",""
"settings","shell","Walls","","","z_seam_relative","Z Seam Relative","bool",,"False","","z_seam_type == 'back'","Cura/resources/definitions/fdmprinter.def.json","shell > z_seam_relative","Walls > Z Seam Relative","",""
"settings","top_bottom","Top/Bottom","","","roofing_extruder_nr","Top Surface Skin Extruder","optional_extruder",,"-1","top_bottom_extruder_nr","extruders_enabled_count > 1 and max(extruderValues('roofing_layer_count')) > 0 and max(extruderValues('top_layers')) > 0","Cura/resources/definitions/fdmprinter.def.json","top_bottom > roofing_extruder_nr","Top/Bottom > Top Surface Skin Extruder","",""
"settings","top_bottom","Top/Bottom","roofing_layer_count","Top Surface Skin Layers","roofing_layer_count","Top Surface Skin Layers","int",,"0","0","top_layers > 0","Cura/resources/definitions/fdmprinter.def.json","top_bottom > roofing_layer_count","Top/Bottom > Top Surface Skin Layers","",""
"settings","top_bottom","Top/Bottom","roofing_layer_count","Top Surface Skin Layers","roofing_line_width","Top Surface Skin Line Width","float","mm","0.4","skin_line_width","roofing_layer_count > 0 and top_layers > 0","Cura/resources/definitions/fdmprinter.def.json","top_bottom > roofing_layer_count > roofing_line_width","Top/Bottom > Top Surface Skin Layers > Top Surface Skin Line Width","",""
"settings","top_bottom","Top/Bottom","roofing_layer_count","Top Surface Skin Layers","roofing_pattern","Top Surface Skin Pattern","enum",,"lines","top_bottom_pattern","roofing_layer_count > 0 and top_layers > 0","Cura/resources/definitions/fdmprinter.def.json","top_bottom > roofing_layer_count > roofing_pattern","Top/Bottom > Top Surface Skin Layers > Top Surface Skin Pattern","",""
"settings","top_bottom","Top/Bottom","roofing_layer_count","Top Surface Skin Layers","roofing_monotonic","Monotonic Top Surface Order","bool",,"True","True","roofing_layer_count > 0 and top_layers > 0 and roofing_pattern != 'concentric'","Cura/resources/definitions/fdmprinter.def.json","top_bottom > roofing_layer_count > roofing_monotonic","Top/Bottom > Top Surface Skin Layers > Monotonic Top Surface Order","",""
"settings","top_bottom","Top/Bottom","roofing_layer_count","Top Surface Skin Layers","roofing_angles","Top Surface Skin Line Directions","[int]",,"[ ]","skin_angles","roofing_pattern != 'concentric' and roofing_layer_count > 0 and top_layers > 0","Cura/resources/definitions/fdmprinter.def.json","top_bottom > roofing_layer_count > roofing_angles","Top/Bottom > Top Surface Skin Layers > Top Surface Skin Line Directions","",""
"settings","top_bottom","Top/Bottom","roofing_layer_count","Top Surface Skin Layers","roofing_expansion","Top Surface Expansion","float",,"0","0","roofing_layer_count > 0 and top_layers > 0","Cura/resources/definitions/fdmprinter.def.json","top_bottom > roofing_layer_count > roofing_expansion","Top/Bottom > Top Surface Skin Layers > Top Surface Expansion","",""
"settings","top_bottom","Top/Bottom","","","flooring_extruder_nr","Bottom Surface Skin Extruder","optional_extruder",,"-1","top_bottom_extruder_nr","extruders_enabled_count > 1 and max(extruderValues('flooring_layer_count')) > 0 and max(extruderValues('bottom_layers')) > 0","Cura/resources/definitions/fdmprinter.def.json","top_bottom > flooring_extruder_nr","Top/Bottom > Bottom Surface Skin Extruder","",""
"settings","top_bottom","Top/Bottom","flooring_layer_count","Bottom Surface Skin Layers","flooring_layer_count","Bottom Surface Skin Layers","int",,"0","0","bottom_layers > 0","Cura/resources/definitions/fdmprinter.def.json","top_bottom > flooring_layer_count","Top/Bottom > Bottom Surface Skin Layers","",""
"settings","top_bottom","Top/Bottom","flooring_layer_count","Bottom Surface Skin Layers","flooring_line_width","Bottom Surface Skin Line Width","float","mm","0.4","skin_line_width","flooring_layer_count > 0 and bottom_layers > 0","Cura/resources/definitions/fdmprinter.def.json","top_bottom > flooring_layer_count > flooring_line_width","Top/Bottom > Bottom Surface Skin Layers > Bottom Surface Skin Line Width","",""
"settings","top_bottom","Top/Bottom","flooring_layer_count","Bottom Surface Skin Layers","flooring_pattern","Bottom Surface Skin Pattern","enum",,"lines","top_bottom_pattern","flooring_layer_count > 0 and bottom_layers > 0","Cura/resources/definitions/fdmprinter.def.json","top_bottom > flooring_layer_count > flooring_pattern","Top/Bottom > Bottom Surface Skin Layers > Bottom Surface Skin Pattern","",""
"settings","top_bottom","Top/Bottom","flooring_layer_count","Bottom Surface Skin Layers","flooring_monotonic","Monotonic Bottom Surface Order","bool",,"True","True","flooring_layer_count > 0 and bottom_layers > 0 and flooring_pattern != 'concentric'","Cura/resources/definitions/fdmprinter.def.json","top_bottom > flooring_layer_count > flooring_monotonic","Top/Bottom > Bottom Surface Skin Layers > Monotonic Bottom Surface Order","",""
"settings","top_bottom","Top/Bottom","flooring_layer_count","Bottom Surface Skin Layers","flooring_angles","Bottom Surface Skin Line Directions","[int]",,"[ ]","skin_angles","flooring_pattern != 'concentric' and flooring_layer_count > 0 and bottom_layers > 0","Cura/resources/definitions/fdmprinter.def.json","top_bottom > flooring_layer_count > flooring_angles","Top/Bottom > Bottom Surface Skin Layers > Bottom Surface Skin Line Directions","",""
"settings","top_bottom","Top/Bottom","","","top_bottom_extruder_nr","Top/Bottom Extruder","optional_extruder",,"-1","","extruders_enabled_count > 1","Cura/resources/definitions/fdmprinter.def.json","top_bottom > top_bottom_extruder_nr","Top/Bottom > Top/Bottom Extruder","",""
"settings","top_bottom","Top/Bottom","top_bottom_thickness","Top/Bottom Thickness","top_bottom_thickness","Top/Bottom Thickness","float","mm","0.8","","","Cura/resources/definitions/fdmprinter.def.json","top_bottom > top_bottom_thickness","Top/Bottom > Top/Bottom Thickness","",""
"settings","top_bottom","Top/Bottom","top_bottom_thickness","Top/Bottom Thickness","top_thickness","Top Thickness","float","mm","0.8","top_bottom_thickness","","Cura/resources/definitions/fdmprinter.def.json","top_bottom > top_bottom_thickness > top_thickness","Top/Bottom > Top/Bottom Thickness > Top Thickness","",""
"settings","top_bottom","Top/Bottom","top_bottom_thickness","Top/Bottom Thickness","top_layers","Top Layers","int",,"8","math.ceil(round(top_thickness / resolveOrValue('layer_height'), 4))","","Cura/resources/definitions/fdmprinter.def.json","top_bottom > top_bottom_thickness > top_thickness > top_layers","Top/Bottom > Top/Bottom Thickness > Top Thickness > Top Layers","",""
"settings","top_bottom","Top/Bottom","top_bottom_thickness","Top/Bottom Thickness","bottom_thickness","Bottom Thickness","float","mm","0.6","top_bottom_thickness","","Cura/resources/definitions/fdmprinter.def.json","top_bottom > top_bottom_thickness > bottom_thickness","Top/Bottom > Top/Bottom Thickness > Bottom Thickness","",""
"settings","top_bottom","Top/Bottom","top_bottom_thickness","Top/Bottom Thickness","bottom_layers","Bottom Layers","int",,"6","math.ceil(round(bottom_thickness / resolveOrValue('layer_height'), 4))","","Cura/resources/definitions/fdmprinter.def.json","top_bottom > top_bottom_thickness > bottom_thickness > bottom_layers","Top/Bottom > Top/Bottom Thickness > Bottom Thickness > Bottom Layers","",""
"settings","top_bottom","Top/Bottom","top_bottom_thickness","Top/Bottom Thickness","initial_bottom_layers","Initial Bottom Layers","int",,"6","bottom_layers","","Cura/resources/definitions/fdmprinter.def.json","top_bottom > top_bottom_thickness > bottom_thickness > initial_bottom_layers","Top/Bottom > Top/Bottom Thickness > Bottom Thickness > Initial Bottom Layers","",""
"settings","top_bottom","Top/Bottom","","","top_bottom_pattern","Top/Bottom Pattern","enum",,"lines","","top_layers > 0 or bottom_layers > 0","Cura/resources/definitions/fdmprinter.def.json","top_bottom > top_bottom_pattern","Top/Bottom > Top/Bottom Pattern","",""
"settings","top_bottom","Top/Bottom","","","top_bottom_pattern_0","Bottom Pattern Initial Layer","enum",,"lines","top_bottom_pattern","top_layers > 0 or bottom_layers > 0","Cura/resources/definitions/fdmprinter.def.json","top_bottom > top_bottom_pattern_0","Top/Bottom > Bottom Pattern Initial Layer","",""
"settings","top_bottom","Top/Bottom","","","connect_skin_polygons","Connect Top/Bottom Polygons","bool",,"False","","((top_layers > 0 or bottom_layers > 0) and top_bottom_pattern == 'concentric') or (initial_bottom_layers > 0 and top_bottom_pattern_0 == 'concentric') or (roofing_layer_count > 0 and roofing_pattern == 'concentric')","Cura/resources/definitions/fdmprinter.def.json","top_bottom > connect_skin_polygons","Top/Bottom > Connect Top/Bottom Polygons","",""
"settings","top_bottom","Top/Bottom","","","skin_monotonic","Monotonic Top/Bottom Order","bool",,"False","","(top_layers > 0 or bottom_layers > 0) and (top_bottom_pattern != 'concentric' or top_bottom_pattern_0 != 'concentric')","Cura/resources/definitions/fdmprinter.def.json","top_bottom > skin_monotonic","Top/Bottom > Monotonic Top/Bottom Order","",""
"settings","top_bottom","Top/Bottom","","","skin_angles","Top/Bottom Line Directions","[int]",,"[ ]","","(top_layers > 0 or bottom_layers > 0) and top_bottom_pattern != 'concentric'","Cura/resources/definitions/fdmprinter.def.json","top_bottom > skin_angles","Top/Bottom > Top/Bottom Line Directions","",""
"settings","top_bottom","Top/Bottom","","","small_skin_width","Small Top/Bottom Width","float","mm","1","skin_line_width * 2","(top_layers > 0 or bottom_layers > 0) and top_bottom_pattern != 'concentric'","Cura/resources/definitions/fdmprinter.def.json","top_bottom > small_skin_width","Top/Bottom > Small Top/Bottom Width","",""
"settings","top_bottom","Top/Bottom","","","small_skin_on_surface","Small Top/Bottom On Surface","bool",,"False","False","small_skin_width > 0 and top_layers > 0","Cura/resources/definitions/fdmprinter.def.json","top_bottom > small_skin_on_surface","Top/Bottom > Small Top/Bottom On Surface","",""
"settings","top_bottom","Top/Bottom","","","skin_no_small_gaps_heuristic","No Skin in Z Gaps","bool",,"False","","top_layers > 0 or bottom_layers > 0","Cura/resources/definitions/fdmprinter.def.json","top_bottom > skin_no_small_gaps_heuristic","Top/Bottom > No Skin in Z Gaps","",""
"settings","top_bottom","Top/Bottom","","","skin_outline_count","Extra Skin Wall Count","int",,"1","0 if top_bottom_pattern == 'concentric' and top_bottom_pattern_0 == 'concentric' and roofing_layer_count <= 0 else 1","(top_layers > 0 or bottom_layers > 0) and (top_bottom_pattern != 'concentric' or top_bottom_pattern_0 != 'concentric' or (roofing_layer_count > 0 and roofing_pattern != 'concentric'))","Cura/resources/definitions/fdmprinter.def.json","top_bottom > skin_outline_count","Top/Bottom > Extra Skin Wall Count","",""
"settings","top_bottom","Top/Bottom","","","ironing_enabled","Enable Ironing","bool",,"False","","","Cura/resources/definitions/fdmprinter.def.json","top_bottom > ironing_enabled","Top/Bottom > Enable Ironing","",""
"settings","top_bottom","Top/Bottom","","","ironing_only_highest_layer","Iron Only Highest Layer","bool",,"False","","ironing_enabled","Cura/resources/definitions/fdmprinter.def.json","top_bottom > ironing_only_highest_layer","Top/Bottom > Iron Only Highest Layer","",""
"settings","top_bottom","Top/Bottom","","","ironing_pattern","Ironing Pattern","enum",,"zigzag","","ironing_enabled","Cura/resources/definitions/fdmprinter.def.json","top_bottom > ironing_pattern","Top/Bottom > Ironing Pattern","",""
"settings","top_bottom","Top/Bottom","","","ironing_monotonic","Monotonic Ironing Order","bool",,"False","","ironing_enabled and ironing_pattern != 'concentric'","Cura/resources/definitions/fdmprinter.def.json","top_bottom > ironing_monotonic","Top/Bottom > Monotonic Ironing Order","",""
"settings","top_bottom","Top/Bottom","","","ironing_line_spacing","Ironing Line Spacing","float","mm","0.1","","ironing_enabled","Cura/resources/definitions/fdmprinter.def.json","top_bottom > ironing_line_spacing","Top/Bottom > Ironing Line Spacing","",""
"settings","top_bottom","Top/Bottom","","","ironing_flow","Ironing Flow","float","%","10.0","","ironing_enabled","Cura/resources/definitions/fdmprinter.def.json","top_bottom > ironing_flow","Top/Bottom > Ironing Flow","",""
"settings","top_bottom","Top/Bottom","","","ironing_inset","Ironing Inset","float","mm","0.35","wall_line_width_0 / 2 + (ironing_line_spacing - skin_line_width * (1.0 + ironing_flow / 100) / 2 if ironing_pattern == 'concentric' else skin_line_width * (1.0 - ironing_flow / 100) / 2)","ironing_enabled","Cura/resources/definitions/fdmprinter.def.json","top_bottom > ironing_inset","Top/Bottom > Ironing Inset","",""
"settings","top_bottom","Top/Bottom","","","speed_ironing","Ironing Speed","float","mm/s","20.0","speed_topbottom * 20 / 30","ironing_enabled","Cura/resources/definitions/fdmprinter.def.json","top_bottom > speed_ironing","Top/Bottom > Ironing Speed","",""
"settings","top_bottom","Top/Bottom","","","acceleration_ironing","Ironing Acceleration","float","mm/s²","3000","acceleration_topbottom","resolveOrValue('acceleration_enabled') and ironing_enabled","Cura/resources/definitions/fdmprinter.def.json","top_bottom > acceleration_ironing","Top/Bottom > Ironing Acceleration","",""
"settings","top_bottom","Top/Bottom","","","jerk_ironing","Ironing Jerk","float","mm/s","20","jerk_topbottom","resolveOrValue('jerk_enabled') and ironing_enabled","Cura/resources/definitions/fdmprinter.def.json","top_bottom > jerk_ironing","Top/Bottom > Ironing Jerk","",""
"settings","top_bottom","Top/Bottom","skin_overlap","Skin Overlap Percentage","skin_overlap","Skin Overlap Percentage","float","%","5","5 if top_bottom_pattern != 'concentric' else 0","(top_layers > 0 or bottom_layers > 0) and top_bottom_pattern != 'concentric'","Cura/resources/definitions/fdmprinter.def.json","top_bottom > skin_overlap","Top/Bottom > Skin Overlap Percentage","",""
"settings","top_bottom","Top/Bottom","skin_overlap","Skin Overlap Percentage","skin_overlap_mm","Skin Overlap","float","mm","0.02","0.5 * (skin_line_width + (wall_line_width_x if wall_line_count > 1 else wall_line_width_0)) * skin_overlap / 100 if top_bottom_pattern != 'concentric' else 0","(top_layers > 0 or bottom_layers > 0) and top_bottom_pattern != 'concentric'","Cura/resources/definitions/fdmprinter.def.json","top_bottom > skin_overlap > skin_overlap_mm","Top/Bottom > Skin Overlap Percentage > Skin Overlap","",""
"settings","top_bottom","Top/Bottom","skin_preshrink","Skin Removal Width","skin_preshrink","Skin Removal Width","float","mm","1","wall_line_width_0 + (wall_line_count - 1) * wall_line_width_x","top_layers > 0 or bottom_layers > 0","Cura/resources/definitions/fdmprinter.def.json","top_bottom > skin_preshrink","Top/Bottom > Skin Removal Width","",""
"settings","top_bottom","Top/Bottom","skin_preshrink","Skin Removal Width","top_skin_preshrink","Top Skin Removal Width","float","mm","1","skin_preshrink","top_layers > 0 or bottom_layers > 0","Cura/resources/definitions/fdmprinter.def.json","top_bottom > skin_preshrink > top_skin_preshrink","Top/Bottom > Skin Removal Width > Top Skin Removal Width","",""
"settings","top_bottom","Top/Bottom","skin_preshrink","Skin Removal Width","bottom_skin_preshrink","Bottom Skin Removal Width","float","mm","1","skin_preshrink","top_layers > 0 or bottom_layers > 0","Cura/resources/definitions/fdmprinter.def.json","top_bottom > skin_preshrink > bottom_skin_preshrink","Top/Bottom > Skin Removal Width > Bottom Skin Removal Width","",""
"settings","top_bottom","Top/Bottom","expand_skins_expand_distance","Skin Expand Distance","expand_skins_expand_distance","Skin Expand Distance","float","mm","1","max(-skin_preshrink, wall_line_width_0 + (wall_line_count - 1) * wall_line_width_x)","top_layers > 0 or bottom_layers > 0","Cura/resources/definitions/fdmprinter.def.json","top_bottom > expand_skins_expand_distance","Top/Bottom > Skin Expand Distance","",""
"settings","top_bottom","Top/Bottom","expand_skins_expand_distance","Skin Expand Distance","top_skin_expand_distance","Top Skin Expand Distance","float","mm","1","expand_skins_expand_distance","top_layers > 0 or bottom_layers > 0","Cura/resources/definitions/fdmprinter.def.json","top_bottom > expand_skins_expand_distance > top_skin_expand_distance","Top/Bottom > Skin Expand Distance > Top Skin Expand Distance","",""
"settings","top_bottom","Top/Bottom","expand_skins_expand_distance","Skin Expand Distance","bottom_skin_expand_distance","Bottom Skin Expand Distance","float","mm","1","expand_skins_expand_distance","top_layers > 0 or bottom_layers > 0","Cura/resources/definitions/fdmprinter.def.json","top_bottom > expand_skins_expand_distance > bottom_skin_expand_distance","Top/Bottom > Skin Expand Distance > Bottom Skin Expand Distance","",""
"settings","top_bottom","Top/Bottom","max_skin_angle_for_expansion","Maximum Skin Angle for Expansion","max_skin_angle_for_expansion","Maximum Skin Angle for Expansion","float","°","90","","(top_layers > 0 or bottom_layers > 0) and (top_skin_expand_distance > 0 or bottom_skin_expand_distance > 0)","Cura/resources/definitions/fdmprinter.def.json","top_bottom > max_skin_angle_for_expansion","Top/Bottom > Maximum Skin Angle for Expansion","",""
"settings","top_bottom","Top/Bottom","max_skin_angle_for_expansion","Maximum Skin Angle for Expansion","min_skin_width_for_expansion","Minimum Skin Width for Expansion","float","mm","0","top_layers * layer_height / math.tan(math.radians(max_skin_angle_for_expansion))","(top_layers > 0 or bottom_layers > 0) and (top_skin_expand_distance > 0 or bottom_skin_expand_distance > 0)","Cura/resources/definitions/fdmprinter.def.json","top_bottom > max_skin_angle_for_expansion > min_skin_width_for_expansion","Top/Bottom > Maximum Skin Angle for Expansion > Minimum Skin Width for Expansion","",""
"settings","infill","Infill","","","infill_extruder_nr","Infill Extruder","optional_extruder",,"-1","","extruders_enabled_count > 1","Cura/resources/definitions/fdmprinter.def.json","infill > infill_extruder_nr","Infill > Infill Extruder","",""
"settings","infill","Infill","infill_sparse_density","Infill Density","infill_sparse_density","Infill Density","float","%","20","","","Cura/resources/definitions/fdmprinter.def.json","infill > infill_sparse_density","Infill > Infill Density","",""
"settings","infill","Infill","infill_sparse_density","Infill Density","infill_line_distance","Infill Line Distance","float","mm","2","0 if infill_sparse_density == 0 else (((infill_line_width * 100) / infill_sparse_density) * (((4/3) - (1/3) * (infill_sparse_density / 100.0)) if infill_pattern in ['honeycomb', 'octagon'] else (2 if infill_pattern == 'grid' else (3 if infill_pattern in ['triangles', 'trihexagon', 'cubic', 'cubicsubdiv'] else (2 if infill_pattern in ['tetrahedral', 'quarter_cubic'] else (1 if infill_pattern in ['cross', 'cross_3d'] else (1.6 if infill_pattern == 'lightning' else 1)))))))","","Cura/resources/definitions/fdmprinter.def.json","infill > infill_sparse_density > infill_line_distance","Infill > Infill Density > Infill Line Distance","",""
"settings","infill","Infill","","","infill_pattern","Infill Pattern","enum",,"grid","'lines' if infill_sparse_density > 25 else 'grid'","infill_line_distance > 0","Cura/resources/definitions/fdmprinter.def.json","infill > infill_pattern","Infill > Infill Pattern","",""
"settings","infill","Infill","","","zig_zaggify_infill","Connect Infill Lines","bool",,"False","infill_pattern == 'cross' or infill_pattern == 'cross_3d'","infill_pattern == 'lines' or infill_pattern == 'grid' or infill_pattern == 'triangles' or infill_pattern == 'trihexagon' or infill_pattern == 'cubic' or infill_pattern == 'tetrahedral' or infill_pattern == 'quarter_cubic' or infill_pattern == 'cross' or infill_pattern == 'cross_3d' or infill_pattern == 'gyroid' or infill_pattern == 'honeycomb' or infill_pattern == 'octagon'","Cura/resources/definitions/fdmprinter.def.json","infill > zig_zaggify_infill","Infill > Connect Infill Lines","",""
"settings","infill","Infill","","","connect_infill_polygons","Connect Infill Polygons","bool",,"True","(infill_pattern == 'cross' or infill_pattern == 'cross_3d' or infill_multiplier % 2 == 0) and infill_wall_line_count > 0","infill_pattern != 'lightning' and (infill_pattern == 'cross' or infill_pattern == 'cross_3d' or infill_pattern == 'concentric' or infill_multiplier % 2 == 0 or infill_wall_line_count > 1)","Cura/resources/definitions/fdmprinter.def.json","infill > connect_infill_polygons","Infill > Connect Infill Polygons","",""
"settings","infill","Infill","","","infill_angles","Infill Line Directions","[int]",,"[ ]","[0, 90] if infill_pattern == 'octagon' else [0, 60, 120] if infill_pattern == 'honeycomb' else [0] if infill_pattern == 'gyroid' else [ ]","infill_pattern not in ('concentric', 'cross', 'cross_3d', 'lightning') and infill_sparse_density > 0","Cura/resources/definitions/fdmprinter.def.json","infill > infill_angles","Infill > Infill Line Directions","",""
"settings","infill","Infill","","","infill_offset_x","Infill X Offset","float","mm","0","","infill_pattern != 'lightning' and (infill_pattern == 'grid' or infill_pattern == 'lines' or infill_pattern == 'triangles' or infill_pattern == 'cubic' or infill_pattern == 'tetrahedral' or infill_pattern == 'quarter_cubic' or infill_pattern == 'zigzag')","Cura/resources/definitions/fdmprinter.def.json","infill > infill_offset_x","Infill > Infill X Offset","",""
"settings","infill","Infill","","","infill_offset_y","Infill Y Offset","float","mm","0","","infill_pattern != 'lightning' and (infill_pattern == 'grid' or infill_pattern == 'lines' or infill_pattern == 'triangles' or infill_pattern == 'cubic' or infill_pattern == 'tetrahedral' or infill_pattern == 'quarter_cubic' or infill_pattern == 'zigzag')","Cura/resources/definitions/fdmprinter.def.json","infill > infill_offset_y","Infill > Infill Y Offset","",""
"settings","infill","Infill","","","infill_multiplier","Infill Line Multiplier","int",,"1","","infill_sparse_density > 0 and infill_pattern != 'zigzag' and (gradual_infill_steps == 0 or not zig_zaggify_infill)","Cura/resources/definitions/fdmprinter.def.json","infill > infill_multiplier","Infill > Infill Line Multiplier","",""
"settings","infill","Infill","","","infill_wall_line_count","Extra Infill Wall Count","int",,"0","","infill_sparse_density > 0","Cura/resources/definitions/fdmprinter.def.json","infill > infill_wall_line_count","Infill > Extra Infill Wall Count","",""
"settings","infill","Infill","","","sub_div_rad_add","Cubic Subdivision Shell","float","mm","0.4","wall_line_width_x","infill_sparse_density > 0 and infill_pattern == 'cubicsubdiv'","Cura/resources/definitions/fdmprinter.def.json","infill > sub_div_rad_add","Infill > Cubic Subdivision Shell","",""
"settings","infill","Infill","infill_overlap","Infill Overlap Percentage","infill_overlap","Infill Overlap Percentage","float","%","10","10 if infill_sparse_density < 95 and infill_pattern != 'concentric' else 0","infill_sparse_density > 0 and infill_pattern != 'concentric'","Cura/resources/definitions/fdmprinter.def.json","infill > infill_overlap","Infill > Infill Overlap Percentage","",""
"settings","infill","Infill","infill_overlap","Infill Overlap Percentage","infill_overlap_mm","Infill Overlap","float","mm","0.04","0.5 * (infill_line_width + (wall_line_width_x if wall_line_count > 1 else wall_line_width_0)) * infill_overlap / 100 if infill_sparse_density < 95 and infill_pattern != 'concentric' else 0","infill_sparse_density > 0 and infill_pattern != 'concentric'","Cura/resources/definitions/fdmprinter.def.json","infill > infill_overlap > infill_overlap_mm","Infill > Infill Overlap Percentage > Infill Overlap","",""
"settings","infill","Infill","","","infill_wipe_dist","Infill Wipe Distance","float","mm","0.04","wall_line_width_0 / 4 if wall_line_count == 1 else wall_line_width_x / 4","infill_sparse_density > 0","Cura/resources/definitions/fdmprinter.def.json","infill > infill_wipe_dist","Infill > Infill Wipe Distance","",""
"settings","infill","Infill","","","infill_sparse_thickness","Infill Layer Thickness","float","mm","0.1","resolveOrValue('layer_height')","infill_sparse_density > 0","Cura/resources/definitions/fdmprinter.def.json","infill > infill_sparse_thickness","Infill > Infill Layer Thickness","",""
"settings","infill","Infill","","","gradual_infill_steps","Gradual Infill Steps","int",,"0","","infill_sparse_density > 0 and infill_pattern not in ['cubicsubdiv', 'cross', 'cross_3d', 'lightning']","Cura/resources/definitions/fdmprinter.def.json","infill > gradual_infill_steps","Infill > Gradual Infill Steps","",""
"settings","infill","Infill","","","gradual_infill_step_height","Gradual Infill Step Height","float","mm","1.5","","infill_sparse_density > 0 and gradual_infill_steps > 0 and infill_pattern not in ['cubicsubdiv', 'cross', 'cross_3d', 'lightning']","Cura/resources/definitions/fdmprinter.def.json","infill > gradual_infill_step_height","Infill > Gradual Infill Step Height","",""
"settings","infill","Infill","","","infill_before_walls","Infill Before Walls","bool",,"True","","infill_sparse_density > 0 and wall_x_extruder_nr == infill_extruder_nr","Cura/resources/definitions/fdmprinter.def.json","infill > infill_before_walls","Infill > Infill Before Walls","",""
"settings","infill","Infill","","","min_infill_area","Minimum Infill Area","float","mm²","0","","","Cura/resources/definitions/fdmprinter.def.json","infill > min_infill_area","Infill > Minimum Infill Area","",""
"settings","infill","Infill","","","infill_support_enabled","Infill Support","bool",,"False","","infill_pattern != 'lightning' and infill_sparse_density > 0","Cura/resources/definitions/fdmprinter.def.json","infill > infill_support_enabled","Infill > Infill Support","",""
"settings","infill","Infill","","","infill_support_angle","Infill Overhang Angle","float","°","40","","infill_pattern != 'lightning' and infill_sparse_density > 0 and infill_support_enabled","Cura/resources/definitions/fdmprinter.def.json","infill > infill_support_angle","Infill > Infill Overhang Angle","",""
"settings","infill","Infill","","","skin_support","Infill Skin Support","bool",,"True","infill_sparse_density < 40","infill_sparse_density > 0 and top_layers > 0","Cura/resources/definitions/fdmprinter.def.json","infill > skin_support","Infill > Infill Skin Support","",""
"settings","infill","Infill","","","skin_support_speed","Skin Support Speed","float","mm/s","15","bridge_skin_speed","skin_support","Cura/resources/definitions/fdmprinter.def.json","infill > skin_support_speed","Infill > Skin Support Speed","",""
"settings","infill","Infill","","","skin_support_material_flow","Skin Support Flow","float","%","60","bridge_skin_material_flow","skin_support","Cura/resources/definitions/fdmprinter.def.json","infill > skin_support_material_flow","Infill > Skin Support Flow","",""
"settings","infill","Infill","","","skin_support_density","Skin Support Density","float","%","100","bridge_skin_density","skin_support","Cura/resources/definitions/fdmprinter.def.json","infill > skin_support_density","Infill > Skin Support Density","",""
"settings","infill","Infill","","","skin_support_fan_speed","Skin Support Fan Speed","float","%","100","bridge_fan_speed","skin_support","Cura/resources/definitions/fdmprinter.def.json","infill > skin_support_fan_speed","Infill > Skin Support Fan Speed","",""
"settings","infill","Infill","","","skin_support_interlace_lines","Interlace Skin Support Lines","bool",,"False","bridge_interlace_lines","skin_support","Cura/resources/definitions/fdmprinter.def.json","infill > skin_support_interlace_lines","Infill > Interlace Skin Support Lines","",""
"settings","infill","Infill","lightning_infill_support_angle","Lightning Infill Support Angle","lightning_infill_support_angle","Lightning Infill Support Angle","float","°","40","","infill_pattern == 'lightning'","Cura/resources/definitions/fdmprinter.def.json","infill > lightning_infill_support_angle","Infill > Lightning Infill Support Angle","",""
"settings","infill","Infill","lightning_infill_support_angle","Lightning Infill Support Angle","lightning_infill_overhang_angle","Lightning Infill Overhang Angle","float","°","40","lightning_infill_support_angle","infill_pattern == 'lightning'","Cura/resources/definitions/fdmprinter.def.json","infill > lightning_infill_support_angle > lightning_infill_overhang_angle","Infill > Lightning Infill Support Angle > Lightning Infill Overhang Angle","",""
"settings","infill","Infill","lightning_infill_support_angle","Lightning Infill Support Angle","lightning_infill_prune_angle","Lightning Infill Prune Angle","float","°","40","lightning_infill_support_angle","infill_pattern == 'lightning'","Cura/resources/definitions/fdmprinter.def.json","infill > lightning_infill_support_angle > lightning_infill_prune_angle","Infill > Lightning Infill Support Angle > Lightning Infill Prune Angle","",""
"settings","infill","Infill","lightning_infill_support_angle","Lightning Infill Support Angle","lightning_infill_straightening_angle","Lightning Infill Straightening Angle","float","°","40","lightning_infill_support_angle","infill_pattern == 'lightning'","Cura/resources/definitions/fdmprinter.def.json","infill > lightning_infill_support_angle > lightning_infill_straightening_angle","Infill > Lightning Infill Support Angle > Lightning Infill Straightening Angle","",""
"settings","infill","Infill","infill_move_inwards_length","Infill Start/End Move Inwards Length","infill_move_inwards_length","Infill Start/End Move Inwards Length","float","mm","0","","infill_sparse_density > 0","Cura/resources/definitions/fdmprinter.def.json","infill > infill_move_inwards_length","Infill > Infill Start/End Move Inwards Length","",""
"settings","infill","Infill","infill_move_inwards_length","Infill Start/End Move Inwards Length","infill_start_move_inwards_length","Infill Start Move Inwards Length","float","mm","0","infill_move_inwards_length","infill_sparse_density > 0","Cura/resources/definitions/fdmprinter.def.json","infill > infill_move_inwards_length > infill_start_move_inwards_length","Infill > Infill Start/End Move Inwards Length > Infill Start Move Inwards Length","",""
"settings","infill","Infill","infill_move_inwards_length","Infill Start/End Move Inwards Length","infill_end_move_inwards_length","Infill End Move Inwards Length","float","mm","0","infill_move_inwards_length","infill_sparse_density > 0","Cura/resources/definitions/fdmprinter.def.json","infill > infill_move_inwards_length > infill_end_move_inwards_length","Infill > Infill Start/End Move Inwards Length > Infill End Move Inwards Length","",""
"settings","infill","Infill","","","infill_start_end_preference","Infill Start/End Preference","enum",,"start_closest","","","Cura/resources/definitions/fdmprinter.def.json","infill > infill_start_end_preference","Infill > Infill Start/End Preference","",""
"settings","material","Material","","","default_material_print_temperature","Default Printing Temperature","float","°C","210","","False","Cura/resources/definitions/fdmprinter.def.json","material > default_material_print_temperature","Material > Default Printing Temperature","",""
"settings","material","Material","","","build_volume_temperature","Build Volume Temperature","float","°C","0","","machine_heated_build_volume","Cura/resources/definitions/fdmprinter.def.json","material > build_volume_temperature","Material > Build Volume Temperature","",""
"settings","material","Material","","","material_print_temperature","Printing Temperature","float","°C","210","default_material_print_temperature","machine_nozzle_temp_enabled","Cura/resources/definitions/fdmprinter.def.json","material > material_print_temperature","Material > Printing Temperature","",""
"settings","material","Material","","","material_print_temperature_layer_0","Printing Temperature Initial Layer","float","°C","215","material_print_temperature","machine_nozzle_temp_enabled","Cura/resources/definitions/fdmprinter.def.json","material > material_print_temperature_layer_0","Material > Printing Temperature Initial Layer","",""
"settings","material","Material","","","material_initial_print_temperature","Initial Printing Temperature","float","°C","200","max(-273.15, material_print_temperature - 10)","machine_nozzle_temp_enabled and not machine_extruders_share_heater","Cura/resources/definitions/fdmprinter.def.json","material > material_initial_print_temperature","Material > Initial Printing Temperature","",""
"settings","material","Material","","","material_final_print_temperature","Final Printing Temperature","float","°C","195","max(-273.15, material_print_temperature - 15)","machine_nozzle_temp_enabled and not machine_extruders_share_heater","Cura/resources/definitions/fdmprinter.def.json","material > material_final_print_temperature","Material > Final Printing Temperature","",""
"settings","material","Material","","","material_extrusion_cool_down_speed","Extrusion Cool Down Speed Modifier","float","°C/s","0.7","","extruders_enabled_count > 1 and material_final_print_temperature != material_print_temperature","Cura/resources/definitions/fdmprinter.def.json","material > material_extrusion_cool_down_speed","Material > Extrusion Cool Down Speed Modifier","",""
"settings","material","Material","","","default_material_bed_temperature","Default Build Plate Temperature","float","°C","60","","False","Cura/resources/definitions/fdmprinter.def.json","material > default_material_bed_temperature","Material > Default Build Plate Temperature","",""
"settings","material","Material","","","material_bed_temperature","Build Plate Temperature","float","°C","60","default_material_bed_temperature","machine_heated_bed and machine_gcode_flavor != ""UltiGCode""","Cura/resources/definitions/fdmprinter.def.json","material > material_bed_temperature","Material > Build Plate Temperature","",""
"settings","material","Material","","","material_bed_temperature_layer_0","Build Plate Temperature Initial Layer","float","°C","60","resolveOrValue('material_bed_temperature')","machine_heated_bed and machine_gcode_flavor != ""UltiGCode""","Cura/resources/definitions/fdmprinter.def.json","material > material_bed_temperature_layer_0","Material > Build Plate Temperature Initial Layer","",""
"settings","material","Material","","","material_adhesion_tendency","Adhesion Tendency","int",,"10","","False","Cura/resources/definitions/fdmprinter.def.json","material > material_adhesion_tendency","Material > Adhesion Tendency","",""
"settings","material","Material","","","material_surface_energy","Surface Energy","int","%","100","","False","Cura/resources/definitions/fdmprinter.def.json","material > material_surface_energy","Material > Surface Energy","",""
"settings","material","Material","material_shrinkage_percentage","Scaling Factor Shrinkage Compensation","material_shrinkage_percentage","Scaling Factor Shrinkage Compensation","float","%","100.0","","True","Cura/resources/definitions/fdmprinter.def.json","material > material_shrinkage_percentage","Material > Scaling Factor Shrinkage Compensation","",""
"settings","material","Material","material_shrinkage_percentage","Scaling Factor Shrinkage Compensation","material_shrinkage_percentage_xy","Horizontal Scaling Factor Shrinkage Compensation","float","%","100.0","material_shrinkage_percentage","True","Cura/resources/definitions/fdmprinter.def.json","material > material_shrinkage_percentage > material_shrinkage_percentage_xy","Material > Scaling Factor Shrinkage Compensation > Horizontal Scaling Factor Shrinkage Compensation","",""
"settings","material","Material","material_shrinkage_percentage","Scaling Factor Shrinkage Compensation","material_shrinkage_percentage_z","Vertical Scaling Factor Shrinkage Compensation","float","%","100.0","material_shrinkage_percentage","True","Cura/resources/definitions/fdmprinter.def.json","material > material_shrinkage_percentage > material_shrinkage_percentage_z","Material > Scaling Factor Shrinkage Compensation > Vertical Scaling Factor Shrinkage Compensation","",""
"settings","material","Material","","","material_crystallinity","Crystalline Material","bool",,"False","","False","Cura/resources/definitions/fdmprinter.def.json","material > material_crystallinity","Material > Crystalline Material","",""
"settings","material","Material","","","material_anti_ooze_retracted_position","Anti-ooze Retracted Position","float","mm","-4","","False","Cura/resources/definitions/fdmprinter.def.json","material > material_anti_ooze_retracted_position","Material > Anti-ooze Retracted Position","",""
"settings","material","Material","","","material_anti_ooze_retraction_speed","Anti-ooze Retraction Speed","float","mm/s","5","","False","Cura/resources/definitions/fdmprinter.def.json","material > material_anti_ooze_retraction_speed","Material > Anti-ooze Retraction Speed","",""
"settings","material","Material","","","material_break_preparation_retracted_position","Break Preparation Retracted Position","float","mm","-16","","False","Cura/resources/definitions/fdmprinter.def.json","material > material_break_preparation_retracted_position","Material > Break Preparation Retracted Position","",""
"settings","material","Material","","","material_break_preparation_speed","Break Preparation Retraction Speed","float","mm/s","2","","False","Cura/resources/definitions/fdmprinter.def.json","material > material_break_preparation_speed","Material > Break Preparation Retraction Speed","",""
"settings","material","Material","","","material_break_preparation_temperature","Break Preparation Temperature","float","°C","50","material_print_temperature","False","Cura/resources/definitions/fdmprinter.def.json","material > material_break_preparation_temperature","Material > Break Preparation Temperature","",""
"settings","material","Material","","","material_break_retracted_position","Break Retracted Position","float","mm","-50","","False","Cura/resources/definitions/fdmprinter.def.json","material > material_break_retracted_position","Material > Break Retracted Position","",""
"settings","material","Material","","","material_break_speed","Break Retraction Speed","float","mm/s","25","","False","Cura/resources/definitions/fdmprinter.def.json","material > material_break_speed","Material > Break Retraction Speed","",""
"settings","material","Material","","","material_break_temperature","Break Temperature","float","°C","50","","False","Cura/resources/definitions/fdmprinter.def.json","material > material_break_temperature","Material > Break Temperature","",""
"settings","material","Material","","","material_flush_purge_speed","Flush Purge Speed","float",,"0.5","","False","Cura/resources/definitions/fdmprinter.def.json","material > material_flush_purge_speed","Material > Flush Purge Speed","",""
"settings","material","Material","","","material_flush_purge_length","Flush Purge Length","float",,"60","","False","Cura/resources/definitions/fdmprinter.def.json","material > material_flush_purge_length","Material > Flush Purge Length","",""
"settings","material","Material","","","material_end_of_filament_purge_speed","End of Filament Purge Speed","float",,"0.5","","False","Cura/resources/definitions/fdmprinter.def.json","material > material_end_of_filament_purge_speed","Material > End of Filament Purge Speed","",""
"settings","material","Material","","","material_end_of_filament_purge_length","End of Filament Purge Length","float",,"20","","False","Cura/resources/definitions/fdmprinter.def.json","material > material_end_of_filament_purge_length","Material > End of Filament Purge Length","",""
"settings","material","Material","","","material_maximum_park_duration","Maximum Park Duration","float",,"300","","False","Cura/resources/definitions/fdmprinter.def.json","material > material_maximum_park_duration","Material > Maximum Park Duration","",""
"settings","material","Material","","","material_no_load_move_factor","No Load Move Factor","float",,"0.940860215","","False","Cura/resources/definitions/fdmprinter.def.json","material > material_no_load_move_factor","Material > No Load Move Factor","",""
"settings","material","Material","material_flow","Flow","material_flow","Flow","float","%","100","","machine_gcode_flavor != ""UltiGCode""","Cura/resources/definitions/fdmprinter.def.json","material > material_flow","Material > Flow","",""
"settings","material","Material","material_flow","Flow","wall_material_flow","Wall Flow","float","%","100","material_flow","","Cura/resources/definitions/fdmprinter.def.json","material > material_flow > wall_material_flow","Material > Flow > Wall Flow","",""
"settings","material","Material","material_flow","Flow","wall_0_material_flow","Outer Wall Flow","float","%","100","wall_material_flow","","Cura/resources/definitions/fdmprinter.def.json","material > material_flow > wall_material_flow > wall_0_material_flow","Material > Flow > Wall Flow > Outer Wall Flow","",""
"settings","material","Material","material_flow","Flow","wall_x_material_flow","Inner Wall(s) Flow","float","%","100","wall_material_flow","","Cura/resources/definitions/fdmprinter.def.json","material > material_flow > wall_material_flow > wall_x_material_flow","Material > Flow > Wall Flow > Inner Wall(s) Flow","",""
"settings","material","Material","material_flow","Flow","wall_0_material_flow_roofing","Top Surface Outer Wall Flow","float","%","100","wall_0_material_flow","roofing_layer_count > 0 and top_layers > 0","Cura/resources/definitions/fdmprinter.def.json","material > material_flow > wall_material_flow > wall_0_material_flow_roofing","Material > Flow > Wall Flow > Top Surface Outer Wall Flow","",""
"settings","material","Material","material_flow","Flow","wall_x_material_flow_roofing","Top Surface Inner Wall(s) Flow","float","%","100","wall_x_material_flow","roofing_layer_count > 0 and top_layers > 0","Cura/resources/definitions/fdmprinter.def.json","material > material_flow > wall_material_flow > wall_x_material_flow_roofing","Material > Flow > Wall Flow > Top Surface Inner Wall(s) Flow","",""
"settings","material","Material","material_flow","Flow","wall_0_material_flow_flooring","Bottom Surface Outer Wall Flow","float","%","100","wall_0_material_flow","flooring_layer_count > 0 and bottom_layers > 0","Cura/resources/definitions/fdmprinter.def.json","material > material_flow > wall_material_flow > wall_0_material_flow_flooring","Material > Flow > Wall Flow > Bottom Surface Outer Wall Flow","",""
"settings","material","Material","material_flow","Flow","wall_x_material_flow_flooring","Bottom Surface Inner Wall(s) Flow","float","%","100","wall_x_material_flow","flooring_layer_count > 0 and bottom_layers > 0","Cura/resources/definitions/fdmprinter.def.json","material > material_flow > wall_material_flow > wall_x_material_flow_flooring","Material > Flow > Wall Flow > Bottom Surface Inner Wall(s) Flow","",""
"settings","material","Material","material_flow","Flow","skin_material_flow","Top/Bottom Flow","float","%","100","material_flow","top_layers > 0 or bottom_layers > 0","Cura/resources/definitions/fdmprinter.def.json","material > material_flow > skin_material_flow","Material > Flow > Top/Bottom Flow","",""
"settings","material","Material","material_flow","Flow","roofing_material_flow","Top Surface Skin Flow","float","%","100","skin_material_flow","roofing_layer_count > 0 and top_layers > 0","Cura/resources/definitions/fdmprinter.def.json","material > material_flow > roofing_material_flow","Material > Flow > Top Surface Skin Flow","",""
"settings","material","Material","material_flow","Flow","flooring_material_flow","Bottom Surface Skin Flow","float","%","100","skin_material_flow","flooring_layer_count > 0 and bottom_layers > 0","Cura/resources/definitions/fdmprinter.def.json","material > material_flow > flooring_material_flow","Material > Flow > Bottom Surface Skin Flow","",""
"settings","material","Material","material_flow","Flow","infill_material_flow","Infill Flow","float","%","100","material_flow","infill_sparse_density > 0","Cura/resources/definitions/fdmprinter.def.json","material > material_flow > infill_material_flow","Material > Flow > Infill Flow","",""
"settings","material","Material","material_flow","Flow","skirt_brim_material_flow","Skirt/Brim Flow","float","%","100","material_flow","resolveOrValue('adhesion_type') == 'skirt' or resolveOrValue('adhesion_type') == 'brim' or resolveOrValue('draft_shield_enabled') or resolveOrValue('ooze_shield_enabled')","Cura/resources/definitions/fdmprinter.def.json","material > material_flow > skirt_brim_material_flow","Material > Flow > Skirt/Brim Flow","",""
"settings","material","Material","material_flow","Flow","support_material_flow","Support Flow","float","%","100","material_flow","support_enable or support_meshes_present","Cura/resources/definitions/fdmprinter.def.json","material > material_flow > support_material_flow","Material > Flow > Support Flow","",""
"settings","material","Material","material_flow","Flow","support_interface_material_flow","Support Interface Flow","float","%","100","material_flow","(support_enable or support_meshes_present) and support_interface_enable","Cura/resources/definitions/fdmprinter.def.json","material > material_flow > support_interface_material_flow","Material > Flow > Support Interface Flow","",""
"settings","material","Material","material_flow","Flow","support_roof_material_flow","Support Roof Flow","float","%","100","extruderValue(support_roof_extruder_nr, 'support_interface_material_flow')","(support_enable or support_meshes_present) and support_roof_enable","Cura/resources/definitions/fdmprinter.def.json","material > material_flow > support_interface_material_flow > support_roof_material_flow","Material > Flow > Support Interface Flow > Support Roof Flow","",""
"settings","material","Material","material_flow","Flow","support_bottom_material_flow","Support Floor Flow","float","%","100","extruderValue(support_bottom_extruder_nr, 'support_interface_material_flow')","(support_enable or support_meshes_present) and support_bottom_enable","Cura/resources/definitions/fdmprinter.def.json","material > material_flow > support_interface_material_flow > support_bottom_material_flow","Material > Flow > Support Interface Flow > Support Floor Flow","",""
"settings","material","Material","material_flow","Flow","prime_tower_flow","Prime Tower Flow","float","%","100","material_flow","","Cura/resources/definitions/fdmprinter.def.json","material > material_flow > prime_tower_flow","Material > Flow > Prime Tower Flow","",""
"settings","material","Material","","","material_flow_layer_0","Initial Layer Flow","float","%","100","","","Cura/resources/definitions/fdmprinter.def.json","material > material_flow_layer_0","Material > Initial Layer Flow","",""
"settings","material","Material","","","wall_x_material_flow_layer_0","Initial Layer Inner Wall Flow","float","%","100","material_flow_layer_0","","Cura/resources/definitions/fdmprinter.def.json","material > wall_x_material_flow_layer_0","Material > Initial Layer Inner Wall Flow","",""
"settings","material","Material","","","wall_0_material_flow_layer_0","Initial Layer Outer Wall Flow","float","%","100","material_flow_layer_0","","Cura/resources/definitions/fdmprinter.def.json","material > wall_0_material_flow_layer_0","Material > Initial Layer Outer Wall Flow","",""
"settings","material","Material","","","skin_material_flow_layer_0","Initial Layer Bottom Flow","float","%","100","material_flow_layer_0","bottom_layers > 0","Cura/resources/definitions/fdmprinter.def.json","material > skin_material_flow_layer_0","Material > Initial Layer Bottom Flow","",""
"settings","material","Material","","","material_standby_temperature","Standby Temperature","float","°C","150","","extruders_enabled_count > 1 and machine_nozzle_temp_enabled","Cura/resources/definitions/fdmprinter.def.json","material > material_standby_temperature","Material > Standby Temperature","",""
"settings","material","Material","","","material_is_support_material","Is support material","bool",,"False","","False","Cura/resources/definitions/fdmprinter.def.json","material > material_is_support_material","Material > Is support material","",""
"settings","material","Material","","","gradual_flow_enabled","Gradual flow enabled","bool",,"False","","","Cura/resources/definitions/fdmprinter.def.json","material > gradual_flow_enabled","Material > Gradual flow enabled","",""
"settings","material","Material","","","max_flow_acceleration","Gradual flow max acceleration","float","mm³/s²","1","","gradual_flow_enabled","Cura/resources/definitions/fdmprinter.def.json","material > max_flow_acceleration","Material > Gradual flow max acceleration","",""
"settings","material","Material","","","layer_0_max_flow_acceleration","Initial layer max flow acceleration","float","mm³/s²","1","max_flow_acceleration","gradual_flow_enabled","Cura/resources/definitions/fdmprinter.def.json","material > layer_0_max_flow_acceleration","Material > Initial layer max flow acceleration","",""
"settings","material","Material","","","gradual_flow_discretisation_step_size","Gradual flow discretisation step size","float","s","0.2","","gradual_flow_enabled","Cura/resources/definitions/fdmprinter.def.json","material > gradual_flow_discretisation_step_size","Material > Gradual flow discretisation step size","",""
"settings","material","Material","","","material_pressure_advance_factor","Pressure advance factor","float",,"0.05","","False","Cura/resources/definitions/fdmprinter.def.json","material > material_pressure_advance_factor","Material > Pressure advance factor","",""
"settings","material","Material","","","material_max_flowrate","Material Maximum Flow Rate","float","mm³/s","16","16","False","Cura/resources/definitions/fdmprinter.def.json","material > material_max_flowrate","Material > Material Maximum Flow Rate","",""
"settings","speed","Speed","speed_print","Print Speed","speed_print","Print Speed","float","mm/s","60","","","Cura/resources/definitions/fdmprinter.def.json","speed > speed_print","Speed > Print Speed","",""
"settings","speed","Speed","speed_print","Print Speed","speed_infill","Infill Speed","float","mm/s","60","speed_print","infill_sparse_density > 0","Cura/resources/definitions/fdmprinter.def.json","speed > speed_print > speed_infill","Speed > Print Speed > Infill Speed","",""
"settings","speed","Speed","speed_print","Print Speed","speed_wall","Wall Speed","float","mm/s","30","speed_print / 2","","Cura/resources/definitions/fdmprinter.def.json","speed > speed_print > speed_wall","Speed > Print Speed > Wall Speed","",""
"settings","speed","Speed","speed_print","Print Speed","speed_wall_0","Outer Wall Speed","float","mm/s","30","speed_wall","","Cura/resources/definitions/fdmprinter.def.json","speed > speed_print > speed_wall > speed_wall_0","Speed > Print Speed > Wall Speed > Outer Wall Speed","",""
"settings","speed","Speed","speed_print","Print Speed","speed_wall_x","Inner Wall Speed","float","mm/s","60","speed_wall * 2","","Cura/resources/definitions/fdmprinter.def.json","speed > speed_print > speed_wall > speed_wall_x","Speed > Print Speed > Wall Speed > Inner Wall Speed","",""
"settings","speed","Speed","speed_print","Print Speed","speed_wall_0_roofing","Top Surface Outer Wall Speed","float","mm/s","30","speed_wall_0","roofing_layer_count > 0 and top_layers > 0","Cura/resources/definitions/fdmprinter.def.json","speed > speed_print > speed_wall > speed_wall_0_roofing","Speed > Print Speed > Wall Speed > Top Surface Outer Wall Speed","",""
"settings","speed","Speed","speed_print","Print Speed","speed_wall_x_roofing","Top Surface Inner Wall Speed","float","mm/s","60","speed_wall_x","roofing_layer_count > 0 and top_layers > 0","Cura/resources/definitions/fdmprinter.def.json","speed > speed_print > speed_wall > speed_wall_x_roofing","Speed > Print Speed > Wall Speed > Top Surface Inner Wall Speed","",""
"settings","speed","Speed","speed_print","Print Speed","speed_wall_0_flooring","Bottom Surface Outer Wall Speed","float","mm/s","30","speed_wall_0","flooring_layer_count > 0 and bottom_layers > 0","Cura/resources/definitions/fdmprinter.def.json","speed > speed_print > speed_wall > speed_wall_0_flooring","Speed > Print Speed > Wall Speed > Bottom Surface Outer Wall Speed","",""
"settings","speed","Speed","speed_print","Print Speed","speed_wall_x_flooring","Bottom Surface Inner Wall Speed","float","mm/s","60","speed_wall_x","flooring_layer_count > 0 and bottom_layers > 0","Cura/resources/definitions/fdmprinter.def.json","speed > speed_print > speed_wall > speed_wall_x_flooring","Speed > Print Speed > Wall Speed > Bottom Surface Inner Wall Speed","",""
"settings","speed","Speed","speed_print","Print Speed","speed_roofing","Top Surface Skin Speed","float","mm/s","25","speed_topbottom","roofing_layer_count > 0 and top_layers > 0","Cura/resources/definitions/fdmprinter.def.json","speed > speed_print > speed_roofing","Speed > Print Speed > Top Surface Skin Speed","",""
"settings","speed","Speed","speed_print","Print Speed","speed_flooring","Bottom Surface Skin Speed","float","mm/s","25","speed_topbottom","flooring_layer_count > 0 and bottom_layers > 0","Cura/resources/definitions/fdmprinter.def.json","speed > speed_print > speed_flooring","Speed > Print Speed > Bottom Surface Skin Speed","",""
"settings","speed","Speed","speed_print","Print Speed","speed_topbottom","Top/Bottom Speed","float","mm/s","30","speed_print / 2","top_layers > 0 or bottom_layers > 0","Cura/resources/definitions/fdmprinter.def.json","speed > speed_print > speed_topbottom","Speed > Print Speed > Top/Bottom Speed","",""
"settings","speed","Speed","speed_print","Print Speed","speed_support","Support Speed","float","mm/s","60","speed_print","support_enable or support_meshes_present","Cura/resources/definitions/fdmprinter.def.json","speed > speed_print > speed_support","Speed > Print Speed > Support Speed","",""
"settings","speed","Speed","speed_print","Print Speed","speed_support_infill","Support Infill Speed","float","mm/s","60","speed_support","support_enable or support_meshes_present","Cura/resources/definitions/fdmprinter.def.json","speed > speed_print > speed_support > speed_support_infill","Speed > Print Speed > Support Speed > Support Infill Speed","",""
"settings","speed","Speed","speed_print","Print Speed","speed_support_interface","Support Interface Speed","float","mm/s","40","speed_support / 1.5","support_interface_enable and (support_enable or support_meshes_present)","Cura/resources/definitions/fdmprinter.def.json","speed > speed_print > speed_support > speed_support_interface","Speed > Print Speed > Support Speed > Support Interface Speed","",""
"settings","speed","Speed","speed_print","Print Speed","speed_support_roof","Support Roof Speed","float","mm/s","40","extruderValue(support_roof_extruder_nr, 'speed_support_interface')","support_roof_enable and (support_enable or support_meshes_present)","Cura/resources/definitions/fdmprinter.def.json","speed > speed_print > speed_support > speed_support_interface > speed_support_roof","Speed > Print Speed > Support Speed > Support Interface Speed > Support Roof Speed","",""
"settings","speed","Speed","speed_print","Print Speed","speed_support_bottom","Support Floor Speed","float","mm/s","40","extruderValue(support_bottom_extruder_nr, 'speed_support_interface')","support_bottom_enable and (support_enable or support_meshes_present)","Cura/resources/definitions/fdmprinter.def.json","speed > speed_print > speed_support > speed_support_interface > speed_support_bottom","Speed > Print Speed > Support Speed > Support Interface Speed > Support Floor Speed","",""
"settings","speed","Speed","speed_print","Print Speed","speed_prime_tower","Prime Tower Speed","float","mm/s","60","speed_print","prime_tower_enable","Cura/resources/definitions/fdmprinter.def.json","speed > speed_print > speed_prime_tower","Speed > Print Speed > Prime Tower Speed","",""
"settings","speed","Speed","","","speed_travel","Travel Speed","float","mm/s","120","speed_print if magic_spiralize else 120","","Cura/resources/definitions/fdmprinter.def.json","speed > speed_travel","Speed > Travel Speed","",""
"settings","speed","Speed","speed_layer_0","Initial Layer Speed","speed_layer_0","Initial Layer Speed","float","mm/s","30","speed_print * 30 / 60","speed_slowdown_layers > 0","Cura/resources/definitions/fdmprinter.def.json","speed > speed_layer_0","Speed > Initial Layer Speed","",""
"settings","speed","Speed","speed_layer_0","Initial Layer Speed","speed_print_layer_0","Initial Layer Print Speed","float","mm/s","30","speed_layer_0","speed_slowdown_layers > 0","Cura/resources/definitions/fdmprinter.def.json","speed > speed_layer_0 > speed_print_layer_0","Speed > Initial Layer Speed > Initial Layer Print Speed","",""
"settings","speed","Speed","speed_layer_0","Initial Layer Speed","speed_travel_layer_0","Initial Layer Travel Speed","float","mm/s","60","speed_layer_0 * speed_travel / speed_print","speed_slowdown_layers > 0","Cura/resources/definitions/fdmprinter.def.json","speed > speed_layer_0 > speed_travel_layer_0","Speed > Initial Layer Speed > Initial Layer Travel Speed","",""
"settings","speed","Speed","","","skirt_brim_speed","Skirt/Brim Speed","float","mm/s","30","speed_layer_0","resolveOrValue('adhesion_type') == 'skirt' or resolveOrValue('adhesion_type') == 'brim' or resolveOrValue('draft_shield_enabled') or resolveOrValue('ooze_shield_enabled')","Cura/resources/definitions/fdmprinter.def.json","speed > skirt_brim_speed","Speed > Skirt/Brim Speed","",""
"settings","speed","Speed","","","speed_z_hop","Z Hop Speed","float","mm/s","10","","","Cura/resources/definitions/fdmprinter.def.json","speed > speed_z_hop","Speed > Z Hop Speed","",""
"settings","speed","Speed","","","speed_slowdown_layers","Number of Slower Layers","int",,"2","","","Cura/resources/definitions/fdmprinter.def.json","speed > speed_slowdown_layers","Speed > Number of Slower Layers","",""
"settings","speed","Speed","","","speed_equalize_flow_width_factor","Flow Equalization Ratio","float","%","100.0","","","Cura/resources/definitions/fdmprinter.def.json","speed > speed_equalize_flow_width_factor","Speed > Flow Equalization Ratio","",""
"settings","speed","Speed","","","acceleration_enabled","Enable Acceleration Control","bool",,"False","","","Cura/resources/definitions/fdmprinter.def.json","speed > acceleration_enabled","Speed > Enable Acceleration Control","",""
"settings","speed","Speed","","","acceleration_travel_enabled","Enable Travel Acceleration","bool",,"True","","acceleration_enabled","Cura/resources/definitions/fdmprinter.def.json","speed > acceleration_travel_enabled","Speed > Enable Travel Acceleration","",""
"settings","speed","Speed","acceleration_print","Print Acceleration","acceleration_print","Print Acceleration","float","mm/s²","3000","","resolveOrValue('acceleration_enabled')","Cura/resources/definitions/fdmprinter.def.json","speed > acceleration_print","Speed > Print Acceleration","",""
"settings","speed","Speed","acceleration_print","Print Acceleration","acceleration_infill","Infill Acceleration","float","mm/s²","3000","acceleration_print","resolveOrValue('acceleration_enabled') and infill_sparse_density > 0","Cura/resources/definitions/fdmprinter.def.json","speed > acceleration_print > acceleration_infill","Speed > Print Acceleration > Infill Acceleration","",""
"settings","speed","Speed","acceleration_print","Print Acceleration","acceleration_wall","Wall Acceleration","float","mm/s²","3000","acceleration_print","resolveOrValue('acceleration_enabled')","Cura/resources/definitions/fdmprinter.def.json","speed > acceleration_print > acceleration_wall","Speed > Print Acceleration > Wall Acceleration","",""
"settings","speed","Speed","acceleration_print","Print Acceleration","acceleration_wall_0","Outer Wall Acceleration","float","mm/s²","3000","acceleration_wall","resolveOrValue('acceleration_enabled')","Cura/resources/definitions/fdmprinter.def.json","speed > acceleration_print > acceleration_wall > acceleration_wall_0","Speed > Print Acceleration > Wall Acceleration > Outer Wall Acceleration","",""
"settings","speed","Speed","acceleration_print","Print Acceleration","acceleration_wall_x","Inner Wall Acceleration","float","mm/s²","3000","acceleration_wall","resolveOrValue('acceleration_enabled')","Cura/resources/definitions/fdmprinter.def.json","speed > acceleration_print > acceleration_wall > acceleration_wall_x","Speed > Print Acceleration > Wall Acceleration > Inner Wall Acceleration","",""
"settings","speed","Speed","acceleration_print","Print Acceleration","acceleration_wall_0_roofing","Top Surface Outer Wall Acceleration","float","mm/s²","3000","acceleration_wall_0","resolveOrValue('acceleration_enabled') and roofing_layer_count > 0 and top_layers > 0","Cura/resources/definitions/fdmprinter.def.json","speed > acceleration_print > acceleration_wall > acceleration_wall_0_roofing","Speed > Print Acceleration > Wall Acceleration > Top Surface Outer Wall Acceleration","",""
"settings","speed","Speed","acceleration_print","Print Acceleration","acceleration_wall_x_roofing","Top Surface Inner Wall Acceleration","float","mm/s²","3000","acceleration_wall_x","resolveOrValue('acceleration_enabled') and roofing_layer_count > 0 and top_layers > 0","Cura/resources/definitions/fdmprinter.def.json","speed > acceleration_print > acceleration_wall > acceleration_wall_x_roofing","Speed > Print Acceleration > Wall Acceleration > Top Surface Inner Wall Acceleration","",""
"settings","speed","Speed","acceleration_print","Print Acceleration","acceleration_wall_0_flooring","Bottom Surface Outer Wall Acceleration","float","mm/s²","3000","acceleration_wall_0","resolveOrValue('acceleration_enabled') and flooring_layer_count > 0 and bottom_layers > 0","Cura/resources/definitions/fdmprinter.def.json","speed > acceleration_print > acceleration_wall > acceleration_wall_0_flooring","Speed > Print Acceleration > Wall Acceleration > Bottom Surface Outer Wall Acceleration","",""
"settings","speed","Speed","acceleration_print","Print Acceleration","acceleration_wall_x_flooring","Bottom Surface Inner Wall Acceleration","float","mm/s²","3000","acceleration_wall_x","resolveOrValue('acceleration_enabled') and flooring_layer_count > 0 and bottom_layers > 0","Cura/resources/definitions/fdmprinter.def.json","speed > acceleration_print > acceleration_wall > acceleration_wall_x_flooring","Speed > Print Acceleration > Wall Acceleration > Bottom Surface Inner Wall Acceleration","",""
"settings","speed","Speed","acceleration_print","Print Acceleration","acceleration_roofing","Top Surface Skin Acceleration","float","mm/s²","3000","acceleration_topbottom","resolveOrValue('acceleration_enabled') and roofing_layer_count > 0 and top_layers > 0","Cura/resources/definitions/fdmprinter.def.json","speed > acceleration_print > acceleration_roofing","Speed > Print Acceleration > Top Surface Skin Acceleration","",""
"settings","speed","Speed","acceleration_print","Print Acceleration","acceleration_flooring","Bottom Surface Skin Acceleration","float","mm/s²","3000","acceleration_topbottom","resolveOrValue('acceleration_enabled') and flooring_layer_count > 0 and bottom_layers > 0","Cura/resources/definitions/fdmprinter.def.json","speed > acceleration_print > acceleration_flooring","Speed > Print Acceleration > Bottom Surface Skin Acceleration","",""
"settings","speed","Speed","acceleration_print","Print Acceleration","acceleration_topbottom","Top/Bottom Acceleration","float","mm/s²","3000","acceleration_print","resolveOrValue('acceleration_enabled')","Cura/resources/definitions/fdmprinter.def.json","speed > acceleration_print > acceleration_topbottom","Speed > Print Acceleration > Top/Bottom Acceleration","",""
"settings","speed","Speed","acceleration_print","Print Acceleration","acceleration_support","Support Acceleration","float","mm/s²","3000","acceleration_print","resolveOrValue('acceleration_enabled') and (support_enable or support_meshes_present)","Cura/resources/definitions/fdmprinter.def.json","speed > acceleration_print > acceleration_support","Speed > Print Acceleration > Support Acceleration","",""
"settings","speed","Speed","acceleration_print","Print Acceleration","acceleration_support_infill","Support Infill Acceleration","float","mm/s²","3000","acceleration_support","resolveOrValue('acceleration_enabled') and (support_enable or support_meshes_present)","Cura/resources/definitions/fdmprinter.def.json","speed > acceleration_print > acceleration_support > acceleration_support_infill","Speed > Print Acceleration > Support Acceleration > Support Infill Acceleration","",""
"settings","speed","Speed","acceleration_print","Print Acceleration","acceleration_support_interface","Support Interface Acceleration","float","mm/s²","3000","acceleration_support","resolveOrValue('acceleration_enabled') and support_interface_enable and (support_enable or support_meshes_present)","Cura/resources/definitions/fdmprinter.def.json","speed > acceleration_print > acceleration_support > acceleration_support_interface","Speed > Print Acceleration > Support Acceleration > Support Interface Acceleration","",""
"settings","speed","Speed","acceleration_print","Print Acceleration","acceleration_support_roof","Support Roof Acceleration","float","mm/s²","3000","extruderValue(support_roof_extruder_nr, 'acceleration_support_interface')","acceleration_enabled and support_roof_enable and (support_enable or support_meshes_present)","Cura/resources/definitions/fdmprinter.def.json","speed > acceleration_print > acceleration_support > acceleration_support_interface > acceleration_support_roof","Speed > Print Acceleration > Support Acceleration > Support Interface Acceleration > Support Roof Acceleration","",""
"settings","speed","Speed","acceleration_print","Print Acceleration","acceleration_support_bottom","Support Floor Acceleration","float","mm/s²","3000","extruderValue(support_bottom_extruder_nr, 'acceleration_support_interface')","acceleration_enabled and support_bottom_enable and (support_enable or support_meshes_present)","Cura/resources/definitions/fdmprinter.def.json","speed > acceleration_print > acceleration_support > acceleration_support_interface > acceleration_support_bottom","Speed > Print Acceleration > Support Acceleration > Support Interface Acceleration > Support Floor Acceleration","",""
"settings","speed","Speed","acceleration_print","Print Acceleration","acceleration_prime_tower","Prime Tower Acceleration","float","mm/s²","3000","acceleration_print","prime_tower_enable and resolveOrValue('acceleration_enabled')","Cura/resources/definitions/fdmprinter.def.json","speed > acceleration_print > acceleration_prime_tower","Speed > Print Acceleration > Prime Tower Acceleration","",""
"settings","speed","Speed","","","acceleration_travel","Travel Acceleration","float","mm/s²","5000","acceleration_print if magic_spiralize else 5000","resolveOrValue('acceleration_enabled') and resolveOrValue('acceleration_travel_enabled')","Cura/resources/definitions/fdmprinter.def.json","speed > acceleration_travel","Speed > Travel Acceleration","",""
"settings","speed","Speed","acceleration_layer_0","Initial Layer Acceleration","acceleration_layer_0","Initial Layer Acceleration","float","mm/s²","3000","acceleration_print","resolveOrValue('acceleration_enabled')","Cura/resources/definitions/fdmprinter.def.json","speed > acceleration_layer_0","Speed > Initial Layer Acceleration","",""
"settings","speed","Speed","acceleration_layer_0","Initial Layer Acceleration","acceleration_print_layer_0","Initial Layer Print Acceleration","float","mm/s²","3000","acceleration_layer_0","resolveOrValue('acceleration_enabled')","Cura/resources/definitions/fdmprinter.def.json","speed > acceleration_layer_0 > acceleration_print_layer_0","Speed > Initial Layer Acceleration > Initial Layer Print Acceleration","",""
"settings","speed","Speed","acceleration_layer_0","Initial Layer Acceleration","acceleration_travel_layer_0","Initial Layer Travel Acceleration","float","mm/s²","3000","acceleration_layer_0 * acceleration_travel / acceleration_print","resolveOrValue('acceleration_enabled') and resolveOrValue('acceleration_travel_enabled')","Cura/resources/definitions/fdmprinter.def.json","speed > acceleration_layer_0 > acceleration_travel_layer_0","Speed > Initial Layer Acceleration > Initial Layer Travel Acceleration","",""
"settings","speed","Speed","","","acceleration_skirt_brim","Skirt/Brim Acceleration","float","mm/s²","3000","acceleration_layer_0","resolveOrValue('acceleration_enabled') and (resolveOrValue('adhesion_type') == 'skirt' or resolveOrValue('adhesion_type') == 'brim' or resolveOrValue('draft_shield_enabled') or resolveOrValue('ooze_shield_enabled'))","Cura/resources/definitions/fdmprinter.def.json","speed > acceleration_skirt_brim","Speed > Skirt/Brim Acceleration","",""
"settings","speed","Speed","","","jerk_enabled","Enable Jerk Control","bool",,"False","","","Cura/resources/definitions/fdmprinter.def.json","speed > jerk_enabled","Speed > Enable Jerk Control","",""
"settings","speed","Speed","","","jerk_travel_enabled","Enable Travel Jerk","bool",,"True","","jerk_enabled","Cura/resources/definitions/fdmprinter.def.json","speed > jerk_travel_enabled","Speed > Enable Travel Jerk","",""
"settings","speed","Speed","jerk_print","Print Jerk","jerk_print","Print Jerk","float","mm/s","20","","resolveOrValue('jerk_enabled')","Cura/resources/definitions/fdmprinter.def.json","speed > jerk_print","Speed > Print Jerk","",""
"settings","speed","Speed","jerk_print","Print Jerk","jerk_infill","Infill Jerk","float","mm/s","20","jerk_print","resolveOrValue('jerk_enabled') and infill_sparse_density > 0","Cura/resources/definitions/fdmprinter.def.json","speed > jerk_print > jerk_infill","Speed > Print Jerk > Infill Jerk","",""
"settings","speed","Speed","jerk_print","Print Jerk","jerk_wall","Wall Jerk","float","mm/s","20","jerk_print","resolveOrValue('jerk_enabled')","Cura/resources/definitions/fdmprinter.def.json","speed > jerk_print > jerk_wall","Speed > Print Jerk > Wall Jerk","",""
"settings","speed","Speed","jerk_print","Print Jerk","jerk_wall_0","Outer Wall Jerk","float","mm/s","20","jerk_wall","resolveOrValue('jerk_enabled')","Cura/resources/definitions/fdmprinter.def.json","speed > jerk_print > jerk_wall > jerk_wall_0","Speed > Print Jerk > Wall Jerk > Outer Wall Jerk","",""
"settings","speed","Speed","jerk_print","Print Jerk","jerk_wall_x","Inner Wall Jerk","float","mm/s","20","jerk_wall","resolveOrValue('jerk_enabled')","Cura/resources/definitions/fdmprinter.def.json","speed > jerk_print > jerk_wall > jerk_wall_x","Speed > Print Jerk > Wall Jerk > Inner Wall Jerk","",""
"settings","speed","Speed","jerk_print","Print Jerk","jerk_wall_0_roofing","Top Surface Outer Wall Jerk","float","mm/s","20","jerk_wall_0","resolveOrValue('jerk_enabled') and roofing_layer_count > 0 and top_layers > 0","Cura/resources/definitions/fdmprinter.def.json","speed > jerk_print > jerk_wall > jerk_wall_0_roofing","Speed > Print Jerk > Wall Jerk > Top Surface Outer Wall Jerk","",""
"settings","speed","Speed","jerk_print","Print Jerk","jerk_wall_x_roofing","Top Surface Inner Wall Jerk","float","mm/s","20","jerk_wall_x","resolveOrValue('jerk_enabled') and roofing_layer_count > 0 and top_layers > 0","Cura/resources/definitions/fdmprinter.def.json","speed > jerk_print > jerk_wall > jerk_wall_x_roofing","Speed > Print Jerk > Wall Jerk > Top Surface Inner Wall Jerk","",""
"settings","speed","Speed","jerk_print","Print Jerk","jerk_wall_0_flooring","Bottom Surface Outer Wall Jerk","float","mm/s","20","jerk_wall_0","resolveOrValue('jerk_enabled') and flooring_layer_count > 0 and bottom_layers > 0","Cura/resources/definitions/fdmprinter.def.json","speed > jerk_print > jerk_wall > jerk_wall_0_flooring","Speed > Print Jerk > Wall Jerk > Bottom Surface Outer Wall Jerk","",""
"settings","speed","Speed","jerk_print","Print Jerk","jerk_wall_x_flooring","Bottom Surface Inner Wall Jerk","float","mm/s","20","jerk_wall_x","resolveOrValue('jerk_enabled') and flooring_layer_count > 0 and bottom_layers > 0","Cura/resources/definitions/fdmprinter.def.json","speed > jerk_print > jerk_wall > jerk_wall_x_flooring","Speed > Print Jerk > Wall Jerk > Bottom Surface Inner Wall Jerk","",""
"settings","speed","Speed","jerk_print","Print Jerk","jerk_roofing","Top Surface Skin Jerk","float","mm/s","20","jerk_topbottom","resolveOrValue('jerk_enabled') and roofing_layer_count > 0 and top_layers > 0","Cura/resources/definitions/fdmprinter.def.json","speed > jerk_print > jerk_roofing","Speed > Print Jerk > Top Surface Skin Jerk","",""
"settings","speed","Speed","jerk_print","Print Jerk","jerk_flooring","Bottom Surface Skin Jerk","float","mm/s","20","jerk_topbottom","resolveOrValue('jerk_enabled') and flooring_layer_count > 0 and bottom_layers > 0","Cura/resources/definitions/fdmprinter.def.json","speed > jerk_print > jerk_flooring","Speed > Print Jerk > Bottom Surface Skin Jerk","",""
"settings","speed","Speed","jerk_print","Print Jerk","jerk_topbottom","Top/Bottom Jerk","float","mm/s","20","jerk_print","(top_layers > 0 or bottom_layers > 0) and resolveOrValue('jerk_enabled')","Cura/resources/definitions/fdmprinter.def.json","speed > jerk_print > jerk_topbottom","Speed > Print Jerk > Top/Bottom Jerk","",""
"settings","speed","Speed","jerk_print","Print Jerk","jerk_support","Support Jerk","float","mm/s","20","jerk_print","resolveOrValue('jerk_enabled') and (support_enable or support_meshes_present)","Cura/resources/definitions/fdmprinter.def.json","speed > jerk_print > jerk_support","Speed > Print Jerk > Support Jerk","",""
"settings","speed","Speed","jerk_print","Print Jerk","jerk_support_infill","Support Infill Jerk","float","mm/s","20","jerk_support","resolveOrValue('jerk_enabled') and (support_enable or support_meshes_present)","Cura/resources/definitions/fdmprinter.def.json","speed > jerk_print > jerk_support > jerk_support_infill","Speed > Print Jerk > Support Jerk > Support Infill Jerk","",""
"settings","speed","Speed","jerk_print","Print Jerk","jerk_support_interface","Support Interface Jerk","float","mm/s","20","jerk_support","resolveOrValue('jerk_enabled') and support_interface_enable and (support_enable or support_meshes_present)","Cura/resources/definitions/fdmprinter.def.json","speed > jerk_print > jerk_support > jerk_support_interface","Speed > Print Jerk > Support Jerk > Support Interface Jerk","",""
"settings","speed","Speed","jerk_print","Print Jerk","jerk_support_roof","Support Roof Jerk","float","mm/s","20","extruderValue(support_roof_extruder_nr, 'jerk_support_interface')","resolveOrValue('jerk_enabled') and support_roof_enable and (support_enable or support_meshes_present)","Cura/resources/definitions/fdmprinter.def.json","speed > jerk_print > jerk_support > jerk_support_interface > jerk_support_roof","Speed > Print Jerk > Support Jerk > Support Interface Jerk > Support Roof Jerk","",""
"settings","speed","Speed","jerk_print","Print Jerk","jerk_support_bottom","Support Floor Jerk","float","mm/s","20","extruderValue(support_roof_extruder_nr, 'jerk_support_interface')","resolveOrValue('jerk_enabled') and support_bottom_enable and (support_enable or support_meshes_present)","Cura/resources/definitions/fdmprinter.def.json","speed > jerk_print > jerk_support > jerk_support_interface > jerk_support_bottom","Speed > Print Jerk > Support Jerk > Support Interface Jerk > Support Floor Jerk","",""
"settings","speed","Speed","jerk_print","Print Jerk","jerk_prime_tower","Prime Tower Jerk","float","mm/s","20","jerk_print","prime_tower_enable and resolveOrValue('jerk_enabled')","Cura/resources/definitions/fdmprinter.def.json","speed > jerk_print > jerk_prime_tower","Speed > Print Jerk > Prime Tower Jerk","",""
"settings","speed","Speed","","","jerk_travel","Travel Jerk","float","mm/s","30","jerk_print if magic_spiralize else 30","resolveOrValue('jerk_enabled') and resolveOrValue('jerk_travel_enabled')","Cura/resources/definitions/fdmprinter.def.json","speed > jerk_travel","Speed > Travel Jerk","",""
"settings","speed","Speed","jerk_layer_0","Initial Layer Jerk","jerk_layer_0","Initial Layer Jerk","float","mm/s","20","jerk_print","resolveOrValue('jerk_enabled')","Cura/resources/definitions/fdmprinter.def.json","speed > jerk_layer_0","Speed > Initial Layer Jerk","",""
"settings","speed","Speed","jerk_layer_0","Initial Layer Jerk","jerk_print_layer_0","Initial Layer Print Jerk","float","mm/s","20","jerk_layer_0","resolveOrValue('jerk_enabled')","Cura/resources/definitions/fdmprinter.def.json","speed > jerk_layer_0 > jerk_print_layer_0","Speed > Initial Layer Jerk > Initial Layer Print Jerk","",""
"settings","speed","Speed","jerk_layer_0","Initial Layer Jerk","jerk_travel_layer_0","Initial Layer Travel Jerk","float","mm/s","20","jerk_layer_0 * jerk_travel / jerk_print","resolveOrValue('jerk_enabled') and resolveOrValue('jerk_travel_enabled')","Cura/resources/definitions/fdmprinter.def.json","speed > jerk_layer_0 > jerk_travel_layer_0","Speed > Initial Layer Jerk > Initial Layer Travel Jerk","",""
"settings","speed","Speed","","","jerk_skirt_brim","Skirt/Brim Jerk","float","mm/s","20","jerk_layer_0","resolveOrValue('jerk_enabled') and (resolveOrValue('adhesion_type') == 'skirt' or resolveOrValue('adhesion_type') == 'brim' or resolveOrValue('draft_shield_enabled') or resolveOrValue('ooze_shield_enabled'))","Cura/resources/definitions/fdmprinter.def.json","speed > jerk_skirt_brim","Speed > Skirt/Brim Jerk","",""
"settings","travel","Travel","","","retraction_enable","Enable Retraction","bool",,"True","","","Cura/resources/definitions/fdmprinter.def.json","travel > retraction_enable","Travel > Enable Retraction","",""
"settings","travel","Travel","","","retract_at_layer_change","Retract at Layer Change","bool",,"False","","","Cura/resources/definitions/fdmprinter.def.json","travel > retract_at_layer_change","Travel > Retract at Layer Change","",""
"settings","travel","Travel","","","retraction_amount","Retraction Distance","float","mm","6.5","","retraction_enable and machine_gcode_flavor != ""UltiGCode""","Cura/resources/definitions/fdmprinter.def.json","travel > retraction_amount","Travel > Retraction Distance","",""
"settings","travel","Travel","retraction_speed","Retraction Speed","retraction_speed","Retraction Speed","float","mm/s","25","","retraction_enable and machine_gcode_flavor != ""UltiGCode""","Cura/resources/definitions/fdmprinter.def.json","travel > retraction_speed","Travel > Retraction Speed","",""
"settings","travel","Travel","retraction_speed","Retraction Speed","retraction_retract_speed","Retraction Retract Speed","float","mm/s","25","retraction_speed","retraction_enable and machine_gcode_flavor != ""UltiGCode""","Cura/resources/definitions/fdmprinter.def.json","travel > retraction_speed > retraction_retract_speed","Travel > Retraction Speed > Retraction Retract Speed","",""
"settings","travel","Travel","retraction_speed","Retraction Speed","retraction_prime_speed","Retraction Prime Speed","float","mm/s","25","retraction_speed","retraction_enable and machine_gcode_flavor != ""UltiGCode""","Cura/resources/definitions/fdmprinter.def.json","travel > retraction_speed > retraction_prime_speed","Travel > Retraction Speed > Retraction Prime Speed","",""
"settings","travel","Travel","","","retraction_extra_prime_amount","Retraction Extra Prime Amount","float","mm³","0","","retraction_enable","Cura/resources/definitions/fdmprinter.def.json","travel > retraction_extra_prime_amount","Travel > Retraction Extra Prime Amount","",""
"settings","travel","Travel","","","retraction_min_travel","Retraction Minimum Travel","float","mm","1.5","line_width * 2","","Cura/resources/definitions/fdmprinter.def.json","travel > retraction_min_travel","Travel > Retraction Minimum Travel","",""
"settings","travel","Travel","","","retraction_count_max","Maximum Retraction Count","int",,"90","","retraction_enable","Cura/resources/definitions/fdmprinter.def.json","travel > retraction_count_max","Travel > Maximum Retraction Count","",""
"settings","travel","Travel","","","retraction_extrusion_window","Minimum Extrusion Distance Window","float","mm","4.5","retraction_amount","retraction_enable","Cura/resources/definitions/fdmprinter.def.json","travel > retraction_extrusion_window","Travel > Minimum Extrusion Distance Window","",""
"settings","travel","Travel","","","retraction_combing","Combing Mode","enum",,"all","'no_outer_surfaces' if (any(extruderValues('skin_monotonic')) or any(extruderValues('ironing_enabled')) or (any(extruderValues('roofing_monotonic')) and any(extruderValues('roofing_layer_count')))) else 'all'","","Cura/resources/definitions/fdmprinter.def.json","travel > retraction_combing","Travel > Combing Mode","",""
"settings","travel","Travel","","","retraction_combing_max_distance","Max Comb Distance With No Retract","float","mm","0","","resolveOrValue('retraction_combing') != 'off'","Cura/resources/definitions/fdmprinter.def.json","travel > retraction_combing_max_distance","Travel > Max Comb Distance With No Retract","",""
"settings","travel","Travel","","","retraction_combing_avoid_distance","Inside Travel Avoid Distance","float","mm","0.6","machine_nozzle_size * 1.5","resolveOrValue('retraction_combing') != 'off'","Cura/resources/definitions/fdmprinter.def.json","travel > retraction_combing_avoid_distance","Travel > Inside Travel Avoid Distance","",""
"settings","travel","Travel","","","travel_retract_before_outer_wall","Retract Before Outer Wall","enum",,"automatic","","retraction_enable","Cura/resources/definitions/fdmprinter.def.json","travel > travel_retract_before_outer_wall","Travel > Retract Before Outer Wall","",""
"settings","travel","Travel","","","travel_avoid_other_parts","Avoid Printed Parts When Traveling","bool",,"True","","resolveOrValue('retraction_combing') != 'off'","Cura/resources/definitions/fdmprinter.def.json","travel > travel_avoid_other_parts","Travel > Avoid Printed Parts When Traveling","",""
"settings","travel","Travel","","","travel_avoid_supports","Avoid Supports When Traveling","bool",,"False","","resolveOrValue('retraction_combing') != 'off' and travel_avoid_other_parts","Cura/resources/definitions/fdmprinter.def.json","travel > travel_avoid_supports","Travel > Avoid Supports When Traveling","",""
"settings","travel","Travel","","","travel_avoid_distance","Travel Avoid Distance","float","mm","0.625","machine_nozzle_tip_outer_diameter / 2 * 1.25","resolveOrValue('retraction_combing') != 'off' and travel_avoid_other_parts","Cura/resources/definitions/fdmprinter.def.json","travel > travel_avoid_distance","Travel > Travel Avoid Distance","",""
"settings","travel","Travel","","","layer_start_at_z_seam","Layer Start at Z Seam","bool",,"False","","z_seam_type == 'back'","Cura/resources/definitions/fdmprinter.def.json","travel > layer_start_at_z_seam","Travel > Layer Start at Z Seam","",""
"settings","travel","Travel","","","layer_start_x","Layer Start X","float","mm","0.0","(z_seam_x + machine_width / 2 if (not machine_center_is_zero and z_seam_relative) else z_seam_x) if (layer_start_at_z_seam and z_seam_type == 'back') else (sum(extruderValues('machine_extruder_start_pos_x')) / len(extruderValues('machine_extruder_start_pos_x')))","","Cura/resources/definitions/fdmprinter.def.json","travel > layer_start_x","Travel > Layer Start X","",""
"settings","travel","Travel","","","layer_start_y","Layer Start Y","float","mm","0.0","(z_seam_y + machine_depth / 2 if (not machine_center_is_zero and z_seam_relative) else z_seam_y) if (layer_start_at_z_seam and z_seam_type == 'back') else (sum(extruderValues('machine_extruder_start_pos_y')) / len(extruderValues('machine_extruder_start_pos_y')))","","Cura/resources/definitions/fdmprinter.def.json","travel > layer_start_y","Travel > Layer Start Y","",""
"settings","travel","Travel","","","retraction_hop_enabled","Z Hop When Retracted","bool",,"False","","retraction_enable","Cura/resources/definitions/fdmprinter.def.json","travel > retraction_hop_enabled","Travel > Z Hop When Retracted","",""
"settings","travel","Travel","","","retraction_hop_only_when_collides","Z Hop Only Over Printed Parts","bool",,"False","","retraction_enable and retraction_hop_enabled and travel_avoid_other_parts","Cura/resources/definitions/fdmprinter.def.json","travel > retraction_hop_only_when_collides","Travel > Z Hop Only Over Printed Parts","",""
"settings","travel","Travel","","","retraction_hop","Z Hop Height","float","mm","1","","retraction_enable and retraction_hop_enabled","Cura/resources/definitions/fdmprinter.def.json","travel > retraction_hop","Travel > Z Hop Height","",""
"settings","travel","Travel","","","retraction_hop_after_extruder_switch","Z Hop After Extruder Switch","bool",,"True","","retraction_hop_enabled and extruders_enabled_count > 1","Cura/resources/definitions/fdmprinter.def.json","travel > retraction_hop_after_extruder_switch","Travel > Z Hop After Extruder Switch","",""
"settings","travel","Travel","","","retraction_hop_after_extruder_switch_height","Z Hop After Extruder Switch Height","float","mm","1","retraction_hop","retraction_enable and retraction_hop_after_extruder_switch and extruders_enabled_count > 1","Cura/resources/definitions/fdmprinter.def.json","travel > retraction_hop_after_extruder_switch_height","Travel > Z Hop After Extruder Switch Height","",""
"settings","cooling","Cooling","","","cool_fan_enabled","Enable Print Cooling","bool",,"True","","","Cura/resources/definitions/fdmprinter.def.json","cooling > cool_fan_enabled","Cooling > Enable Print Cooling","",""
"settings","cooling","Cooling","build_fan_full_at_height","Build Volume Fan Speed at Height","build_fan_full_at_height","Build Volume Fan Speed at Height","float","mm","0","","build_volume_fan_nr != 0","Cura/resources/definitions/fdmprinter.def.json","cooling > build_fan_full_at_height","Cooling > Build Volume Fan Speed at Height","",""
"settings","cooling","Cooling","build_fan_full_at_height","Build Volume Fan Speed at Height","build_fan_full_layer","Build Volume Fan Speed at Layer","int",,"0","max(1, int(math.floor((build_fan_full_at_height - resolveOrValue('layer_height_0')) / resolveOrValue('layer_height')) + 2))","build_volume_fan_nr != 0","Cura/resources/definitions/fdmprinter.def.json","cooling > build_fan_full_at_height > build_fan_full_layer","Cooling > Build Volume Fan Speed at Height > Build Volume Fan Speed at Layer","",""
"settings","cooling","Cooling","","","build_volume_fan_speed_0","Initial Layers Build Volume Fan Speed","float","%","0","","build_volume_fan_nr != 0","Cura/resources/definitions/fdmprinter.def.json","cooling > build_volume_fan_speed_0","Cooling > Initial Layers Build Volume Fan Speed","",""
"settings","cooling","Cooling","","","build_volume_fan_speed","Build Volume Fan Speed","float","%","100","","build_volume_fan_nr != 0","Cura/resources/definitions/fdmprinter.def.json","cooling > build_volume_fan_speed","Cooling > Build Volume Fan Speed","",""
"settings","cooling","Cooling","cool_fan_speed","Fan Speed","cool_fan_speed","Fan Speed","float","%","100","100.0 if cool_fan_enabled else 0.0","cool_fan_enabled","Cura/resources/definitions/fdmprinter.def.json","cooling > cool_fan_speed","Cooling > Fan Speed","",""
"settings","cooling","Cooling","cool_fan_speed","Fan Speed","cool_fan_speed_min","Regular Fan Speed","float","%","100","cool_fan_speed","cool_fan_enabled","Cura/resources/definitions/fdmprinter.def.json","cooling > cool_fan_speed > cool_fan_speed_min","Cooling > Fan Speed > Regular Fan Speed","",""
"settings","cooling","Cooling","cool_fan_speed","Fan Speed","cool_fan_speed_max","Maximum Fan Speed","float","%","100","cool_fan_speed","cool_fan_enabled","Cura/resources/definitions/fdmprinter.def.json","cooling > cool_fan_speed > cool_fan_speed_max","Cooling > Fan Speed > Maximum Fan Speed","",""
"settings","cooling","Cooling","","","cool_min_layer_time_fan_speed_max","Regular/Maximum Fan Speed Threshold","float","s","10","","","Cura/resources/definitions/fdmprinter.def.json","cooling > cool_min_layer_time_fan_speed_max","Cooling > Regular/Maximum Fan Speed Threshold","",""
"settings","cooling","Cooling","","","cool_fan_speed_0","Initial Fan Speed","float","%","0","","cool_fan_enabled","Cura/resources/definitions/fdmprinter.def.json","cooling > cool_fan_speed_0","Cooling > Initial Fan Speed","",""
"settings","cooling","Cooling","cool_fan_full_at_height","Regular Fan Speed at Height","cool_fan_full_at_height","Regular Fan Speed at Height","float","mm","0.5","0 if resolveOrValue('adhesion_type') == 'raft' else resolveOrValue('layer_height_0')","","Cura/resources/definitions/fdmprinter.def.json","cooling > cool_fan_full_at_height","Cooling > Regular Fan Speed at Height","",""
"settings","cooling","Cooling","cool_fan_full_at_height","Regular Fan Speed at Height","cool_fan_full_layer","Regular Fan Speed at Layer","int",,"2","max(1, int(math.floor((cool_fan_full_at_height - resolveOrValue('layer_height_0')) / resolveOrValue('layer_height')) + 2))","","Cura/resources/definitions/fdmprinter.def.json","cooling > cool_fan_full_at_height > cool_fan_full_layer","Cooling > Regular Fan Speed at Height > Regular Fan Speed at Layer","",""
"settings","cooling","Cooling","","","cool_min_layer_time","Minimum Layer Time","float","s","5","","","Cura/resources/definitions/fdmprinter.def.json","cooling > cool_min_layer_time","Cooling > Minimum Layer Time","",""
"settings","cooling","Cooling","","","cool_min_speed","Minimum Speed","float","mm/s","10","","cool_min_layer_time > 0","Cura/resources/definitions/fdmprinter.def.json","cooling > cool_min_speed","Cooling > Minimum Speed","",""
"settings","cooling","Cooling","","","cool_lift_head","Lift Head","bool",,"False","","cool_min_layer_time > 0","Cura/resources/definitions/fdmprinter.def.json","cooling > cool_lift_head","Cooling > Lift Head","",""
"settings","cooling","Cooling","","","cool_min_temperature","Small Layer Printing Temperature","float","°C","0","material_print_temperature","cool_min_layer_time > 0","Cura/resources/definitions/fdmprinter.def.json","cooling > cool_min_temperature","Cooling > Small Layer Printing Temperature","",""
"settings","cooling","Cooling","","","cool_during_extruder_switch","Cooling during extruder switch","enum",,"unchanged","","","Cura/resources/definitions/fdmprinter.def.json","cooling > cool_during_extruder_switch","Cooling > Cooling during extruder switch","",""
"settings","support","Support","","","support_enable","Generate Support","bool",,"False","","","Cura/resources/definitions/fdmprinter.def.json","support > support_enable","Support > Generate Support","",""
"settings","support","Support","support_extruder_nr","Support Extruder","support_extruder_nr","Support Extruder","extruder",,"0","int(anyExtruderWithMaterial('material_is_support_material'))","(support_enable or support_meshes_present) and extruders_enabled_count > 1","Cura/resources/definitions/fdmprinter.def.json","support > support_extruder_nr","Support > Support Extruder","",""
"settings","support","Support","support_extruder_nr","Support Extruder","support_infill_extruder_nr","Support Infill Extruder","extruder",,"0","support_extruder_nr","(support_enable or support_meshes_present) and extruders_enabled_count > 1","Cura/resources/definitions/fdmprinter.def.json","support > support_extruder_nr > support_infill_extruder_nr","Support > Support Extruder > Support Infill Extruder","",""
"settings","support","Support","support_extruder_nr","Support Extruder","support_extruder_nr_layer_0","First Layer Support Extruder","extruder",,"0","support_extruder_nr","(support_enable or support_meshes_present) and extruders_enabled_count > 1","Cura/resources/definitions/fdmprinter.def.json","support > support_extruder_nr > support_extruder_nr_layer_0","Support > Support Extruder > First Layer Support Extruder","",""
"settings","support","Support","support_extruder_nr","Support Extruder","support_interface_extruder_nr","Support Interface Extruder","extruder",,"0","support_extruder_nr","(support_enable or support_meshes_present) and extruders_enabled_count > 1 and support_interface_enable","Cura/resources/definitions/fdmprinter.def.json","support > support_extruder_nr > support_interface_extruder_nr","Support > Support Extruder > Support Interface Extruder","",""
"settings","support","Support","support_extruder_nr","Support Extruder","support_roof_extruder_nr","Support Roof Extruder","extruder",,"0","support_interface_extruder_nr","(support_enable or support_meshes_present) and extruders_enabled_count > 1 and support_roof_enable","Cura/resources/definitions/fdmprinter.def.json","support > support_extruder_nr > support_interface_extruder_nr > support_roof_extruder_nr","Support > Support Extruder > Support Interface Extruder > Support Roof Extruder","",""
"settings","support","Support","support_extruder_nr","Support Extruder","support_bottom_extruder_nr","Support Floor Extruder","extruder",,"0","support_interface_extruder_nr","(support_enable or support_meshes_present) and extruders_enabled_count > 1 and support_bottom_enable","Cura/resources/definitions/fdmprinter.def.json","support > support_extruder_nr > support_interface_extruder_nr > support_bottom_extruder_nr","Support > Support Extruder > Support Interface Extruder > Support Floor Extruder","",""
"settings","support","Support","","","support_structure","Support Structure","enum",,"normal","","support_enable","Cura/resources/definitions/fdmprinter.def.json","support > support_structure","Support > Support Structure","",""
"settings","support","Support","","","support_tree_angle","Maximum Branch Angle","float","°","60","max(min(support_angle, 85), 20)","support_enable and support_structure=='tree'","Cura/resources/definitions/fdmprinter.def.json","support > support_tree_angle","Support > Maximum Branch Angle","",""
"settings","support","Support","","","support_tree_branch_diameter","Branch Diameter","float","mm","5","","support_enable and support_structure=='tree'","Cura/resources/definitions/fdmprinter.def.json","support > support_tree_branch_diameter","Support > Branch Diameter","",""
"settings","support","Support","","","support_tree_max_diameter","Trunk Diameter","float","mm","25","","support_enable and support_structure=='tree'","Cura/resources/definitions/fdmprinter.def.json","support > support_tree_max_diameter","Support > Trunk Diameter","",""
"settings","support","Support","","","support_tree_branch_diameter_angle","Branch Diameter Angle","float","°","7","","support_enable and support_structure=='tree'","Cura/resources/definitions/fdmprinter.def.json","support > support_tree_branch_diameter_angle","Support > Branch Diameter Angle","",""
"settings","support","Support","support_z_seam_away_from_model","Support Z Seam Away from Model","support_z_seam_away_from_model","Support Z Seam Away from Model","bool",,"True","","support_enable","Cura/resources/definitions/fdmprinter.def.json","support > support_z_seam_away_from_model","Support > Support Z Seam Away from Model","",""
"settings","support","Support","support_z_seam_away_from_model","Support Z Seam Away from Model","support_z_seam_min_distance","Min Z Seam Distance from Model","float","mm","0.8","line_width * 2","support_z_seam_away_from_model and support_enable","Cura/resources/definitions/fdmprinter.def.json","support > support_z_seam_away_from_model > support_z_seam_min_distance","Support > Support Z Seam Away from Model > Min Z Seam Distance from Model","",""
"settings","support","Support","","","support_type","Support Placement","enum",,"everywhere","","support_enable","Cura/resources/definitions/fdmprinter.def.json","support > support_type","Support > Support Placement","",""
"settings","support","Support","","","support_tree_angle_slow","Preferred Branch Angle","float","°","50","support_tree_angle * 2 / 3","support_enable and support_structure=='tree'","Cura/resources/definitions/fdmprinter.def.json","support > support_tree_angle_slow","Support > Preferred Branch Angle","",""
"settings","support","Support","","","support_tree_max_diameter_increase_by_merges_when_support_to_model","Diameter Increase To Model","float","mm","1","","support_enable and support_structure=='tree' and resolveOrValue('support_type') == 'everywhere' ","Cura/resources/definitions/fdmprinter.def.json","support > support_tree_max_diameter_increase_by_merges_when_support_to_model","Support > Diameter Increase To Model","",""
"settings","support","Support","","","support_tree_min_height_to_model","Minimum Height To Model","float","mm","3","","support_enable and support_structure=='tree' and resolveOrValue('support_type') == 'everywhere' ","Cura/resources/definitions/fdmprinter.def.json","support > support_tree_min_height_to_model","Support > Minimum Height To Model","",""
"settings","support","Support","","","support_tree_bp_diameter","Initial Layer Diameter","float","mm","7.5","","support_enable and support_structure=='tree'","Cura/resources/definitions/fdmprinter.def.json","support > support_tree_bp_diameter","Support > Initial Layer Diameter","",""
"settings","support","Support","","","support_tree_top_rate","Branch Density","float","%","15","30 if support_roof_enable else 10","support_enable and support_structure=='tree'","Cura/resources/definitions/fdmprinter.def.json","support > support_tree_top_rate","Support > Branch Density","",""
"settings","support","Support","","","support_tree_tip_diameter","Tip Diameter","float","mm","0.4","support_line_width * 2","support_enable and support_structure=='tree'","Cura/resources/definitions/fdmprinter.def.json","support > support_tree_tip_diameter","Support > Tip Diameter","",""
"settings","support","Support","","","support_tree_limit_branch_reach","Limit Branch Reach","bool",,"True","","support_enable and support_structure=='tree'","Cura/resources/definitions/fdmprinter.def.json","support > support_tree_limit_branch_reach","Support > Limit Branch Reach","",""
"settings","support","Support","","","support_tree_branch_reach_limit","Optimal Branch Range","float","mm","30","","support_enable and support_tree_limit_branch_reach and support_structure=='tree'","Cura/resources/definitions/fdmprinter.def.json","support > support_tree_branch_reach_limit","Support > Optimal Branch Range","",""
"settings","support","Support","","","support_tree_rest_preference","Rest Preference","enum",,"buildplate","'buildplate' if support_type == 'buildplate' else 'graceful'","support_enable and support_structure=='tree' and support_type == 'everywhere'","Cura/resources/definitions/fdmprinter.def.json","support > support_tree_rest_preference","Support > Rest Preference","",""
"settings","support","Support","","","support_angle","Support Overhang Angle","float","°","50","","support_enable","Cura/resources/definitions/fdmprinter.def.json","support > support_angle","Support > Support Overhang Angle","",""
"settings","support","Support","","","support_pattern","Support Pattern","enum",,"zigzag","","(support_enable or support_meshes_present) and support_infill_rate > 0","Cura/resources/definitions/fdmprinter.def.json","support > support_pattern","Support > Support Pattern","",""
"settings","support","Support","","","support_wall_count","Support Wall Line Count","int",,"1","1 if support_enable and support_structure == 'tree' else (1 if (support_pattern == 'grid' or support_pattern == 'triangles' or support_pattern == 'concentric') else 0)","support_enable or support_meshes_present","Cura/resources/definitions/fdmprinter.def.json","support > support_wall_count","Support > Support Wall Line Count","",""
"settings","support","Support","","","support_infill_multiplier","Support Infill Line Multiplier","int",,"1","","(support_enable or support_meshes_present) and support_line_distance > 0 and support_pattern != 'zigzag'","Cura/resources/definitions/fdmprinter.def.json","support > support_infill_multiplier","Support > Support Infill Line Multiplier","",""
"settings","support","Support","support_interface_wall_count","Support Interface Wall Line Count","support_interface_wall_count","Support Interface Wall Line Count","int",,"0","1 if (support_interface_pattern == 'zigzag') else 0","(support_enable and support_interface_enable) or support_meshes_present","Cura/resources/definitions/fdmprinter.def.json","support > support_interface_wall_count","Support > Support Interface Wall Line Count","",""
"settings","support","Support","support_interface_wall_count","Support Interface Wall Line Count","support_roof_wall_count","Support Roof Wall Line Count","int",,"0","support_interface_wall_count","(support_enable and support_interface_enable) or support_meshes_present","Cura/resources/definitions/fdmprinter.def.json","support > support_interface_wall_count > support_roof_wall_count","Support > Support Interface Wall Line Count > Support Roof Wall Line Count","",""
"settings","support","Support","support_interface_wall_count","Support Interface Wall Line Count","support_bottom_wall_count","Support Bottom Wall Line Count","int",,"0","support_interface_wall_count","(support_enable and support_interface_enable) or support_meshes_present","Cura/resources/definitions/fdmprinter.def.json","support > support_interface_wall_count > support_bottom_wall_count","Support > Support Interface Wall Line Count > Support Bottom Wall Line Count","",""
"settings","support","Support","support_lightning_angle","Support Lightning Angle","support_lightning_angle","Support Lightning Angle","float","°","40","","(support_enable or support_meshes_present) and support_line_distance > 0 and support_pattern == 'lightning'","Cura/resources/definitions/fdmprinter.def.json","support > support_lightning_angle","Support > Support Lightning Angle","",""
"settings","support","Support","support_lightning_angle","Support Lightning Angle","support_lightning_overhang_angle","Support Lightning Overhang Angle","float","°","40","support_lightning_angle","(support_enable or support_meshes_present) and support_line_distance > 0 and support_pattern == 'lightning'","Cura/resources/definitions/fdmprinter.def.json","support > support_lightning_angle > support_lightning_overhang_angle","Support > Support Lightning Angle > Support Lightning Overhang Angle","",""
"settings","support","Support","support_lightning_angle","Support Lightning Angle","support_lightning_prune_angle","Support Lightning Prune Angle","float","°","40","support_lightning_angle","(support_enable or support_meshes_present) and support_line_distance > 0 and support_pattern == 'lightning'","Cura/resources/definitions/fdmprinter.def.json","support > support_lightning_angle > support_lightning_prune_angle","Support > Support Lightning Angle > Support Lightning Prune Angle","",""
"settings","support","Support","support_lightning_angle","Support Lightning Angle","support_lightning_straightening_angle","Support Lightning Straightening Angle","float","°","40","support_lightning_angle","(support_enable or support_meshes_present) and support_line_distance > 0 and support_pattern == 'lightning'","Cura/resources/definitions/fdmprinter.def.json","support > support_lightning_angle > support_lightning_straightening_angle","Support > Support Lightning Angle > Support Lightning Straightening Angle","",""
"settings","support","Support","","","zig_zaggify_support","Connect Support Lines","bool",,"False","support_pattern == 'cross' or support_pattern == 'gyroid' or support_pattern == 'honeycomb' or support_pattern == 'octagon'","(support_enable or support_meshes_present) and (support_pattern == 'lines' or support_pattern == 'grid' or support_pattern == 'triangles' or support_pattern == 'cross' or support_pattern == 'gyroid' or support_pattern == 'honeycomb' or support_pattern == 'octagon')","Cura/resources/definitions/fdmprinter.def.json","support > zig_zaggify_support","Support > Connect Support Lines","",""
"settings","support","Support","","","support_connect_zigzags","Connect Support ZigZags","bool",,"True","","(support_enable or support_meshes_present) and support_pattern == 'zigzag'","Cura/resources/definitions/fdmprinter.def.json","support > support_connect_zigzags","Support > Connect Support ZigZags","",""
"settings","support","Support","support_infill_rate","Support Density","support_infill_rate","Support Density","float","%","15","15 if support_enable and support_structure == 'normal' else 0 if support_enable and support_structure == 'tree' else 15","support_enable or support_meshes_present","Cura/resources/definitions/fdmprinter.def.json","support > support_infill_rate","Support > Support Density","",""
"settings","support","Support","support_infill_rate","Support Density","support_line_distance","Support Line Distance","float","mm","2.66","0 if support_infill_rate == 0 else (support_line_width * 100) / support_infill_rate * (2 if support_pattern == 'grid' else (3 if support_pattern == 'triangles' else 1))","support_enable or support_meshes_present","Cura/resources/definitions/fdmprinter.def.json","support > support_infill_rate > support_line_distance","Support > Support Density > Support Line Distance","",""
"settings","support","Support","support_infill_rate","Support Density","support_initial_layer_line_distance","Initial Layer Support Line Distance","float","mm","2.66","support_line_distance","support_enable or support_meshes_present","Cura/resources/definitions/fdmprinter.def.json","support > support_infill_rate > support_initial_layer_line_distance","Support > Support Density > Initial Layer Support Line Distance","",""
"settings","support","Support","","","support_infill_density_multiplier_initial_layer","Support Infill Density Multiplier Initial Layer","int",,"1","","(support_enable or support_meshes_present) and support_line_distance > 0 and support_pattern != 'lightning'","Cura/resources/definitions/fdmprinter.def.json","support > support_infill_density_multiplier_initial_layer","Support > Support Infill Density Multiplier Initial Layer","",""
"settings","support","Support","","","support_infill_angles","Support Infill Line Directions","[int]",,"[ ]","","(support_enable or support_meshes_present) and support_pattern != 'concentric' and support_infill_rate > 0","Cura/resources/definitions/fdmprinter.def.json","support > support_infill_angles","Support > Support Infill Line Directions","",""
"settings","support","Support","","","support_brim_enable","Enable Support Brim","bool",,"True","","support_enable or support_meshes_present","Cura/resources/definitions/fdmprinter.def.json","support > support_brim_enable","Support > Enable Support Brim","",""
"settings","support","Support","support_brim_width","Support Brim Width","support_brim_width","Support Brim Width","float","mm","1.2","(skirt_brim_line_width * initial_layer_line_width_factor / 100.0) * 3","(support_enable or support_meshes_present) and support_brim_enable","Cura/resources/definitions/fdmprinter.def.json","support > support_brim_width","Support > Support Brim Width","",""
"settings","support","Support","support_brim_width","Support Brim Width","support_brim_line_count","Support Brim Line Count","int",,"3","round(support_brim_width / (skirt_brim_line_width * initial_layer_line_width_factor / 100.0))","(support_enable or support_meshes_present) and support_brim_enable","Cura/resources/definitions/fdmprinter.def.json","support > support_brim_width > support_brim_line_count","Support > Support Brim Width > Support Brim Line Count","",""
"settings","support","Support","","","support_brim_minimum_hole_area","Minimum hole area in brim support","float","mm²","16","skirt_brim_line_width * skirt_brim_line_width * 100","support_brim_enable","Cura/resources/definitions/fdmprinter.def.json","support > support_brim_minimum_hole_area","Support > Minimum hole area in brim support","",""
"settings","support","Support","support_z_distance","Support Z Distance","support_z_distance","Support Z Distance","float","mm","0.1","","support_enable or support_meshes_present","Cura/resources/definitions/fdmprinter.def.json","support > support_z_distance","Support > Support Z Distance","",""
"settings","support","Support","support_z_distance","Support Z Distance","support_top_distance","Support Top Distance","float","mm","0.1","extruderValue(support_roof_extruder_nr if support_roof_enable else support_infill_extruder_nr, 'support_z_distance')","support_enable or support_meshes_present","Cura/resources/definitions/fdmprinter.def.json","support > support_z_distance > support_top_distance","Support > Support Z Distance > Support Top Distance","",""
"settings","support","Support","support_z_distance","Support Z Distance","support_bottom_distance","Support Bottom Distance","float","mm","0.1","extruderValue(support_bottom_extruder_nr if support_bottom_enable else support_infill_extruder_nr, 'support_z_distance') if support_type == 'everywhere' else 0","(support_enable or support_meshes_present) and resolveOrValue('support_type') == 'everywhere'","Cura/resources/definitions/fdmprinter.def.json","support > support_z_distance > support_bottom_distance","Support > Support Z Distance > Support Bottom Distance","",""
"settings","support","Support","","","support_xy_distance","Support X/Y Distance","float","mm","0.7","","support_enable or support_meshes_present","Cura/resources/definitions/fdmprinter.def.json","support > support_xy_distance","Support > Support X/Y Distance","",""
"settings","support","Support","","","support_xy_overrides_z","Support Distance Priority","enum",,"z_overrides_xy","","support_enable or support_meshes_present","Cura/resources/definitions/fdmprinter.def.json","support > support_xy_overrides_z","Support > Support Distance Priority","",""
"settings","support","Support","","","support_xy_distance_overhang","Minimum Support X/Y Distance","float","mm","0.2","machine_nozzle_size / 2","(support_enable or support_meshes_present) and support_xy_overrides_z == 'z_overrides_xy'","Cura/resources/definitions/fdmprinter.def.json","support > support_xy_distance_overhang","Support > Minimum Support X/Y Distance","",""
"settings","support","Support","","","support_bottom_stair_step_height","Support Stair Step Height","float","mm","0.3","0 if support_bottom_enable else 0.3","(support_enable and support_structure == 'normal') or support_meshes_present","Cura/resources/definitions/fdmprinter.def.json","support > support_bottom_stair_step_height","Support > Support Stair Step Height","",""
"settings","support","Support","","","support_bottom_stair_step_width","Support Stair Step Maximum Width","float","mm","5.0","","((support_enable and support_structure == 'normal') or support_meshes_present) and support_bottom_stair_step_height > 0","Cura/resources/definitions/fdmprinter.def.json","support > support_bottom_stair_step_width","Support > Support Stair Step Maximum Width","",""
"settings","support","Support","","","support_bottom_stair_step_min_slope","Support Stair Step Minimum Slope Angle","float","°","10.0","","((support_enable and support_structure == 'normal') or support_meshes_present) and support_bottom_stair_step_height > 0","Cura/resources/definitions/fdmprinter.def.json","support > support_bottom_stair_step_min_slope","Support > Support Stair Step Minimum Slope Angle","",""
"settings","support","Support","","","support_join_distance","Support Join Distance","float","mm","2.0","","(support_enable and support_structure == 'normal') or support_meshes_present","Cura/resources/definitions/fdmprinter.def.json","support > support_join_distance","Support > Support Join Distance","",""
"settings","support","Support","","","support_offset","Support Horizontal Expansion","float","mm","0.8","support_line_width + 0.4 if support_structure == 'normal' else 0.0","(support_enable or support_meshes_present) and support_structure == 'normal'","Cura/resources/definitions/fdmprinter.def.json","support > support_offset","Support > Support Horizontal Expansion","",""
"settings","support","Support","","","support_infill_sparse_thickness","Support Infill Layer Thickness","float","mm","0.1","resolveOrValue('layer_height')","(support_enable or support_meshes_present) and support_infill_rate > 0","Cura/resources/definitions/fdmprinter.def.json","support > support_infill_sparse_thickness","Support > Support Infill Layer Thickness","",""
"settings","support","Support","","","gradual_support_infill_steps","Gradual Support Infill Steps","int",,"0","","(support_enable or support_meshes_present) and support_infill_rate > 0","Cura/resources/definitions/fdmprinter.def.json","support > gradual_support_infill_steps","Support > Gradual Support Infill Steps","",""
"settings","support","Support","","","gradual_support_infill_step_height","Gradual Support Infill Step Height","float","mm","1","","(support_enable or support_meshes_present) and support_infill_rate > 0 and gradual_support_infill_steps > 0","Cura/resources/definitions/fdmprinter.def.json","support > gradual_support_infill_step_height","Support > Gradual Support Infill Step Height","",""
"settings","support","Support","","","minimum_support_area","Minimum Support Area","float","mm²","0.0","","support_enable or support_meshes_present","Cura/resources/definitions/fdmprinter.def.json","support > minimum_support_area","Support > Minimum Support Area","",""
"settings","support","Support","support_interface_enable","Enable Support Interface","support_interface_enable","Enable Support Interface","bool",,"False","","support_enable or support_meshes_present","Cura/resources/definitions/fdmprinter.def.json","support > support_interface_enable","Support > Enable Support Interface","",""
"settings","support","Support","support_interface_enable","Enable Support Interface","support_roof_enable","Enable Support Roof","bool",,"False","extruderValue(support_roof_extruder_nr, 'support_interface_enable')","(support_enable or support_meshes_present) and support_interface_enable","Cura/resources/definitions/fdmprinter.def.json","support > support_interface_enable > support_roof_enable","Support > Enable Support Interface > Enable Support Roof","",""
"settings","support","Support","support_interface_enable","Enable Support Interface","support_bottom_enable","Enable Support Floor","bool",,"False","extruderValue(support_bottom_extruder_nr, 'support_interface_enable')","(support_enable or support_meshes_present) and support_interface_enable","Cura/resources/definitions/fdmprinter.def.json","support > support_interface_enable > support_bottom_enable","Support > Enable Support Interface > Enable Support Floor","",""
"settings","support","Support","support_interface_height","Support Interface Thickness","support_interface_height","Support Interface Thickness","float","mm","1","","support_interface_enable and (support_enable or support_meshes_present)","Cura/resources/definitions/fdmprinter.def.json","support > support_interface_height","Support > Support Interface Thickness","",""
"settings","support","Support","support_interface_height","Support Interface Thickness","support_roof_height","Support Roof Thickness","float","mm","1","extruderValue(support_roof_extruder_nr, 'support_interface_height')","support_roof_enable and (support_enable or support_meshes_present)","Cura/resources/definitions/fdmprinter.def.json","support > support_interface_height > support_roof_height","Support > Support Interface Thickness > Support Roof Thickness","",""
"settings","support","Support","support_interface_height","Support Interface Thickness","support_bottom_height","Support Floor Thickness","float","mm","1","extruderValue(support_bottom_extruder_nr, 'support_interface_height')","support_bottom_enable and (support_enable or support_meshes_present)","Cura/resources/definitions/fdmprinter.def.json","support > support_interface_height > support_bottom_height","Support > Support Interface Thickness > Support Floor Thickness","",""
"settings","support","Support","support_interface_density","Support Interface Density","support_interface_density","Support Interface Density","float","%","100","","support_interface_enable and (support_enable or support_meshes_present)","Cura/resources/definitions/fdmprinter.def.json","support > support_interface_density","Support > Support Interface Density","",""
"settings","support","Support","support_interface_density","Support Interface Density","support_roof_density","Support Roof Density","float","%","100","extruderValue(support_roof_extruder_nr, 'support_interface_density')","support_roof_enable and (support_enable or support_meshes_present)","Cura/resources/definitions/fdmprinter.def.json","support > support_interface_density > support_roof_density","Support > Support Interface Density > Support Roof Density","",""
"settings","support","Support","support_interface_density","Support Interface Density","support_roof_line_distance","Support Roof Line Distance","float","mm","0.4","0 if support_roof_density == 0 else (support_roof_line_width * 100) / support_roof_density * (2 if support_roof_pattern == 'grid' else (3 if support_roof_pattern == 'triangles' else 1))","support_roof_enable and (support_enable or support_meshes_present)","Cura/resources/definitions/fdmprinter.def.json","support > support_interface_density > support_roof_density > support_roof_line_distance","Support > Support Interface Density > Support Roof Density > Support Roof Line Distance","",""
"settings","support","Support","support_interface_density","Support Interface Density","support_bottom_density","Support Floor Density","float","%","100","extruderValue(support_bottom_extruder_nr, 'support_interface_density')","support_bottom_enable and (support_enable or support_meshes_present)","Cura/resources/definitions/fdmprinter.def.json","support > support_interface_density > support_bottom_density","Support > Support Interface Density > Support Floor Density","",""
"settings","support","Support","support_interface_density","Support Interface Density","support_bottom_line_distance","Support Floor Line Distance","float","mm","0.4","0 if support_bottom_density == 0 else (support_bottom_line_width * 100) / support_bottom_density * (2 if support_bottom_pattern == 'grid' else (3 if support_bottom_pattern == 'triangles' else 1))","support_bottom_enable and (support_enable or support_meshes_present)","Cura/resources/definitions/fdmprinter.def.json","support > support_interface_density > support_bottom_density > support_bottom_line_distance","Support > Support Interface Density > Support Floor Density > Support Floor Line Distance","",""
"settings","support","Support","support_interface_pattern","Support Interface Pattern","support_interface_pattern","Support Interface Pattern","enum",,"concentric","","support_interface_enable and (support_enable or support_meshes_present)","Cura/resources/definitions/fdmprinter.def.json","support > support_interface_pattern","Support > Support Interface Pattern","",""
"settings","support","Support","support_interface_pattern","Support Interface Pattern","support_roof_pattern","Support Roof Pattern","enum",,"concentric","extruderValue(support_roof_extruder_nr, 'support_interface_pattern')","support_roof_enable and (support_enable or support_meshes_present)","Cura/resources/definitions/fdmprinter.def.json","support > support_interface_pattern > support_roof_pattern","Support > Support Interface Pattern > Support Roof Pattern","",""
"settings","support","Support","support_interface_pattern","Support Interface Pattern","support_bottom_pattern","Support Floor Pattern","enum",,"concentric","extruderValue(support_bottom_extruder_nr, 'support_interface_pattern')","support_bottom_enable and (support_enable or support_meshes_present)","Cura/resources/definitions/fdmprinter.def.json","support > support_interface_pattern > support_bottom_pattern","Support > Support Interface Pattern > Support Floor Pattern","",""
"settings","support","Support","minimum_interface_area","Minimum Support Interface Area","minimum_interface_area","Minimum Support Interface Area","float","mm²","1.0","","support_interface_enable and (support_enable or support_meshes_present)","Cura/resources/definitions/fdmprinter.def.json","support > minimum_interface_area","Support > Minimum Support Interface Area","",""
"settings","support","Support","minimum_interface_area","Minimum Support Interface Area","minimum_roof_area","Minimum Support Roof Area","float","mm²","1.0","extruderValue(support_roof_extruder_nr, 'minimum_interface_area')","support_roof_enable and (support_enable or support_meshes_present)","Cura/resources/definitions/fdmprinter.def.json","support > minimum_interface_area > minimum_roof_area","Support > Minimum Support Interface Area > Minimum Support Roof Area","",""
"settings","support","Support","minimum_interface_area","Minimum Support Interface Area","minimum_bottom_area","Minimum Support Floor Area","float","mm²","1.0","extruderValue(support_bottom_extruder_nr, 'minimum_interface_area')","support_bottom_enable and ((support_enable and support_structure == 'normal') or support_meshes_present)","Cura/resources/definitions/fdmprinter.def.json","support > minimum_interface_area > minimum_bottom_area","Support > Minimum Support Interface Area > Minimum Support Floor Area","",""
"settings","support","Support","support_interface_offset","Support Interface Horizontal Expansion","support_interface_offset","Support Interface Horizontal Expansion","float","mm","0.0","","support_interface_enable and (support_enable or support_meshes_present)","Cura/resources/definitions/fdmprinter.def.json","support > support_interface_offset","Support > Support Interface Horizontal Expansion","",""
"settings","support","Support","support_interface_offset","Support Interface Horizontal Expansion","support_roof_offset","Support Roof Horizontal Expansion","float","mm","0.0","extruderValue(support_roof_extruder_nr, 'support_interface_offset')","support_roof_enable and (support_enable or support_meshes_present)","Cura/resources/definitions/fdmprinter.def.json","support > support_interface_offset > support_roof_offset","Support > Support Interface Horizontal Expansion > Support Roof Horizontal Expansion","",""
"settings","support","Support","support_interface_offset","Support Interface Horizontal Expansion","support_bottom_offset","Support Floor Horizontal Expansion","float","mm","0.0","extruderValue(support_bottom_extruder_nr, 'support_interface_offset')","support_bottom_enable and (support_enable or support_meshes_present)","Cura/resources/definitions/fdmprinter.def.json","support > support_interface_offset > support_bottom_offset","Support > Support Interface Horizontal Expansion > Support Floor Horizontal Expansion","",""
"settings","support","Support","","","support_interface_priority","Support Interface Priority","enum",,"interface_area_overwrite_support_area","","support_enable and support_structure=='tree' and support_roof_enable","Cura/resources/definitions/fdmprinter.def.json","support > support_interface_priority","Support > Support Interface Priority","",""
"settings","support","Support","support_interface_angles","Support Interface Line Directions","support_interface_angles","Support Interface Line Directions","[int]",,"[ ]","","(support_enable or support_meshes_present) and support_interface_enable and support_interface_pattern != 'concentric'","Cura/resources/definitions/fdmprinter.def.json","support > support_interface_angles","Support > Support Interface Line Directions","",""
"settings","support","Support","support_interface_angles","Support Interface Line Directions","support_roof_angles","Support Roof Line Directions","[int]",,"[ ]","support_interface_angles","(support_enable or support_meshes_present) and support_roof_enable and support_roof_pattern != 'concentric'","Cura/resources/definitions/fdmprinter.def.json","support > support_interface_angles > support_roof_angles","Support > Support Interface Line Directions > Support Roof Line Directions","",""
"settings","support","Support","support_interface_angles","Support Interface Line Directions","support_bottom_angles","Support Floor Line Directions","[int]",,"[ ]","support_interface_angles","(support_enable or support_meshes_present) and support_bottom_enable and support_bottom_pattern != 'concentric'","Cura/resources/definitions/fdmprinter.def.json","support > support_interface_angles > support_bottom_angles","Support > Support Interface Line Directions > Support Floor Line Directions","",""
"settings","support","Support","","","support_fan_enable","Fan Speed Override","bool",,"False","","support_enable or support_meshes_present","Cura/resources/definitions/fdmprinter.def.json","support > support_fan_enable","Support > Fan Speed Override","",""
"settings","support","Support","","","support_supported_skin_fan_speed","Supported Skin Fan Speed","float","%","100","","(support_enable or support_meshes_present) and support_fan_enable","Cura/resources/definitions/fdmprinter.def.json","support > support_supported_skin_fan_speed","Support > Supported Skin Fan Speed","",""
"settings","support","Support","","","support_use_towers","Use Towers","bool",,"True","","support_enable and support_structure == 'normal'","Cura/resources/definitions/fdmprinter.def.json","support > support_use_towers","Support > Use Towers","",""
"settings","support","Support","","","support_tower_diameter","Tower Diameter","float","mm","3.0","","support_enable and support_structure == 'normal' and support_use_towers","Cura/resources/definitions/fdmprinter.def.json","support > support_tower_diameter","Support > Tower Diameter","",""
"settings","support","Support","","","support_tower_maximum_supported_diameter","Maximum Tower-Supported Diameter","float","mm","3.0","","support_enable and support_structure == 'normal' and support_use_towers","Cura/resources/definitions/fdmprinter.def.json","support > support_tower_maximum_supported_diameter","Support > Maximum Tower-Supported Diameter","",""
"settings","support","Support","","","support_tower_roof_angle","Tower Roof Angle","int","°","65","","support_enable and support_structure == 'normal' and support_use_towers","Cura/resources/definitions/fdmprinter.def.json","support > support_tower_roof_angle","Support > Tower Roof Angle","",""
"settings","support","Support","","","support_mesh_drop_down","Drop Down Support Mesh","bool",,"True","","support_mesh","Cura/resources/definitions/fdmprinter.def.json","support > support_mesh_drop_down","Support > Drop Down Support Mesh","",""
"settings","support","Support","","","support_meshes_present","Scene Has Support Meshes","bool",,"False","","False","Cura/resources/definitions/fdmprinter.def.json","support > support_meshes_present","Support > Scene Has Support Meshes","",""
"settings","platform_adhesion","Build Plate Adhesion","","","prime_blob_enable","Enable Prime Blob","bool",,"False","","False","Cura/resources/definitions/fdmprinter.def.json","platform_adhesion > prime_blob_enable","Build Plate Adhesion > Enable Prime Blob","",""
"settings","platform_adhesion","Build Plate Adhesion","","","extruder_prime_pos_x","Extruder Prime X Position","float","mm","0","","False","Cura/resources/definitions/fdmprinter.def.json","platform_adhesion > extruder_prime_pos_x","Build Plate Adhesion > Extruder Prime X Position","",""
"settings","platform_adhesion","Build Plate Adhesion","","","extruder_prime_pos_y","Extruder Prime Y Position","float","mm","0","","False","Cura/resources/definitions/fdmprinter.def.json","platform_adhesion > extruder_prime_pos_y","Build Plate Adhesion > Extruder Prime Y Position","",""
"settings","platform_adhesion","Build Plate Adhesion","","","adhesion_type","Build Plate Adhesion Type","enum",,"brim","","","Cura/resources/definitions/fdmprinter.def.json","platform_adhesion > adhesion_type","Build Plate Adhesion > Build Plate Adhesion Type","",""
"settings","platform_adhesion","Build Plate Adhesion","adhesion_extruder_nr","Build Plate Adhesion Extruder","adhesion_extruder_nr","Build Plate Adhesion Extruder","optional_extruder",,"-1","int(defaultExtruderPosition()) if resolveOrValue('adhesion_type') == 'raft' else -1","extruders_enabled_count > 1 and (resolveOrValue('adhesion_type') != 'none')","Cura/resources/definitions/fdmprinter.def.json","platform_adhesion > adhesion_extruder_nr","Build Plate Adhesion > Build Plate Adhesion Extruder","",""
"settings","platform_adhesion","Build Plate Adhesion","adhesion_extruder_nr","Build Plate Adhesion Extruder","skirt_brim_extruder_nr","Skirt/Brim Extruder","optional_extruder",,"-1","adhesion_extruder_nr","extruders_enabled_count > 1 and (resolveOrValue('adhesion_type') in ['skirt', 'brim'])","Cura/resources/definitions/fdmprinter.def.json","platform_adhesion > adhesion_extruder_nr > skirt_brim_extruder_nr","Build Plate Adhesion > Build Plate Adhesion Extruder > Skirt/Brim Extruder","",""
"settings","platform_adhesion","Build Plate Adhesion","adhesion_extruder_nr","Build Plate Adhesion Extruder","raft_base_extruder_nr","Raft Base Extruder","extruder",,"0","0 if adhesion_extruder_nr == -1 else adhesion_extruder_nr","extruders_enabled_count > 1 and resolveOrValue('adhesion_type') == 'raft'","Cura/resources/definitions/fdmprinter.def.json","platform_adhesion > adhesion_extruder_nr > raft_base_extruder_nr","Build Plate Adhesion > Build Plate Adhesion Extruder > Raft Base Extruder","",""
"settings","platform_adhesion","Build Plate Adhesion","adhesion_extruder_nr","Build Plate Adhesion Extruder","raft_interface_extruder_nr","Raft Middle Extruder","extruder",,"0","0 if adhesion_extruder_nr == -1 else adhesion_extruder_nr","extruders_enabled_count > 1 and resolveOrValue('adhesion_type') == 'raft'","Cura/resources/definitions/fdmprinter.def.json","platform_adhesion > adhesion_extruder_nr > raft_interface_extruder_nr","Build Plate Adhesion > Build Plate Adhesion Extruder > Raft Middle Extruder","",""
"settings","platform_adhesion","Build Plate Adhesion","adhesion_extruder_nr","Build Plate Adhesion Extruder","raft_surface_extruder_nr","Raft Top Extruder","extruder",,"0","0 if adhesion_extruder_nr == -1 else adhesion_extruder_nr","extruders_enabled_count > 1 and resolveOrValue('adhesion_type') == 'raft'","Cura/resources/definitions/fdmprinter.def.json","platform_adhesion > adhesion_extruder_nr > raft_surface_extruder_nr","Build Plate Adhesion > Build Plate Adhesion Extruder > Raft Top Extruder","",""
"settings","platform_adhesion","Build Plate Adhesion","","","skirt_line_count","Skirt Line Count","int",,"1","","resolveOrValue('adhesion_type') == 'skirt'","Cura/resources/definitions/fdmprinter.def.json","platform_adhesion > skirt_line_count","Build Plate Adhesion > Skirt Line Count","",""
"settings","platform_adhesion","Build Plate Adhesion","","","skirt_height","Skirt Height","int",,"3","3 if resolveOrValue('skirt_gap') > 0.0 else 1","resolveOrValue('adhesion_type') == 'skirt'","Cura/resources/definitions/fdmprinter.def.json","platform_adhesion > skirt_height","Build Plate Adhesion > Skirt Height","",""
"settings","platform_adhesion","Build Plate Adhesion","","","skirt_gap","Skirt Distance","float","mm","3","","resolveOrValue('adhesion_type') == 'skirt'","Cura/resources/definitions/fdmprinter.def.json","platform_adhesion > skirt_gap","Build Plate Adhesion > Skirt Distance","",""
"settings","platform_adhesion","Build Plate Adhesion","","","skirt_brim_minimal_length","Skirt/Brim Minimum Length","float","mm","250","","resolveOrValue('adhesion_type') == 'skirt' or resolveOrValue('adhesion_type') == 'brim'","Cura/resources/definitions/fdmprinter.def.json","platform_adhesion > skirt_brim_minimal_length","Build Plate Adhesion > Skirt/Brim Minimum Length","",""
"settings","platform_adhesion","Build Plate Adhesion","brim_width","Brim Width","brim_width","Brim Width","float","mm","8.0","","resolveOrValue('adhesion_type') == 'brim'","Cura/resources/definitions/fdmprinter.def.json","platform_adhesion > brim_width","Build Plate Adhesion > Brim Width","",""
"settings","platform_adhesion","Build Plate Adhesion","brim_width","Brim Width","brim_line_count","Brim Line Count","int",,"20","math.ceil(brim_width / (skirt_brim_line_width * initial_layer_line_width_factor / 100.0))","resolveOrValue('adhesion_type') == 'brim'","Cura/resources/definitions/fdmprinter.def.json","platform_adhesion > brim_width > brim_line_count","Build Plate Adhesion > Brim Width > Brim Line Count","",""
"settings","platform_adhesion","Build Plate Adhesion","","","brim_gap","Brim Distance","float","mm","0","","resolveOrValue('adhesion_type') == 'brim'","Cura/resources/definitions/fdmprinter.def.json","platform_adhesion > brim_gap","Build Plate Adhesion > Brim Distance","",""
"settings","platform_adhesion","Build Plate Adhesion","","","brim_replaces_support","Brim Replaces Support","bool",,"True","","resolveOrValue('adhesion_type') == 'brim' and (support_enable or support_meshes_present)","Cura/resources/definitions/fdmprinter.def.json","platform_adhesion > brim_replaces_support","Build Plate Adhesion > Brim Replaces Support","",""
"settings","platform_adhesion","Build Plate Adhesion","","","brim_location","Brim Location","enum",,"outside","","resolveOrValue('adhesion_type') == 'brim'","Cura/resources/definitions/fdmprinter.def.json","platform_adhesion > brim_location","Build Plate Adhesion > Brim Location","",""
"settings","platform_adhesion","Build Plate Adhesion","","","brim_inside_margin","Brim Avoid Margin","float","mm","1.6","line_width * 4","resolveOrValue('adhesion_type') == 'brim'","Cura/resources/definitions/fdmprinter.def.json","platform_adhesion > brim_inside_margin","Build Plate Adhesion > Brim Avoid Margin","",""
"settings","platform_adhesion","Build Plate Adhesion","","","brim_smart_ordering","Smart Brim","bool",,"True","","resolveOrValue('adhesion_type') == 'brim'","Cura/resources/definitions/fdmprinter.def.json","platform_adhesion > brim_smart_ordering","Build Plate Adhesion > Smart Brim","",""
"settings","platform_adhesion","Build Plate Adhesion","raft_margin","Raft Extra Margin","raft_margin","Raft Extra Margin","float","mm","15","","resolveOrValue('adhesion_type') == 'raft'","Cura/resources/definitions/fdmprinter.def.json","platform_adhesion > raft_margin","Build Plate Adhesion > Raft Extra Margin","",""
"settings","platform_adhesion","Build Plate Adhesion","raft_margin","Raft Extra Margin","raft_base_margin","Raft Base Extra Margin","float","mm","15","raft_margin","resolveOrValue('adhesion_type') == 'raft'","Cura/resources/definitions/fdmprinter.def.json","platform_adhesion > raft_margin > raft_base_margin","Build Plate Adhesion > Raft Extra Margin > Raft Base Extra Margin","",""
"settings","platform_adhesion","Build Plate Adhesion","raft_margin","Raft Extra Margin","raft_interface_margin","Raft Middle Extra Margin","float","mm","15","raft_margin","resolveOrValue('adhesion_type') == 'raft'","Cura/resources/definitions/fdmprinter.def.json","platform_adhesion > raft_margin > raft_interface_margin","Build Plate Adhesion > Raft Extra Margin > Raft Middle Extra Margin","",""
"settings","platform_adhesion","Build Plate Adhesion","raft_margin","Raft Extra Margin","raft_surface_margin","Raft Top Extra Margin","float","mm","15","raft_margin","resolveOrValue('adhesion_type') == 'raft'","Cura/resources/definitions/fdmprinter.def.json","platform_adhesion > raft_margin > raft_surface_margin","Build Plate Adhesion > Raft Extra Margin > Raft Top Extra Margin","",""
"settings","platform_adhesion","Build Plate Adhesion","raft_remove_inside_corners","Remove Raft Inside Corners","raft_remove_inside_corners","Remove Raft Inside Corners","bool",,"False","","resolveOrValue('adhesion_type') == 'raft'","Cura/resources/definitions/fdmprinter.def.json","platform_adhesion > raft_remove_inside_corners","Build Plate Adhesion > Remove Raft Inside Corners","",""
"settings","platform_adhesion","Build Plate Adhesion","raft_remove_inside_corners","Remove Raft Inside Corners","raft_base_remove_inside_corners","Remove Raft Base Inside Corners","bool",,"False","raft_remove_inside_corners","resolveOrValue('adhesion_type') == 'raft'","Cura/resources/definitions/fdmprinter.def.json","platform_adhesion > raft_remove_inside_corners > raft_base_remove_inside_corners","Build Plate Adhesion > Remove Raft Inside Corners > Remove Raft Base Inside Corners","",""
"settings","platform_adhesion","Build Plate Adhesion","raft_remove_inside_corners","Remove Raft Inside Corners","raft_interface_remove_inside_corners","Remove Raft Middle Inside Corners","bool",,"False","raft_remove_inside_corners","resolveOrValue('adhesion_type') == 'raft'","Cura/resources/definitions/fdmprinter.def.json","platform_adhesion > raft_remove_inside_corners > raft_interface_remove_inside_corners","Build Plate Adhesion > Remove Raft Inside Corners > Remove Raft Middle Inside Corners","",""
"settings","platform_adhesion","Build Plate Adhesion","raft_remove_inside_corners","Remove Raft Inside Corners","raft_surface_remove_inside_corners","Remove Raft Top Inside Corners","bool",,"False","raft_remove_inside_corners","resolveOrValue('adhesion_type') == 'raft'","Cura/resources/definitions/fdmprinter.def.json","platform_adhesion > raft_remove_inside_corners > raft_surface_remove_inside_corners","Build Plate Adhesion > Remove Raft Inside Corners > Remove Raft Top Inside Corners","",""
"settings","platform_adhesion","Build Plate Adhesion","raft_smoothing","Raft Smoothing","raft_smoothing","Raft Smoothing","float","mm","5","","resolveOrValue('adhesion_type') == 'raft' and not raft_remove_inside_corners","Cura/resources/definitions/fdmprinter.def.json","platform_adhesion > raft_smoothing","Build Plate Adhesion > Raft Smoothing","",""
"settings","platform_adhesion","Build Plate Adhesion","raft_smoothing","Raft Smoothing","raft_base_smoothing","Raft Base Smoothing","float","mm","5","raft_smoothing","resolveOrValue('adhesion_type') == 'raft' and not raft_base_remove_inside_corners","Cura/resources/definitions/fdmprinter.def.json","platform_adhesion > raft_smoothing > raft_base_smoothing","Build Plate Adhesion > Raft Smoothing > Raft Base Smoothing","",""
"settings","platform_adhesion","Build Plate Adhesion","raft_smoothing","Raft Smoothing","raft_interface_smoothing","Raft Middle Smoothing","float","mm","5","raft_smoothing","resolveOrValue('adhesion_type') == 'raft' and not raft_interface_remove_inside_corners","Cura/resources/definitions/fdmprinter.def.json","platform_adhesion > raft_smoothing > raft_interface_smoothing","Build Plate Adhesion > Raft Smoothing > Raft Middle Smoothing","",""
"settings","platform_adhesion","Build Plate Adhesion","raft_smoothing","Raft Smoothing","raft_surface_smoothing","Raft Top Smoothing","float","mm","5","raft_smoothing","resolveOrValue('adhesion_type') == 'raft' and not raft_surface_remove_inside_corners","Cura/resources/definitions/fdmprinter.def.json","platform_adhesion > raft_smoothing > raft_surface_smoothing","Build Plate Adhesion > Raft Smoothing > Raft Top Smoothing","",""
"settings","platform_adhesion","Build Plate Adhesion","","","raft_airgap","Raft Air Gap","float","mm","0.3","","resolveOrValue('adhesion_type') == 'raft'","Cura/resources/definitions/fdmprinter.def.json","platform_adhesion > raft_airgap","Build Plate Adhesion > Raft Air Gap","",""
"settings","platform_adhesion","Build Plate Adhesion","","","layer_0_z_overlap","Initial Layer Z Overlap","float","mm","0.22","raft_airgap / 2","resolveOrValue('adhesion_type') == 'raft'","Cura/resources/definitions/fdmprinter.def.json","platform_adhesion > layer_0_z_overlap","Build Plate Adhesion > Initial Layer Z Overlap","",""
"settings","platform_adhesion","Build Plate Adhesion","","","raft_base_thickness","Raft Base Thickness","float","mm","0.3","resolveOrValue('layer_height_0') * 1.2","resolveOrValue('adhesion_type') == 'raft'","Cura/resources/definitions/fdmprinter.def.json","platform_adhesion > raft_base_thickness","Build Plate Adhesion > Raft Base Thickness","",""
"settings","platform_adhesion","Build Plate Adhesion","","","raft_base_line_width","Raft Base Line Width","float","mm","0.8","machine_nozzle_size * 2","resolveOrValue('adhesion_type') == 'raft'","Cura/resources/definitions/fdmprinter.def.json","platform_adhesion > raft_base_line_width","Build Plate Adhesion > Raft Base Line Width","",""
"settings","platform_adhesion","Build Plate Adhesion","","","raft_base_line_spacing","Raft Base Line Spacing","float","mm","1.6","raft_base_line_width * 2","resolveOrValue('adhesion_type') == 'raft'","Cura/resources/definitions/fdmprinter.def.json","platform_adhesion > raft_base_line_spacing","Build Plate Adhesion > Raft Base Line Spacing","",""
"settings","platform_adhesion","Build Plate Adhesion","raft_base_infill_overlap","Raft Base Infill Overlap Percentage","raft_base_infill_overlap","Raft Base Infill Overlap Percentage","float","%","0","","resolveOrValue('adhesion_type') == 'raft'","Cura/resources/definitions/fdmprinter.def.json","platform_adhesion > raft_base_infill_overlap","Build Plate Adhesion > Raft Base Infill Overlap Percentage","",""
"settings","platform_adhesion","Build Plate Adhesion","raft_base_infill_overlap","Raft Base Infill Overlap Percentage","raft_base_infill_overlap_mm","Raft Base Infill Overlap","float","mm","0.0","raft_base_line_width * raft_base_infill_overlap / 100","resolveOrValue('adhesion_type') == 'raft'","Cura/resources/definitions/fdmprinter.def.json","platform_adhesion > raft_base_infill_overlap > raft_base_infill_overlap_mm","Build Plate Adhesion > Raft Base Infill Overlap Percentage > Raft Base Infill Overlap","",""
"settings","platform_adhesion","Build Plate Adhesion","","","raft_interface_layers","Raft Middle Layers","int",,"1","","resolveOrValue('adhesion_type') == 'raft'","Cura/resources/definitions/fdmprinter.def.json","platform_adhesion > raft_interface_layers","Build Plate Adhesion > Raft Middle Layers","",""
"settings","platform_adhesion","Build Plate Adhesion","","","raft_interface_thickness","Raft Middle Thickness","float","mm","0.15","resolveOrValue('layer_height') * 1.5","resolveOrValue('adhesion_type') == 'raft' and raft_interface_layers > 0","Cura/resources/definitions/fdmprinter.def.json","platform_adhesion > raft_interface_thickness","Build Plate Adhesion > Raft Middle Thickness","",""
"settings","platform_adhesion","Build Plate Adhesion","","","raft_interface_line_width","Raft Middle Line Width","float","mm","0.7","line_width * 2","resolveOrValue('adhesion_type') == 'raft' and raft_interface_layers > 0","Cura/resources/definitions/fdmprinter.def.json","platform_adhesion > raft_interface_line_width","Build Plate Adhesion > Raft Middle Line Width","",""
"settings","platform_adhesion","Build Plate Adhesion","","","raft_interface_line_spacing","Raft Middle Spacing","float","mm","0.9","raft_interface_line_width + 0.2","resolveOrValue('adhesion_type') == 'raft' and raft_interface_layers > 0","Cura/resources/definitions/fdmprinter.def.json","platform_adhesion > raft_interface_line_spacing","Build Plate Adhesion > Raft Middle Spacing","",""
"settings","platform_adhesion","Build Plate Adhesion","","","raft_interface_z_offset","Raft Interface Z Offset","float","mm","0.0","","resolveOrValue('adhesion_type') == 'raft' and raft_interface_layers > 0","Cura/resources/definitions/fdmprinter.def.json","platform_adhesion > raft_interface_z_offset","Build Plate Adhesion > Raft Interface Z Offset","",""
"settings","platform_adhesion","Build Plate Adhesion","raft_interface_infill_overlap","Raft Interface Infill Overlap Percentage","raft_interface_infill_overlap","Raft Interface Infill Overlap Percentage","float","%","0","","resolveOrValue('adhesion_type') == 'raft'","Cura/resources/definitions/fdmprinter.def.json","platform_adhesion > raft_interface_infill_overlap","Build Plate Adhesion > Raft Interface Infill Overlap Percentage","",""
"settings","platform_adhesion","Build Plate Adhesion","raft_interface_infill_overlap","Raft Interface Infill Overlap Percentage","raft_interface_infill_overlap_mm","Raft Interface Infill Overlap","float","mm","0.0","raft_interface_line_width * raft_interface_infill_overlap / 100","resolveOrValue('adhesion_type') == 'raft'","Cura/resources/definitions/fdmprinter.def.json","platform_adhesion > raft_interface_infill_overlap > raft_interface_infill_overlap_mm","Build Plate Adhesion > Raft Interface Infill Overlap Percentage > Raft Interface Infill Overlap","",""
"settings","platform_adhesion","Build Plate Adhesion","","","raft_surface_layers","Raft Top Layers","int",,"2","","resolveOrValue('adhesion_type') == 'raft'","Cura/resources/definitions/fdmprinter.def.json","platform_adhesion > raft_surface_layers","Build Plate Adhesion > Raft Top Layers","",""
"settings","platform_adhesion","Build Plate Adhesion","","","raft_surface_thickness","Raft Top Layer Thickness","float","mm","0.1","resolveOrValue('layer_height')","resolveOrValue('adhesion_type') == 'raft' and raft_surface_layers > 0","Cura/resources/definitions/fdmprinter.def.json","platform_adhesion > raft_surface_thickness","Build Plate Adhesion > Raft Top Layer Thickness","",""
"settings","platform_adhesion","Build Plate Adhesion","","","raft_surface_line_width","Raft Top Line Width","float","mm","0.4","line_width","resolveOrValue('adhesion_type') == 'raft' and raft_surface_layers > 0","Cura/resources/definitions/fdmprinter.def.json","platform_adhesion > raft_surface_line_width","Build Plate Adhesion > Raft Top Line Width","",""
"settings","platform_adhesion","Build Plate Adhesion","","","raft_surface_line_spacing","Raft Top Spacing","float","mm","0.4","raft_surface_line_width","resolveOrValue('adhesion_type') == 'raft' and raft_surface_layers > 0","Cura/resources/definitions/fdmprinter.def.json","platform_adhesion > raft_surface_line_spacing","Build Plate Adhesion > Raft Top Spacing","",""
"settings","platform_adhesion","Build Plate Adhesion","","","raft_surface_z_offset","Raft Surface Z Offset","float","mm","0.0","","resolveOrValue('adhesion_type') == 'raft' and raft_surface_layers > 0","Cura/resources/definitions/fdmprinter.def.json","platform_adhesion > raft_surface_z_offset","Build Plate Adhesion > Raft Surface Z Offset","",""
"settings","platform_adhesion","Build Plate Adhesion","","","raft_surface_monotonic","Monotonic Raft Top Surface Order","bool",,"False","skin_monotonic","resolveOrValue('adhesion_type') == 'raft' and raft_surface_layers > 0","Cura/resources/definitions/fdmprinter.def.json","platform_adhesion > raft_surface_monotonic","Build Plate Adhesion > Monotonic Raft Top Surface Order","",""
"settings","platform_adhesion","Build Plate Adhesion","raft_surface_infill_overlap","Raft Surface Infill Overlap Percentage","raft_surface_infill_overlap","Raft Surface Infill Overlap Percentage","float","%","0","","resolveOrValue('adhesion_type') == 'raft'","Cura/resources/definitions/fdmprinter.def.json","platform_adhesion > raft_surface_infill_overlap","Build Plate Adhesion > Raft Surface Infill Overlap Percentage","",""
"settings","platform_adhesion","Build Plate Adhesion","raft_surface_infill_overlap","Raft Surface Infill Overlap Percentage","raft_surface_infill_overlap_mm","Raft Surface Infill Overlap","float","mm","0.0","raft_surface_line_width * raft_surface_infill_overlap / 100","resolveOrValue('adhesion_type') == 'raft'","Cura/resources/definitions/fdmprinter.def.json","platform_adhesion > raft_surface_infill_overlap > raft_surface_infill_overlap_mm","Build Plate Adhesion > Raft Surface Infill Overlap Percentage > Raft Surface Infill Overlap","",""
"settings","platform_adhesion","Build Plate Adhesion","raft_wall_count","Raft Wall Count","raft_wall_count","Raft Wall Count","int",,"1","","resolveOrValue('adhesion_type') == 'raft'","Cura/resources/definitions/fdmprinter.def.json","platform_adhesion > raft_wall_count","Build Plate Adhesion > Raft Wall Count","",""
"settings","platform_adhesion","Build Plate Adhesion","raft_wall_count","Raft Wall Count","raft_base_wall_count","Raft Base Wall Count","int",,"1","raft_wall_count","resolveOrValue('adhesion_type') == 'raft'","Cura/resources/definitions/fdmprinter.def.json","platform_adhesion > raft_wall_count > raft_base_wall_count","Build Plate Adhesion > Raft Wall Count > Raft Base Wall Count","",""
"settings","platform_adhesion","Build Plate Adhesion","raft_wall_count","Raft Wall Count","raft_interface_wall_count","Raft Middle Wall Count","int",,"0","","resolveOrValue('adhesion_type') == 'raft'","Cura/resources/definitions/fdmprinter.def.json","platform_adhesion > raft_wall_count > raft_interface_wall_count","Build Plate Adhesion > Raft Wall Count > Raft Middle Wall Count","",""
"settings","platform_adhesion","Build Plate Adhesion","raft_wall_count","Raft Wall Count","raft_surface_wall_count","Raft Top Wall Count","int",,"0","","resolveOrValue('adhesion_type') == 'raft'","Cura/resources/definitions/fdmprinter.def.json","platform_adhesion > raft_wall_count > raft_surface_wall_count","Build Plate Adhesion > Raft Wall Count > Raft Top Wall Count","",""
"settings","platform_adhesion","Build Plate Adhesion","raft_speed","Raft Print Speed","raft_speed","Raft Print Speed","float","mm/s","20","speed_print / 60 * 30","resolveOrValue('adhesion_type') == 'raft'","Cura/resources/definitions/fdmprinter.def.json","platform_adhesion > raft_speed","Build Plate Adhesion > Raft Print Speed","",""
"settings","platform_adhesion","Build Plate Adhesion","raft_speed","Raft Print Speed","raft_base_speed","Raft Base Print Speed","float","mm/s","15","0.75 * raft_speed","resolveOrValue('adhesion_type') == 'raft'","Cura/resources/definitions/fdmprinter.def.json","platform_adhesion > raft_speed > raft_base_speed","Build Plate Adhesion > Raft Print Speed > Raft Base Print Speed","",""
"settings","platform_adhesion","Build Plate Adhesion","raft_speed","Raft Print Speed","raft_interface_speed","Raft Middle Print Speed","float","mm/s","15","raft_speed * 0.75","resolveOrValue('adhesion_type') == 'raft' and raft_interface_layers > 0","Cura/resources/definitions/fdmprinter.def.json","platform_adhesion > raft_speed > raft_interface_speed","Build Plate Adhesion > Raft Print Speed > Raft Middle Print Speed","",""
"settings","platform_adhesion","Build Plate Adhesion","raft_speed","Raft Print Speed","raft_surface_speed","Raft Top Print Speed","float","mm/s","20","raft_speed","resolveOrValue('adhesion_type') == 'raft' and raft_surface_layers > 0","Cura/resources/definitions/fdmprinter.def.json","platform_adhesion > raft_speed > raft_surface_speed","Build Plate Adhesion > Raft Print Speed > Raft Top Print Speed","",""
"settings","platform_adhesion","Build Plate Adhesion","raft_acceleration","Raft Print Acceleration","raft_acceleration","Raft Print Acceleration","float","mm/s²","3000","acceleration_print","resolveOrValue('adhesion_type') == 'raft' and resolveOrValue('acceleration_enabled')","Cura/resources/definitions/fdmprinter.def.json","platform_adhesion > raft_acceleration","Build Plate Adhesion > Raft Print Acceleration","",""
"settings","platform_adhesion","Build Plate Adhesion","raft_acceleration","Raft Print Acceleration","raft_base_acceleration","Raft Base Print Acceleration","float","mm/s²","3000","raft_acceleration","resolveOrValue('adhesion_type') == 'raft' and resolveOrValue('acceleration_enabled')","Cura/resources/definitions/fdmprinter.def.json","platform_adhesion > raft_acceleration > raft_base_acceleration","Build Plate Adhesion > Raft Print Acceleration > Raft Base Print Acceleration","",""
"settings","platform_adhesion","Build Plate Adhesion","raft_acceleration","Raft Print Acceleration","raft_interface_acceleration","Raft Middle Print Acceleration","float","mm/s²","3000","raft_acceleration","resolveOrValue('adhesion_type') == 'raft' and resolveOrValue('acceleration_enabled') and raft_interface_layers > 0","Cura/resources/definitions/fdmprinter.def.json","platform_adhesion > raft_acceleration > raft_interface_acceleration","Build Plate Adhesion > Raft Print Acceleration > Raft Middle Print Acceleration","",""
"settings","platform_adhesion","Build Plate Adhesion","raft_acceleration","Raft Print Acceleration","raft_surface_acceleration","Raft Top Print Acceleration","float","mm/s²","3000","raft_acceleration","resolveOrValue('adhesion_type') == 'raft' and resolveOrValue('acceleration_enabled') and raft_surface_layers > 0","Cura/resources/definitions/fdmprinter.def.json","platform_adhesion > raft_acceleration > raft_surface_acceleration","Build Plate Adhesion > Raft Print Acceleration > Raft Top Print Acceleration","",""
"settings","platform_adhesion","Build Plate Adhesion","raft_jerk","Raft Print Jerk","raft_jerk","Raft Print Jerk","float","mm/s","20","jerk_print","resolveOrValue('adhesion_type') == 'raft' and resolveOrValue('jerk_enabled')","Cura/resources/definitions/fdmprinter.def.json","platform_adhesion > raft_jerk","Build Plate Adhesion > Raft Print Jerk","",""
"settings","platform_adhesion","Build Plate Adhesion","raft_jerk","Raft Print Jerk","raft_base_jerk","Raft Base Print Jerk","float","mm/s","20","raft_jerk","resolveOrValue('adhesion_type') == 'raft' and resolveOrValue('jerk_enabled')","Cura/resources/definitions/fdmprinter.def.json","platform_adhesion > raft_jerk > raft_base_jerk","Build Plate Adhesion > Raft Print Jerk > Raft Base Print Jerk","",""
"settings","platform_adhesion","Build Plate Adhesion","raft_jerk","Raft Print Jerk","raft_interface_jerk","Raft Middle Print Jerk","float","mm/s","20","raft_jerk","resolveOrValue('adhesion_type') == 'raft' and resolveOrValue('jerk_enabled') and raft_interface_layers > 0","Cura/resources/definitions/fdmprinter.def.json","platform_adhesion > raft_jerk > raft_interface_jerk","Build Plate Adhesion > Raft Print Jerk > Raft Middle Print Jerk","",""
"settings","platform_adhesion","Build Plate Adhesion","raft_jerk","Raft Print Jerk","raft_surface_jerk","Raft Top Print Jerk","float","mm/s","20","raft_jerk","resolveOrValue('adhesion_type') == 'raft' and resolveOrValue('jerk_enabled') and raft_surface_layers > 0","Cura/resources/definitions/fdmprinter.def.json","platform_adhesion > raft_jerk > raft_surface_jerk","Build Plate Adhesion > Raft Print Jerk > Raft Top Print Jerk","",""
"settings","platform_adhesion","Build Plate Adhesion","raft_fan_speed","Raft Fan Speed","raft_fan_speed","Raft Fan Speed","float","%","0","","resolveOrValue('adhesion_type') == 'raft'","Cura/resources/definitions/fdmprinter.def.json","platform_adhesion > raft_fan_speed","Build Plate Adhesion > Raft Fan Speed","",""
"settings","platform_adhesion","Build Plate Adhesion","raft_fan_speed","Raft Fan Speed","raft_base_fan_speed","Raft Base Fan Speed","float","%","0","raft_fan_speed","resolveOrValue('adhesion_type') == 'raft'","Cura/resources/definitions/fdmprinter.def.json","platform_adhesion > raft_fan_speed > raft_base_fan_speed","Build Plate Adhesion > Raft Fan Speed > Raft Base Fan Speed","",""
"settings","platform_adhesion","Build Plate Adhesion","raft_fan_speed","Raft Fan Speed","raft_interface_fan_speed","Raft Middle Fan Speed","float","%","0","raft_fan_speed","resolveOrValue('adhesion_type') == 'raft' and raft_interface_layers > 0","Cura/resources/definitions/fdmprinter.def.json","platform_adhesion > raft_fan_speed > raft_interface_fan_speed","Build Plate Adhesion > Raft Fan Speed > Raft Middle Fan Speed","",""
"settings","platform_adhesion","Build Plate Adhesion","raft_fan_speed","Raft Fan Speed","raft_surface_fan_speed","Raft Top Fan Speed","float","%","0","raft_fan_speed","resolveOrValue('adhesion_type') == 'raft' and raft_surface_layers > 0","Cura/resources/definitions/fdmprinter.def.json","platform_adhesion > raft_fan_speed > raft_surface_fan_speed","Build Plate Adhesion > Raft Fan Speed > Raft Top Fan Speed","",""
"settings","platform_adhesion","Build Plate Adhesion","raft_flow","Raft Flow","raft_flow","Raft Flow","float","%","100.0","","resolveOrValue('adhesion_type') == 'raft'","Cura/resources/definitions/fdmprinter.def.json","platform_adhesion > raft_flow","Build Plate Adhesion > Raft Flow","",""
"settings","platform_adhesion","Build Plate Adhesion","raft_flow","Raft Flow","raft_base_flow","Raft Base Flow","float","%","100.0","raft_flow","resolveOrValue('adhesion_type') == 'raft'","Cura/resources/definitions/fdmprinter.def.json","platform_adhesion > raft_flow > raft_base_flow","Build Plate Adhesion > Raft Flow > Raft Base Flow","",""
"settings","platform_adhesion","Build Plate Adhesion","raft_flow","Raft Flow","raft_interface_flow","Raft Interface Flow","float","%","100.0","raft_flow","resolveOrValue('adhesion_type') == 'raft'","Cura/resources/definitions/fdmprinter.def.json","platform_adhesion > raft_flow > raft_interface_flow","Build Plate Adhesion > Raft Flow > Raft Interface Flow","",""
"settings","platform_adhesion","Build Plate Adhesion","raft_flow","Raft Flow","raft_surface_flow","Raft Surface Flow","float","%","100.0","raft_flow","resolveOrValue('adhesion_type') == 'raft'","Cura/resources/definitions/fdmprinter.def.json","platform_adhesion > raft_flow > raft_surface_flow","Build Plate Adhesion > Raft Flow > Raft Surface Flow","",""
"settings","platform_adhesion","Build Plate Adhesion","","","machine_scan_first_layer","Scan the first layer","bool",,"False","","False","Cura/resources/definitions/fdmprinter.def.json","platform_adhesion > machine_scan_first_layer","Build Plate Adhesion > Scan the first layer","",""
"settings","dual","Dual Extrusion","","","prime_tower_enable","Enable Prime Tower","bool",,"False","","extruders_enabled_count > 1","Cura/resources/definitions/fdmprinter.def.json","dual > prime_tower_enable","Dual Extrusion > Enable Prime Tower","",""
"settings","dual","Dual Extrusion","","","prime_tower_mode","Prime Tower Type","enum",,"normal","","prime_tower_enable","Cura/resources/definitions/fdmprinter.def.json","dual > prime_tower_mode","Dual Extrusion > Prime Tower Type","",""
"settings","dual","Dual Extrusion","","","prime_tower_size","Prime Tower Size","float","mm","20","","prime_tower_enable","Cura/resources/definitions/fdmprinter.def.json","dual > prime_tower_size","Dual Extrusion > Prime Tower Size","",""
"settings","dual","Dual Extrusion","","","prime_tower_min_volume","Prime Tower Minimum Volume","float","mm³","6","","prime_tower_enable","Cura/resources/definitions/fdmprinter.def.json","dual > prime_tower_min_volume","Dual Extrusion > Prime Tower Minimum Volume","",""
"settings","dual","Dual Extrusion","","","prime_tower_max_bridging_distance","Prime Tower Maximum Bridging Distance","float","mm","5","","prime_tower_enable","Cura/resources/definitions/fdmprinter.def.json","dual > prime_tower_max_bridging_distance","Dual Extrusion > Prime Tower Maximum Bridging Distance","",""
"settings","dual","Dual Extrusion","","","prime_tower_min_shell_thickness","Prime Tower Minimum Shell Thickness","float","mm","0.4","","prime_tower_enable and resolveOrValue('prime_tower_mode') == 'interleaved'","Cura/resources/definitions/fdmprinter.def.json","dual > prime_tower_min_shell_thickness","Dual Extrusion > Prime Tower Minimum Shell Thickness","",""
"settings","dual","Dual Extrusion","","","prime_tower_position_x","Prime Tower X Position","float","mm","200","((resolveOrValue('machine_width') / 2 + resolveOrValue('prime_tower_size') / 2) if resolveOrValue('machine_shape') == 'elliptic' else (resolveOrValue('machine_width') - (resolveOrValue('prime_tower_base_size') if (resolveOrValue('adhesion_type') == 'raft' or resolveOrValue('prime_tower_brim_enable')) else 0) - max(max(extruderValues('travel_avoid_distance')) + max(extruderValues('machine_nozzle_offset_x')) + max(extruderValues('support_offset')) + (extruderValue(skirt_brim_extruder_nr, 'skirt_brim_line_width') * extruderValue(skirt_brim_extruder_nr, 'skirt_line_count') * extruderValue(skirt_brim_extruder_nr, 'initial_layer_line_width_factor') / 100 + extruderValue(skirt_brim_extruder_nr, 'skirt_gap') if resolveOrValue('adhesion_type') == 'skirt' else 0) + (resolveOrValue('draft_shield_dist') if resolveOrValue('draft_shield_enabled') else 0), max(map(abs, extruderValues('machine_nozzle_offset_x'))), 1))) - (resolveOrValue('machine_width') / 2 if resolveOrValue('machine_center_is_zero') else 0)","prime_tower_enable","Cura/resources/definitions/fdmprinter.def.json","dual > prime_tower_position_x","Dual Extrusion > Prime Tower X Position","",""
"settings","dual","Dual Extrusion","","","prime_tower_position_y","Prime Tower Y Position","float","mm","200","machine_depth - prime_tower_size - (resolveOrValue('prime_tower_base_size') if (resolveOrValue('adhesion_type') == 'raft' or resolveOrValue('prime_tower_brim_enable')) else 0) - max(max(extruderValues('travel_avoid_distance')) + max(extruderValues('machine_nozzle_offset_y')) + max(extruderValues('support_offset')) + (extruderValue(skirt_brim_extruder_nr, 'skirt_brim_line_width') * extruderValue(skirt_brim_extruder_nr, 'skirt_line_count') * extruderValue(skirt_brim_extruder_nr, 'initial_layer_line_width_factor') / 100 + extruderValue(skirt_brim_extruder_nr, 'skirt_gap') if resolveOrValue('adhesion_type') == 'skirt' else 0) + (resolveOrValue('draft_shield_dist') if resolveOrValue('draft_shield_enabled') else 0), max(map(abs, extruderValues('machine_nozzle_offset_y'))), 1) - (resolveOrValue('machine_depth') / 2 if resolveOrValue('machine_center_is_zero') else 0)","prime_tower_enable","Cura/resources/definitions/fdmprinter.def.json","dual > prime_tower_position_y","Dual Extrusion > Prime Tower Y Position","",""
"settings","dual","Dual Extrusion","","","prime_tower_wipe_enabled","Wipe Inactive Nozzle on Prime Tower","bool",,"True","","prime_tower_enable","Cura/resources/definitions/fdmprinter.def.json","dual > prime_tower_wipe_enabled","Dual Extrusion > Wipe Inactive Nozzle on Prime Tower","",""
"settings","dual","Dual Extrusion","","","prime_tower_brim_enable","Prime Tower Base","bool",,"False","resolveOrValue('adhesion_type') in ['raft', 'brim']","prime_tower_enable and resolveOrValue('adhesion_type') != 'raft'","Cura/resources/definitions/fdmprinter.def.json","dual > prime_tower_brim_enable","Dual Extrusion > Prime Tower Base","",""
"settings","dual","Dual Extrusion","","","prime_tower_base_size","Prime Tower Base Size","float","mm","1.2","resolveOrValue('raft_margin') if resolveOrValue('adhesion_type') == 'raft' else resolveOrValue('brim_width')","prime_tower_enable and (resolveOrValue('prime_tower_brim_enable') or resolveOrValue('adhesion_type') == 'raft')","Cura/resources/definitions/fdmprinter.def.json","dual > prime_tower_base_size","Dual Extrusion > Prime Tower Base Size","",""
"settings","dual","Dual Extrusion","","","prime_tower_base_height","Prime Tower Base Height","float","mm","0","resolveOrValue('layer_height')","prime_tower_enable and (resolveOrValue('prime_tower_brim_enable') or resolveOrValue('adhesion_type') == 'raft')","Cura/resources/definitions/fdmprinter.def.json","dual > prime_tower_base_height","Dual Extrusion > Prime Tower Base Height","",""
"settings","dual","Dual Extrusion","","","prime_tower_base_curve_magnitude","Prime Tower Base Slope","float",,"4","","prime_tower_enable and (resolveOrValue('prime_tower_brim_enable') or resolveOrValue('adhesion_type') == 'raft')","Cura/resources/definitions/fdmprinter.def.json","dual > prime_tower_base_curve_magnitude","Dual Extrusion > Prime Tower Base Slope","",""
"settings","dual","Dual Extrusion","","","prime_tower_raft_base_line_spacing","Prime Tower Raft Line Spacing","float","mm","1.6","raft_base_line_spacing","prime_tower_enable and resolveOrValue('adhesion_type') == 'raft'","Cura/resources/definitions/fdmprinter.def.json","dual > prime_tower_raft_base_line_spacing","Dual Extrusion > Prime Tower Raft Line Spacing","",""
"settings","dual","Dual Extrusion","","","ooze_shield_enabled","Enable Ooze Shield","bool",,"False","","extruders_enabled_count > 1","Cura/resources/definitions/fdmprinter.def.json","dual > ooze_shield_enabled","Dual Extrusion > Enable Ooze Shield","",""
"settings","dual","Dual Extrusion","","","ooze_shield_angle","Ooze Shield Angle","float","°","60","","resolveOrValue('ooze_shield_enabled')","Cura/resources/definitions/fdmprinter.def.json","dual > ooze_shield_angle","Dual Extrusion > Ooze Shield Angle","",""
"settings","dual","Dual Extrusion","","","ooze_shield_dist","Ooze Shield Distance","float","mm","2","","resolveOrValue('ooze_shield_enabled')","Cura/resources/definitions/fdmprinter.def.json","dual > ooze_shield_dist","Dual Extrusion > Ooze Shield Distance","",""
"settings","dual","Dual Extrusion","","","switch_extruder_retraction_amount","Nozzle Switch Retraction Distance","float","mm","20","machine_heat_zone_length","retraction_enable and extruders_enabled_count > 1","Cura/resources/definitions/fdmprinter.def.json","dual > switch_extruder_retraction_amount","Dual Extrusion > Nozzle Switch Retraction Distance","",""
"settings","dual","Dual Extrusion","switch_extruder_retraction_speeds","Nozzle Switch Retraction Speed","switch_extruder_retraction_speeds","Nozzle Switch Retraction Speed","float","mm/s","20","","retraction_enable and extruders_enabled_count > 1","Cura/resources/definitions/fdmprinter.def.json","dual > switch_extruder_retraction_speeds","Dual Extrusion > Nozzle Switch Retraction Speed","",""
"settings","dual","Dual Extrusion","switch_extruder_retraction_speeds","Nozzle Switch Retraction Speed","switch_extruder_retraction_speed","Nozzle Switch Retract Speed","float","mm/s","20","switch_extruder_retraction_speeds","retraction_enable and extruders_enabled_count > 1","Cura/resources/definitions/fdmprinter.def.json","dual > switch_extruder_retraction_speeds > switch_extruder_retraction_speed","Dual Extrusion > Nozzle Switch Retraction Speed > Nozzle Switch Retract Speed","",""
"settings","dual","Dual Extrusion","switch_extruder_retraction_speeds","Nozzle Switch Retraction Speed","switch_extruder_prime_speed","Nozzle Switch Prime Speed","float","mm/s","20","switch_extruder_retraction_speeds","retraction_enable and extruders_enabled_count > 1","Cura/resources/definitions/fdmprinter.def.json","dual > switch_extruder_retraction_speeds > switch_extruder_prime_speed","Dual Extrusion > Nozzle Switch Retraction Speed > Nozzle Switch Prime Speed","",""
"settings","dual","Dual Extrusion","","","switch_extruder_extra_prime_amount","Nozzle Switch Extra Prime Amount","float","mm³","0","","retraction_enable and extruders_enabled_count > 1","Cura/resources/definitions/fdmprinter.def.json","dual > switch_extruder_extra_prime_amount","Dual Extrusion > Nozzle Switch Extra Prime Amount","",""
"settings","dual","Dual Extrusion","","","interlocking_enable","Generate Interlocking Structure","bool",,"False","","extruders_enabled_count > 1","Cura/resources/definitions/fdmprinter.def.json","dual > interlocking_enable","Dual Extrusion > Generate Interlocking Structure","",""
"settings","dual","Dual Extrusion","","","interlocking_beam_width","Interlocking Beam Width","float","mm","0.8","2 * wall_line_width_0","extruders_enabled_count > 1 and resolveOrValue('interlocking_enable')","Cura/resources/definitions/fdmprinter.def.json","dual > interlocking_beam_width","Dual Extrusion > Interlocking Beam Width","",""
"settings","dual","Dual Extrusion","","","interlocking_orientation","Interlocking Structure Orientation","float","°","22.5","","extruders_enabled_count > 1 and resolveOrValue('interlocking_enable')","Cura/resources/definitions/fdmprinter.def.json","dual > interlocking_orientation","Dual Extrusion > Interlocking Structure Orientation","",""
"settings","dual","Dual Extrusion","","","interlocking_beam_layer_count","Interlocking Beam Layer Count","int",,"2","","extruders_enabled_count > 1 and resolveOrValue('interlocking_enable')","Cura/resources/definitions/fdmprinter.def.json","dual > interlocking_beam_layer_count","Dual Extrusion > Interlocking Beam Layer Count","",""
"settings","dual","Dual Extrusion","","","interlocking_depth","Interlocking Depth","int",,"2","","extruders_enabled_count > 1 and resolveOrValue('interlocking_enable')","Cura/resources/definitions/fdmprinter.def.json","dual > interlocking_depth","Dual Extrusion > Interlocking Depth","",""
"settings","dual","Dual Extrusion","","","interlocking_boundary_avoidance","Interlocking Boundary Avoidance","int",,"2","","extruders_enabled_count > 1 and resolveOrValue('interlocking_enable')","Cura/resources/definitions/fdmprinter.def.json","dual > interlocking_boundary_avoidance","Dual Extrusion > Interlocking Boundary Avoidance","",""
"settings","dual","Dual Extrusion","","","multi_material_paint_resolution","Multi-material Precision","float","mm","0.2","min(line_width / 2, layer_height)","extruders_enabled_count > 1","Cura/resources/definitions/fdmprinter.def.json","dual > multi_material_paint_resolution","Dual Extrusion > Multi-material Precision","",""
"settings","dual","Dual Extrusion","","","multi_material_paint_depth","Multi-material Depth","float","mm","4","line_width * 10","extruders_enabled_count > 1","Cura/resources/definitions/fdmprinter.def.json","dual > multi_material_paint_depth","Dual Extrusion > Multi-material Depth","",""
"settings","meshfix","Mesh Fixes","","","meshfix_union_all","Union Overlapping Volumes","bool",,"True","magic_mesh_surface_mode != 'surface'","","Cura/resources/definitions/fdmprinter.def.json","meshfix > meshfix_union_all","Mesh Fixes > Union Overlapping Volumes","",""
"settings","meshfix","Mesh Fixes","","","meshfix_union_all_remove_holes","Remove All Holes","bool",,"False","magic_spiralize","","Cura/resources/definitions/fdmprinter.def.json","meshfix > meshfix_union_all_remove_holes","Mesh Fixes > Remove All Holes","",""
"settings","meshfix","Mesh Fixes","","","meshfix_extensive_stitching","Extensive Stitching","bool",,"False","","","Cura/resources/definitions/fdmprinter.def.json","meshfix > meshfix_extensive_stitching","Mesh Fixes > Extensive Stitching","",""
"settings","meshfix","Mesh Fixes","","","meshfix_keep_open_polygons","Keep Disconnected Faces","bool",,"False","","","Cura/resources/definitions/fdmprinter.def.json","meshfix > meshfix_keep_open_polygons","Mesh Fixes > Keep Disconnected Faces","",""
"settings","meshfix","Mesh Fixes","","","multiple_mesh_overlap","Merged Meshes Overlap","float","mm","0.15","","","Cura/resources/definitions/fdmprinter.def.json","meshfix > multiple_mesh_overlap","Mesh Fixes > Merged Meshes Overlap","",""
"settings","meshfix","Mesh Fixes","","","carve_multiple_volumes","Remove Mesh Intersection","bool",,"True","extruders_enabled_count > 1","all(p != 'surface' for p in extruderValues('magic_mesh_surface_mode'))","Cura/resources/definitions/fdmprinter.def.json","meshfix > carve_multiple_volumes","Mesh Fixes > Remove Mesh Intersection","",""
"settings","meshfix","Mesh Fixes","","","alternate_carve_order","Alternate Mesh Removal","bool",,"True","","carve_multiple_volumes and all(p != 'surface' for p in extruderValues('magic_mesh_surface_mode'))","Cura/resources/definitions/fdmprinter.def.json","meshfix > alternate_carve_order","Mesh Fixes > Alternate Mesh Removal","",""
"settings","meshfix","Mesh Fixes","","","remove_empty_first_layers","Remove Empty First Layers","bool",,"True","","not (support_enable or support_meshes_present)","Cura/resources/definitions/fdmprinter.def.json","meshfix > remove_empty_first_layers","Mesh Fixes > Remove Empty First Layers","",""
"settings","meshfix","Mesh Fixes","","","meshfix_maximum_resolution","Maximum Resolution","float","mm","0.5","","","Cura/resources/definitions/fdmprinter.def.json","meshfix > meshfix_maximum_resolution","Mesh Fixes > Maximum Resolution","",""
"settings","meshfix","Mesh Fixes","","","meshfix_maximum_travel_resolution","Maximum Travel Resolution","float","mm","1.0","min(meshfix_maximum_resolution * speed_travel / speed_print, 2 * line_width)","","Cura/resources/definitions/fdmprinter.def.json","meshfix > meshfix_maximum_travel_resolution","Mesh Fixes > Maximum Travel Resolution","",""
"settings","meshfix","Mesh Fixes","","","meshfix_maximum_deviation","Maximum Deviation","float","mm","0.025","","","Cura/resources/definitions/fdmprinter.def.json","meshfix > meshfix_maximum_deviation","Mesh Fixes > Maximum Deviation","",""
"settings","meshfix","Mesh Fixes","","","meshfix_maximum_extrusion_area_deviation","Maximum Extrusion Area Deviation","float","μm²","50000","","","Cura/resources/definitions/fdmprinter.def.json","meshfix > meshfix_maximum_extrusion_area_deviation","Mesh Fixes > Maximum Extrusion Area Deviation","",""
"settings","meshfix","Mesh Fixes","","","meshfix_fluid_motion_enabled","Enable Fluid Motion","bool",,"True","","","Cura/resources/definitions/fdmprinter.def.json","meshfix > meshfix_fluid_motion_enabled","Mesh Fixes > Enable Fluid Motion","",""
"settings","meshfix","Mesh Fixes","","","meshfix_fluid_motion_shift_distance","Fluid Motion Shift Distance","float","mm","0.1","","meshfix_fluid_motion_enabled","Cura/resources/definitions/fdmprinter.def.json","meshfix > meshfix_fluid_motion_shift_distance","Mesh Fixes > Fluid Motion Shift Distance","",""
"settings","meshfix","Mesh Fixes","","","meshfix_fluid_motion_small_distance","Fluid Motion Small Distance","float","mm","0.01","","meshfix_fluid_motion_enabled","Cura/resources/definitions/fdmprinter.def.json","meshfix > meshfix_fluid_motion_small_distance","Mesh Fixes > Fluid Motion Small Distance","",""
"settings","meshfix","Mesh Fixes","","","meshfix_fluid_motion_angle","Fluid Motion Angle","float","°","15","","meshfix_fluid_motion_enabled","Cura/resources/definitions/fdmprinter.def.json","meshfix > meshfix_fluid_motion_angle","Mesh Fixes > Fluid Motion Angle","",""
"settings","blackmagic","Special Modes","","","print_sequence","Print Sequence","enum",,"all_at_once","","extruders_enabled_count == 1","Cura/resources/definitions/fdmprinter.def.json","blackmagic > print_sequence","Special Modes > Print Sequence","",""
"settings","blackmagic","Special Modes","","","user_defined_print_order_enabled","Set Print Sequence Manually","bool",,"False","","print_sequence == 'one_at_a_time'","Cura/resources/definitions/fdmprinter.def.json","blackmagic > user_defined_print_order_enabled","Special Modes > Set Print Sequence Manually","",""
"settings","blackmagic","Special Modes","","","infill_mesh","Infill Mesh","bool",,"False","","","Cura/resources/definitions/fdmprinter.def.json","blackmagic > infill_mesh","Special Modes > Infill Mesh","",""
"settings","blackmagic","Special Modes","","","infill_mesh_order","Mesh Processing Rank","int",,"0","1 if infill_mesh else 0","","Cura/resources/definitions/fdmprinter.def.json","blackmagic > infill_mesh_order","Special Modes > Mesh Processing Rank","",""
"settings","blackmagic","Special Modes","","","cutting_mesh","Cutting Mesh","bool",,"False","","","Cura/resources/definitions/fdmprinter.def.json","blackmagic > cutting_mesh","Special Modes > Cutting Mesh","",""
"settings","blackmagic","Special Modes","","","mold_enabled","Mold","bool",,"False","","","Cura/resources/definitions/fdmprinter.def.json","blackmagic > mold_enabled","Special Modes > Mold","",""
"settings","blackmagic","Special Modes","","","mold_width","Minimal Mold Width","float","mm","5","","mold_enabled","Cura/resources/definitions/fdmprinter.def.json","blackmagic > mold_width","Special Modes > Minimal Mold Width","",""
"settings","blackmagic","Special Modes","","","mold_roof_height","Mold Roof Height","float","mm","0.5","","mold_enabled","Cura/resources/definitions/fdmprinter.def.json","blackmagic > mold_roof_height","Special Modes > Mold Roof Height","",""
"settings","blackmagic","Special Modes","","","mold_angle","Mold Angle","float","°","40","","mold_enabled","Cura/resources/definitions/fdmprinter.def.json","blackmagic > mold_angle","Special Modes > Mold Angle","",""
"settings","blackmagic","Special Modes","","","support_mesh","Support Mesh","bool",,"False","","","Cura/resources/definitions/fdmprinter.def.json","blackmagic > support_mesh","Special Modes > Support Mesh","",""
"settings","blackmagic","Special Modes","","","anti_overhang_mesh","Anti Overhang Mesh","bool",,"False","","","Cura/resources/definitions/fdmprinter.def.json","blackmagic > anti_overhang_mesh","Special Modes > Anti Overhang Mesh","",""
"settings","blackmagic","Special Modes","","","magic_mesh_surface_mode","Surface Mode","enum",,"normal","","","Cura/resources/definitions/fdmprinter.def.json","blackmagic > magic_mesh_surface_mode","Special Modes > Surface Mode","",""
"settings","blackmagic","Special Modes","","","magic_spiralize","Spiralize Outer Contour","bool",,"False","","","Cura/resources/definitions/fdmprinter.def.json","blackmagic > magic_spiralize","Special Modes > Spiralize Outer Contour","",""
"settings","blackmagic","Special Modes","","","smooth_spiralized_contours","Smooth Spiralized Contours","bool",,"True","","magic_spiralize","Cura/resources/definitions/fdmprinter.def.json","blackmagic > smooth_spiralized_contours","Special Modes > Smooth Spiralized Contours","",""
"settings","blackmagic","Special Modes","","","relative_extrusion","Relative Extrusion","bool",,"False","machine_gcode_flavor==""RepRap (RepRap)""","","Cura/resources/definitions/fdmprinter.def.json","blackmagic > relative_extrusion","Special Modes > Relative Extrusion","",""
"settings","experimental","Experimental","","","slicing_tolerance","Slicing Tolerance","enum",,"middle","","","Cura/resources/definitions/fdmprinter.def.json","experimental > slicing_tolerance","Experimental > Slicing Tolerance","",""
"settings","experimental","Experimental","","","infill_enable_travel_optimization","Infill Travel Optimization","bool",,"False","","resolveOrValue('retraction_combing') != 'off'","Cura/resources/definitions/fdmprinter.def.json","experimental > infill_enable_travel_optimization","Experimental > Infill Travel Optimization","",""
"settings","experimental","Experimental","","","material_flow_temp_graph","Flow Temperature Graph","str","[[mm³,°C]]","[[3.5, 200],[7.0, 240]]","","False and machine_nozzle_temp_enabled","Cura/resources/definitions/fdmprinter.def.json","experimental > material_flow_temp_graph","Experimental > Flow Temperature Graph","",""
"settings","experimental","Experimental","","","minimum_polygon_circumference","Minimum Polygon Circumference","float","mm","1.0","","","Cura/resources/definitions/fdmprinter.def.json","experimental > minimum_polygon_circumference","Experimental > Minimum Polygon Circumference","",""
"settings","experimental","Experimental","","","support_skip_some_zags","Break Up Support In Chunks","bool",,"False","","(support_enable  or support_meshes_present) and support_pattern == 'zigzag'","Cura/resources/definitions/fdmprinter.def.json","experimental > support_skip_some_zags","Experimental > Break Up Support In Chunks","",""
"settings","experimental","Experimental","support_skip_zag_per_mm","Support Chunk Size","support_skip_zag_per_mm","Support Chunk Size","float","mm","20","","(support_enable or support_meshes_present) and support_pattern == 'zigzag' and support_skip_some_zags","Cura/resources/definitions/fdmprinter.def.json","experimental > support_skip_zag_per_mm","Experimental > Support Chunk Size","",""
"settings","experimental","Experimental","support_skip_zag_per_mm","Support Chunk Size","support_zag_skip_count","Support Chunk Line Count","int",,"5","0 if support_line_distance == 0 else round(support_skip_zag_per_mm / support_line_distance)","(support_enable or support_meshes_present) and support_pattern == 'zigzag' and support_skip_some_zags","Cura/resources/definitions/fdmprinter.def.json","experimental > support_skip_zag_per_mm > support_zag_skip_count","Experimental > Support Chunk Size > Support Chunk Line Count","",""
"settings","experimental","Experimental","","","draft_shield_enabled","Enable Draft Shield","bool",,"False","","","Cura/resources/definitions/fdmprinter.def.json","experimental > draft_shield_enabled","Experimental > Enable Draft Shield","",""
"settings","experimental","Experimental","","","draft_shield_dist","Draft Shield X/Y Distance","float","mm","10","","draft_shield_enabled","Cura/resources/definitions/fdmprinter.def.json","experimental > draft_shield_dist","Experimental > Draft Shield X/Y Distance","",""
"settings","experimental","Experimental","","","draft_shield_height_limitation","Draft Shield Limitation","enum",,"full","","draft_shield_enabled","Cura/resources/definitions/fdmprinter.def.json","experimental > draft_shield_height_limitation","Experimental > Draft Shield Limitation","",""
"settings","experimental","Experimental","","","draft_shield_height","Draft Shield Height","float","mm","10","10","draft_shield_enabled and draft_shield_height_limitation == 'limited'","Cura/resources/definitions/fdmprinter.def.json","experimental > draft_shield_height","Experimental > Draft Shield Height","",""
"settings","experimental","Experimental","","","conical_overhang_enabled","Make Overhang Printable","bool",,"False","","","Cura/resources/definitions/fdmprinter.def.json","experimental > conical_overhang_enabled","Experimental > Make Overhang Printable","",""
"settings","experimental","Experimental","","","conical_overhang_angle","Maximum Model Angle","float","°","50","","conical_overhang_enabled","Cura/resources/definitions/fdmprinter.def.json","experimental > conical_overhang_angle","Experimental > Maximum Model Angle","",""
"settings","experimental","Experimental","","","conical_overhang_hole_size","Maximum Overhang Hole Area","float","mm²","0","","conical_overhang_enabled","Cura/resources/definitions/fdmprinter.def.json","experimental > conical_overhang_hole_size","Experimental > Maximum Overhang Hole Area","",""
"settings","experimental","Experimental","","","coasting_enable","Enable Coasting","bool",,"False","","","Cura/resources/definitions/fdmprinter.def.json","experimental > coasting_enable","Experimental > Enable Coasting","",""
"settings","experimental","Experimental","","","coasting_volume","Coasting Volume","float","mm³","0.064","","coasting_enable","Cura/resources/definitions/fdmprinter.def.json","experimental > coasting_volume","Experimental > Coasting Volume","",""
"settings","experimental","Experimental","","","coasting_min_volume","Minimum Volume Before Coasting","float","mm³","0.8","","coasting_enable","Cura/resources/definitions/fdmprinter.def.json","experimental > coasting_min_volume","Experimental > Minimum Volume Before Coasting","",""
"settings","experimental","Experimental","","","coasting_speed","Coasting Speed","float","%","90","","coasting_enable","Cura/resources/definitions/fdmprinter.def.json","experimental > coasting_speed","Experimental > Coasting Speed","",""
"settings","experimental","Experimental","","","cross_infill_pocket_size","Cross 3D Pocket Size","float","mm","2.0","infill_line_distance","infill_pattern == 'cross_3d'","Cura/resources/definitions/fdmprinter.def.json","experimental > cross_infill_pocket_size","Experimental > Cross 3D Pocket Size","",""
"settings","experimental","Experimental","","","cross_infill_density_image","Cross Infill Density Image","str",,"","","infill_pattern == 'cross' or infill_pattern == 'cross_3d'","Cura/resources/definitions/fdmprinter.def.json","experimental > cross_infill_density_image","Experimental > Cross Infill Density Image","",""
"settings","experimental","Experimental","","","cross_support_density_image","Cross Fill Density Image for Support","str",,"","","support_pattern == 'cross' or support_pattern == 'cross_3d'","Cura/resources/definitions/fdmprinter.def.json","experimental > cross_support_density_image","Experimental > Cross Fill Density Image for Support","",""
"settings","experimental","Experimental","","","support_conical_enabled","Enable Conical Support","bool",,"False","","support_enable and support_structure != 'tree'","Cura/resources/definitions/fdmprinter.def.json","experimental > support_conical_enabled","Experimental > Enable Conical Support","",""
"settings","experimental","Experimental","","","support_conical_angle","Conical Support Angle","float","°","30","","support_conical_enabled and support_enable and support_structure != 'tree'","Cura/resources/definitions/fdmprinter.def.json","experimental > support_conical_angle","Experimental > Conical Support Angle","",""
"settings","experimental","Experimental","","","support_conical_min_width","Conical Support Minimum Width","float","mm","5.0","","support_conical_enabled and support_enable and support_structure != 'tree' and support_conical_angle > 0","Cura/resources/definitions/fdmprinter.def.json","experimental > support_conical_min_width","Experimental > Conical Support Minimum Width","",""
"settings","experimental","Experimental","","","magic_fuzzy_skin_enabled","Fuzzy Skin","bool",,"False","","not interlocking_enable","Cura/resources/definitions/fdmprinter.def.json","experimental > magic_fuzzy_skin_enabled","Experimental > Fuzzy Skin","",""
"settings","experimental","Experimental","","","magic_fuzzy_skin_outside_only","Fuzzy Skin Outside Only","bool",,"False","","magic_fuzzy_skin_enabled and not interlocking_enable","Cura/resources/definitions/fdmprinter.def.json","experimental > magic_fuzzy_skin_outside_only","Experimental > Fuzzy Skin Outside Only","",""
"settings","experimental","Experimental","","","magic_fuzzy_skin_thickness","Fuzzy Skin Thickness","float","mm","0.3","","magic_fuzzy_skin_enabled and not interlocking_enable","Cura/resources/definitions/fdmprinter.def.json","experimental > magic_fuzzy_skin_thickness","Experimental > Fuzzy Skin Thickness","",""
"settings","experimental","Experimental","magic_fuzzy_skin_point_density","Fuzzy Skin Density","magic_fuzzy_skin_point_density","Fuzzy Skin Density","float","1/mm","1.25","","magic_fuzzy_skin_enabled and not interlocking_enable","Cura/resources/definitions/fdmprinter.def.json","experimental > magic_fuzzy_skin_point_density","Experimental > Fuzzy Skin Density","",""
"settings","experimental","Experimental","magic_fuzzy_skin_point_density","Fuzzy Skin Density","magic_fuzzy_skin_point_dist","Fuzzy Skin Point Distance","float","mm","0.8","10000 if magic_fuzzy_skin_point_density == 0 else 1 / magic_fuzzy_skin_point_density","magic_fuzzy_skin_enabled and not interlocking_enable","Cura/resources/definitions/fdmprinter.def.json","experimental > magic_fuzzy_skin_point_density > magic_fuzzy_skin_point_dist","Experimental > Fuzzy Skin Density > Fuzzy Skin Point Distance","",""
"settings","experimental","Experimental","","","flow_rate_max_extrusion_offset","Flow Rate Compensation Max Extrusion Offset","float","mm","0","","","Cura/resources/definitions/fdmprinter.def.json","experimental > flow_rate_max_extrusion_offset","Experimental > Flow Rate Compensation Max Extrusion Offset","",""
"settings","experimental","Experimental","","","flow_rate_extrusion_offset_factor","Flow Rate Compensation Factor","float","%","100","","","Cura/resources/definitions/fdmprinter.def.json","experimental > flow_rate_extrusion_offset_factor","Experimental > Flow Rate Compensation Factor","",""
"settings","experimental","Experimental","","","adaptive_layer_height_enabled","Use Adaptive Layers","bool",,"False","","","Cura/resources/definitions/fdmprinter.def.json","experimental > adaptive_layer_height_enabled","Experimental > Use Adaptive Layers","",""
"settings","experimental","Experimental","","","adaptive_layer_height_variation","Adaptive Layers Maximum Variation","float","mm","0.1","","adaptive_layer_height_enabled","Cura/resources/definitions/fdmprinter.def.json","experimental > adaptive_layer_height_variation","Experimental > Adaptive Layers Maximum Variation","",""
"settings","experimental","Experimental","","","adaptive_layer_height_variation_step","Adaptive Layers Variation Step Size","float","mm","0.01","","adaptive_layer_height_enabled","Cura/resources/definitions/fdmprinter.def.json","experimental > adaptive_layer_height_variation_step","Experimental > Adaptive Layers Variation Step Size","",""
"settings","experimental","Experimental","","","adaptive_layer_height_threshold","Adaptive Layers Topography Size","float","mm","0.2","","adaptive_layer_height_enabled","Cura/resources/definitions/fdmprinter.def.json","experimental > adaptive_layer_height_threshold","Experimental > Adaptive Layers Topography Size","",""
"settings","experimental","Experimental","","","wall_overhang_angle","Overhanging Wall Angle","float","°","90","","","Cura/resources/definitions/fdmprinter.def.json","experimental > wall_overhang_angle","Experimental > Overhanging Wall Angle","",""
"settings","experimental","Experimental","","","cool_min_layer_time_overhang","Minimum Layer Time with Overhang","float","s","5","cool_min_layer_time","wall_overhang_angle < 90","Cura/resources/definitions/fdmprinter.def.json","experimental > cool_min_layer_time_overhang","Experimental > Minimum Layer Time with Overhang","",""
"settings","experimental","Experimental","","","cool_min_layer_time_overhang_min_segment_length","Minimum Overhang Segment Length","float","mm","5","","wall_overhang_angle < 90","Cura/resources/definitions/fdmprinter.def.json","experimental > cool_min_layer_time_overhang_min_segment_length","Experimental > Minimum Overhang Segment Length","",""
"settings","experimental","Experimental","","","seam_overhang_angle","Seam Overhanging Wall Angle","float","°","90","support_angle","","Cura/resources/definitions/fdmprinter.def.json","experimental > seam_overhang_angle","Experimental > Seam Overhanging Wall Angle","",""
"settings","experimental","Experimental","","","wall_overhang_speed_factors","Overhanging Wall Speeds","[int]","%","[100]","","wall_overhang_angle < 90","Cura/resources/definitions/fdmprinter.def.json","experimental > wall_overhang_speed_factors","Experimental > Overhanging Wall Speeds","",""
"settings","experimental","Experimental","","","bridge_settings_enabled","Enable Bridge Settings","bool",,"False","","","Cura/resources/definitions/fdmprinter.def.json","experimental > bridge_settings_enabled","Experimental > Enable Bridge Settings","",""
"settings","experimental","Experimental","","","bridge_wall_min_length","Minimum Bridge Wall Length","float","mm","5","line_width + support_xy_distance + 1.0","bridge_settings_enabled","Cura/resources/definitions/fdmprinter.def.json","experimental > bridge_wall_min_length","Experimental > Minimum Bridge Wall Length","",""
"settings","experimental","Experimental","","","bridge_skin_support_threshold","Bridge Skin Support Threshold","float","%","50","","bridge_settings_enabled","Cura/resources/definitions/fdmprinter.def.json","experimental > bridge_skin_support_threshold","Experimental > Bridge Skin Support Threshold","",""
"settings","experimental","Experimental","","","bridge_wall_coast","Bridge Wall Coasting","float","%","100","","bridge_settings_enabled","Cura/resources/definitions/fdmprinter.def.json","experimental > bridge_wall_coast","Experimental > Bridge Wall Coasting","",""
"settings","experimental","Experimental","","","bridge_wall_speed","Bridge Wall Speed","float","mm/s","15","max(cool_min_speed, speed_wall_0 / 2)","bridge_settings_enabled","Cura/resources/definitions/fdmprinter.def.json","experimental > bridge_wall_speed","Experimental > Bridge Wall Speed","",""
"settings","experimental","Experimental","","","bridge_wall_material_flow","Bridge Wall Flow","float","%","50","","bridge_settings_enabled","Cura/resources/definitions/fdmprinter.def.json","experimental > bridge_wall_material_flow","Experimental > Bridge Wall Flow","",""
"settings","experimental","Experimental","","","bridge_skin_speed","Bridge Skin Speed","float","mm/s","15","max(cool_min_speed, speed_topbottom / 2)","bridge_settings_enabled","Cura/resources/definitions/fdmprinter.def.json","experimental > bridge_skin_speed","Experimental > Bridge Skin Speed","",""
"settings","experimental","Experimental","","","bridge_skin_material_flow","Bridge Skin Flow","float","%","60","","bridge_settings_enabled","Cura/resources/definitions/fdmprinter.def.json","experimental > bridge_skin_material_flow","Experimental > Bridge Skin Flow","",""
"settings","experimental","Experimental","","","bridge_skin_density","Bridge Skin Density","float","%","100","","bridge_settings_enabled","Cura/resources/definitions/fdmprinter.def.json","experimental > bridge_skin_density","Experimental > Bridge Skin Density","",""
"settings","experimental","Experimental","","","bridge_fan_speed","Bridge Fan Speed","float","%","100","","bridge_settings_enabled","Cura/resources/definitions/fdmprinter.def.json","experimental > bridge_fan_speed","Experimental > Bridge Fan Speed","",""
"settings","experimental","Experimental","","","bridge_interlace_lines","Interlace Bridge Lines","bool",,"False","","bridge_settings_enabled","Cura/resources/definitions/fdmprinter.def.json","experimental > bridge_interlace_lines","Experimental > Interlace Bridge Lines","",""
"settings","experimental","Experimental","","","bridge_enable_more_layers","Bridge Has Multiple Layers","bool",,"True","","bridge_settings_enabled","Cura/resources/definitions/fdmprinter.def.json","experimental > bridge_enable_more_layers","Experimental > Bridge Has Multiple Layers","",""
"settings","experimental","Experimental","","","bridge_skin_speed_2","Bridge Second Skin Speed","float","mm/s","25","bridge_skin_speed","bridge_settings_enabled and bridge_enable_more_layers","Cura/resources/definitions/fdmprinter.def.json","experimental > bridge_skin_speed_2","Experimental > Bridge Second Skin Speed","",""
"settings","experimental","Experimental","","","bridge_skin_material_flow_2","Bridge Second Skin Flow","float","%","100","","bridge_settings_enabled and bridge_enable_more_layers","Cura/resources/definitions/fdmprinter.def.json","experimental > bridge_skin_material_flow_2","Experimental > Bridge Second Skin Flow","",""
"settings","experimental","Experimental","","","bridge_skin_density_2","Bridge Second Skin Density","float","%","75","","bridge_settings_enabled and bridge_enable_more_layers","Cura/resources/definitions/fdmprinter.def.json","experimental > bridge_skin_density_2","Experimental > Bridge Second Skin Density","",""
"settings","experimental","Experimental","","","bridge_fan_speed_2","Bridge Second Skin Fan Speed","float","%","0","","bridge_settings_enabled and bridge_enable_more_layers","Cura/resources/definitions/fdmprinter.def.json","experimental > bridge_fan_speed_2","Experimental > Bridge Second Skin Fan Speed","",""
"settings","experimental","Experimental","","","bridge_skin_speed_3","Bridge Third Skin Speed","float","mm/s","15","bridge_skin_speed","bridge_settings_enabled and bridge_enable_more_layers","Cura/resources/definitions/fdmprinter.def.json","experimental > bridge_skin_speed_3","Experimental > Bridge Third Skin Speed","",""
"settings","experimental","Experimental","","","bridge_skin_material_flow_3","Bridge Third Skin Flow","float","%","110","","bridge_settings_enabled and bridge_enable_more_layers","Cura/resources/definitions/fdmprinter.def.json","experimental > bridge_skin_material_flow_3","Experimental > Bridge Third Skin Flow","",""
"settings","experimental","Experimental","","","bridge_skin_density_3","Bridge Third Skin Density","float","%","80","","bridge_settings_enabled and bridge_enable_more_layers","Cura/resources/definitions/fdmprinter.def.json","experimental > bridge_skin_density_3","Experimental > Bridge Third Skin Density","",""
"settings","experimental","Experimental","","","bridge_fan_speed_3","Bridge Third Skin Fan Speed","float","%","0","","bridge_settings_enabled and bridge_enable_more_layers","Cura/resources/definitions/fdmprinter.def.json","experimental > bridge_fan_speed_3","Experimental > Bridge Third Skin Fan Speed","",""
"settings","experimental","Experimental","","","clean_between_layers","Wipe Nozzle Between Layers","bool",,"False","","","Cura/resources/definitions/fdmprinter.def.json","experimental > clean_between_layers","Experimental > Wipe Nozzle Between Layers","",""
"settings","experimental","Experimental","","","max_extrusion_before_wipe","Material Volume Between Wipes","float","mm³","10","","clean_between_layers","Cura/resources/definitions/fdmprinter.def.json","experimental > max_extrusion_before_wipe","Experimental > Material Volume Between Wipes","",""
"settings","experimental","Experimental","","","wipe_retraction_enable","Wipe Retraction Enable","bool",,"True","retraction_enable","clean_between_layers","Cura/resources/definitions/fdmprinter.def.json","experimental > wipe_retraction_enable","Experimental > Wipe Retraction Enable","",""
"settings","experimental","Experimental","","","wipe_retraction_amount","Wipe Retraction Distance","float","mm","1","retraction_amount","wipe_retraction_enable and clean_between_layers","Cura/resources/definitions/fdmprinter.def.json","experimental > wipe_retraction_amount","Experimental > Wipe Retraction Distance","",""
"settings","experimental","Experimental","","","wipe_retraction_extra_prime_amount","Wipe Retraction Extra Prime Amount","float","mm³","0","retraction_extra_prime_amount","wipe_retraction_enable and clean_between_layers","Cura/resources/definitions/fdmprinter.def.json","experimental > wipe_retraction_extra_prime_amount","Experimental > Wipe Retraction Extra Prime Amount","",""
"settings","experimental","Experimental","wipe_retraction_speed","Wipe Retraction Speed","wipe_retraction_speed","Wipe Retraction Speed","float","mm/s","5","retraction_speed","wipe_retraction_enable and clean_between_layers","Cura/resources/definitions/fdmprinter.def.json","experimental > wipe_retraction_speed","Experimental > Wipe Retraction Speed","",""
"settings","experimental","Experimental","wipe_retraction_speed","Wipe Retraction Speed","wipe_retraction_retract_speed","Wipe Retraction Retract Speed","float","mm/s","3","wipe_retraction_speed","wipe_retraction_enable and clean_between_layers","Cura/resources/definitions/fdmprinter.def.json","experimental > wipe_retraction_speed > wipe_retraction_retract_speed","Experimental > Wipe Retraction Speed > Wipe Retraction Retract Speed","",""
"settings","experimental","Experimental","wipe_retraction_speed","Wipe Retraction Speed","wipe_retraction_prime_speed","Wipe Retraction Prime Speed","float","mm/s","2","wipe_retraction_speed","wipe_retraction_enable and clean_between_layers","Cura/resources/definitions/fdmprinter.def.json","experimental > wipe_retraction_speed > wipe_retraction_prime_speed","Experimental > Wipe Retraction Speed > Wipe Retraction Prime Speed","",""
"settings","experimental","Experimental","","","wipe_pause","Wipe Pause","float","s","0","","clean_between_layers","Cura/resources/definitions/fdmprinter.def.json","experimental > wipe_pause","Experimental > Wipe Pause","",""
"settings","experimental","Experimental","","","wipe_hop_enable","Wipe Z Hop","bool",,"True","retraction_hop_enabled","clean_between_layers","Cura/resources/definitions/fdmprinter.def.json","experimental > wipe_hop_enable","Experimental > Wipe Z Hop","",""
"settings","experimental","Experimental","","","wipe_hop_amount","Wipe Z Hop Height","float","mm","1","retraction_hop","wipe_hop_enable and clean_between_layers","Cura/resources/definitions/fdmprinter.def.json","experimental > wipe_hop_amount","Experimental > Wipe Z Hop Height","",""
"settings","experimental","Experimental","","","wipe_hop_speed","Wipe Hop Speed","float","mm/s","10","speed_z_hop","wipe_hop_enable and clean_between_layers","Cura/resources/definitions/fdmprinter.def.json","experimental > wipe_hop_speed","Experimental > Wipe Hop Speed","",""
"settings","experimental","Experimental","","","wipe_brush_pos_x","Wipe Brush X Position","float","mm","100","","clean_between_layers","Cura/resources/definitions/fdmprinter.def.json","experimental > wipe_brush_pos_x","Experimental > Wipe Brush X Position","",""
"settings","experimental","Experimental","","","wipe_repeat_count","Wipe Repeat Count","int",,"5","","clean_between_layers","Cura/resources/definitions/fdmprinter.def.json","experimental > wipe_repeat_count","Experimental > Wipe Repeat Count","",""
"settings","experimental","Experimental","","","wipe_move_distance","Wipe Move Distance","float","mm","20","","clean_between_layers","Cura/resources/definitions/fdmprinter.def.json","experimental > wipe_move_distance","Experimental > Wipe Move Distance","",""
"settings","experimental","Experimental","small_hole_max_size","Small Hole Max Size","small_hole_max_size","Small Hole Max Size","float","mm","0","","","Cura/resources/definitions/fdmprinter.def.json","experimental > small_hole_max_size","Experimental > Small Hole Max Size","",""
"settings","experimental","Experimental","small_hole_max_size","Small Hole Max Size","small_feature_max_length","Small Feature Max Length","float","mm","0","small_hole_max_size * math.pi","small_hole_max_size > 0","Cura/resources/definitions/fdmprinter.def.json","experimental > small_hole_max_size > small_feature_max_length","Experimental > Small Hole Max Size > Small Feature Max Length","",""
"settings","experimental","Experimental","","","small_feature_speed_factor","Small Feature Speed","float","%","50","","small_hole_max_size > 0","Cura/resources/definitions/fdmprinter.def.json","experimental > small_feature_speed_factor","Experimental > Small Feature Speed","",""
"settings","experimental","Experimental","","","small_feature_speed_factor_0","Small Feature Initial Layer Speed","float","%","50","small_feature_speed_factor","small_hole_max_size > 0","Cura/resources/definitions/fdmprinter.def.json","experimental > small_feature_speed_factor_0","Experimental > Small Feature Initial Layer Speed","",""
"settings","experimental","Experimental","","","material_alternate_walls","Alternate Wall Directions","bool",,"False","","True","Cura/resources/definitions/fdmprinter.def.json","experimental > material_alternate_walls","Experimental > Alternate Wall Directions","",""
"settings","experimental","Experimental","","","group_outer_walls","Group Outer Walls","bool",,"True","","","Cura/resources/definitions/fdmprinter.def.json","experimental > group_outer_walls","Experimental > Group Outer Walls","",""
"settings","experimental","Experimental","","","retraction_during_travel_ratio","Retraction During Travel Move","float","%","0","","retraction_enable and not machine_firmware_retract and machine_gcode_flavor != ""UltiGCode"" and machine_gcode_flavor != ""BFB""","Cura/resources/definitions/fdmprinter.def.json","experimental > retraction_during_travel_ratio","Experimental > Retraction During Travel Move","",""
"settings","experimental","Experimental","","","keep_retracting_during_travel","Keep Retracting During Travel","bool",,"False","","retraction_enable and not machine_firmware_retract and machine_gcode_flavor != ""UltiGCode"" and machine_gcode_flavor != ""BFB"" and retraction_during_travel_ratio > 0","Cura/resources/definitions/fdmprinter.def.json","experimental > keep_retracting_during_travel","Experimental > Keep Retracting During Travel","",""
"settings","experimental","Experimental","","","prime_during_travel_ratio","Prime During Travel Move","float","%","0","","retraction_enable and not machine_firmware_retract and machine_gcode_flavor != ""UltiGCode"" and machine_gcode_flavor != ""BFB""","Cura/resources/definitions/fdmprinter.def.json","experimental > prime_during_travel_ratio","Experimental > Prime During Travel Move","",""
"settings","experimental","Experimental","","","scarf_joint_seam_length","Scarf Seam Length","float","mm","0","","","Cura/resources/definitions/fdmprinter.def.json","experimental > scarf_joint_seam_length","Experimental > Scarf Seam Length","",""
"settings","experimental","Experimental","","","scarf_joint_seam_start_height_ratio","Scarf Seam Start Height","float","%","0","","scarf_joint_seam_length > 0","Cura/resources/definitions/fdmprinter.def.json","experimental > scarf_joint_seam_start_height_ratio","Experimental > Scarf Seam Start Height","",""
"settings","experimental","Experimental","","","scarf_split_distance","Scarf Seam Step Length","float","mm","1.0","","scarf_joint_seam_length > 0","Cura/resources/definitions/fdmprinter.def.json","experimental > scarf_split_distance","Experimental > Scarf Seam Step Length","",""
"settings","experimental","Experimental","","","wall_0_start_speed_ratio","Outer Wall Start Speed Ratio","float","%","100.0","","","Cura/resources/definitions/fdmprinter.def.json","experimental > wall_0_start_speed_ratio","Experimental > Outer Wall Start Speed Ratio","",""
"settings","experimental","Experimental","","","wall_0_acceleration","Outer Wall Start Acceleration","float","mm/s²","20.0","","wall_0_start_speed_ratio < 100.0","Cura/resources/definitions/fdmprinter.def.json","experimental > wall_0_acceleration","Experimental > Outer Wall Start Acceleration","",""
"settings","experimental","Experimental","","","wall_0_end_speed_ratio","Outer Wall End Speed Ratio","float","%","100.0","","","Cura/resources/definitions/fdmprinter.def.json","experimental > wall_0_end_speed_ratio","Experimental > Outer Wall End Speed Ratio","",""
"settings","experimental","Experimental","","","wall_0_deceleration","Outer Wall End Deceleration","float","mm/s²","20.0","","wall_0_end_speed_ratio < 100.0","Cura/resources/definitions/fdmprinter.def.json","experimental > wall_0_deceleration","Experimental > Outer Wall End Deceleration","",""
"settings","experimental","Experimental","","","wall_0_speed_split_distance","Outer Wall Speed Split Distance","float","mm","1.0","","","Cura/resources/definitions/fdmprinter.def.json","experimental > wall_0_speed_split_distance","Experimental > Outer Wall Speed Split Distance","",""
"settings","experimental","Experimental","","","minimum_infill_line_length","Minimum Infill Line Length","float","mm","0.0","","","Cura/resources/definitions/fdmprinter.def.json","experimental > minimum_infill_line_length","Experimental > Minimum Infill Line Length","",""
"settings","experimental","Experimental","","","material_delta_temperature_roofing","Temperature Delta Top Surface","float","°C","0","","machine_nozzle_temp_enabled and roofing_layer_count > 0 and top_layers > 0","Cura/resources/definitions/fdmprinter.def.json","experimental > material_delta_temperature_roofing","Experimental > Temperature Delta Top Surface","",""
"settings","ppr","Print Process Reporting","","","ppr_enable","Enable Print Process Reporting","bool",,"False","False","False","Cura/resources/definitions/fdmprinter.def.json","ppr > ppr_enable","Print Process Reporting > Enable Print Process Reporting","",""
"settings","ppr","Print Process Reporting","","","flow_warn_limit","Flow Warning","float","%","15.0","","ppr_enable","Cura/resources/definitions/fdmprinter.def.json","ppr > flow_warn_limit","Print Process Reporting > Flow Warning","",""
"settings","ppr","Print Process Reporting","","","flow_anomaly_limit","Flow Limit","float","%","25.0","","ppr_enable","Cura/resources/definitions/fdmprinter.def.json","ppr > flow_anomaly_limit","Print Process Reporting > Flow Limit","",""
"settings","ppr","Print Process Reporting","","","print_temp_warn_limit","Print temperature Warning","float","°C","3.0","","ppr_enable","Cura/resources/definitions/fdmprinter.def.json","ppr > print_temp_warn_limit","Print Process Reporting > Print temperature Warning","",""
"settings","ppr","Print Process Reporting","","","print_temp_anomaly_limit","Print temperature Limit","float","°C","7.0","","ppr_enable","Cura/resources/definitions/fdmprinter.def.json","ppr > print_temp_anomaly_limit","Print Process Reporting > Print temperature Limit","",""
"settings","ppr","Print Process Reporting","","","bv_temp_warn_limit","Build Volume temperature Warning","float","°C","7.5","","ppr_enable","Cura/resources/definitions/fdmprinter.def.json","ppr > bv_temp_warn_limit","Print Process Reporting > Build Volume temperature Warning","",""
"settings","ppr","Print Process Reporting","","","bv_temp_anomaly_limit","Build Volume temperature Limit","float","°C","10.0","","ppr_enable","Cura/resources/definitions/fdmprinter.def.json","ppr > bv_temp_anomaly_limit","Print Process Reporting > Build Volume temperature Limit","",""
"printer","machine_settings","Machine","","","build_volume_fan_nr","Build volume fan number","int",,"0","","","Cura/resources/definitions/fdmprinter.def.json","machine_settings > build_volume_fan_nr","Machine > Build volume fan number","",""
"printer","machine_settings","Machine","","","machine_name","Machine Type","str",,"Unknown","","","Cura/resources/definitions/fdmprinter.def.json","machine_settings > machine_name","Machine > Machine Type","",""
"printer","machine_settings","Machine","","","machine_show_variants","Show Machine Variants","bool",,"False","","","Cura/resources/definitions/fdmprinter.def.json","machine_settings > machine_show_variants","Machine > Show Machine Variants","",""
"printer","machine_settings","Machine","","","machine_start_gcode","Start G-code","str",,"G28 ;Home
G1 Z15.0 F6000 ;Move the platform down 15mm
;Prime the extruder
G92 E0
G1 F200 E3
G92 E0","","","Cura/resources/definitions/fdmprinter.def.json","machine_settings > machine_start_gcode","Machine > Start G-code","",""
"printer","machine_settings","Machine","","","machine_end_gcode","End G-code","str",,"M104 S0
M140 S0
;Retract the filament
G92 E1
G1 E-1 F300
G28 X0 Y0
M84","","","Cura/resources/definitions/fdmprinter.def.json","machine_settings > machine_end_gcode","Machine > End G-code","",""
"printer","machine_settings","Machine","","","material_guid","Material GUID","str",,"","","False","Cura/resources/definitions/fdmprinter.def.json","machine_settings > material_guid","Machine > Material GUID","",""
"printer","machine_settings","Machine","","","material_type","Material Type","str",,"","","False","Cura/resources/definitions/fdmprinter.def.json","machine_settings > material_type","Machine > Material Type","",""
"printer","machine_settings","Machine","","","material_brand","Material Brand","str",,"","","False","Cura/resources/definitions/fdmprinter.def.json","machine_settings > material_brand","Machine > Material Brand","",""
"printer","machine_settings","Machine","","","material_diameter","Diameter","float","mm","2.85","","machine_gcode_flavor != ""UltiGCode""","Cura/resources/definitions/fdmprinter.def.json","machine_settings > material_diameter","Machine > Diameter","",""
"printer","machine_settings","Machine","","","material_bed_temp_wait","Wait for Build Plate Heatup","bool",,"True","","","Cura/resources/definitions/fdmprinter.def.json","machine_settings > material_bed_temp_wait","Machine > Wait for Build Plate Heatup","",""
"printer","machine_settings","Machine","","","material_print_temp_wait","Wait for Nozzle Heatup","bool",,"True","","machine_nozzle_temp_enabled","Cura/resources/definitions/fdmprinter.def.json","machine_settings > material_print_temp_wait","Machine > Wait for Nozzle Heatup","",""
"printer","machine_settings","Machine","","","material_print_temp_prepend","Include Material Temperatures","bool",,"True","","machine_nozzle_temp_enabled","Cura/resources/definitions/fdmprinter.def.json","machine_settings > material_print_temp_prepend","Machine > Include Material Temperatures","",""
"printer","machine_settings","Machine","","","material_bed_temp_prepend","Include Build Plate Temperature","bool",,"True","","","Cura/resources/definitions/fdmprinter.def.json","machine_settings > material_bed_temp_prepend","Machine > Include Build Plate Temperature","",""
"printer","machine_settings","Machine","","","machine_width","Machine Width","float",,"100","","","Cura/resources/definitions/fdmprinter.def.json","machine_settings > machine_width","Machine > Machine Width","",""
"printer","machine_settings","Machine","","","machine_depth","Machine Depth","float",,"100","","","Cura/resources/definitions/fdmprinter.def.json","machine_settings > machine_depth","Machine > Machine Depth","",""
"printer","machine_settings","Machine","","","machine_height","Machine Height","float",,"100","","","Cura/resources/definitions/fdmprinter.def.json","machine_settings > machine_height","Machine > Machine Height","",""
"printer","machine_settings","Machine","","","machine_shape","Build Plate Shape","enum",,"rectangular","","","Cura/resources/definitions/fdmprinter.def.json","machine_settings > machine_shape","Machine > Build Plate Shape","",""
"printer","machine_settings","Machine","","","machine_buildplate_type","Build Plate Type","enum",,"glass","","","Cura/resources/definitions/fdmprinter.def.json","machine_settings > machine_buildplate_type","Machine > Build Plate Type","",""
"printer","machine_settings","Machine","","","machine_heated_bed","Has Heated Build Plate","bool",,"False","","","Cura/resources/definitions/fdmprinter.def.json","machine_settings > machine_heated_bed","Machine > Has Heated Build Plate","",""
"printer","machine_settings","Machine","","","machine_heated_build_volume","Has Build Volume Temperature Stabilization","bool",,"False","","","Cura/resources/definitions/fdmprinter.def.json","machine_settings > machine_heated_build_volume","Machine > Has Build Volume Temperature Stabilization","",""
"printer","machine_settings","Machine","","","machine_always_write_active_tool","Always Write Active Tool","bool",,"False","","","Cura/resources/definitions/fdmprinter.def.json","machine_settings > machine_always_write_active_tool","Machine > Always Write Active Tool","",""
"printer","machine_settings","Machine","","","machine_center_is_zero","Is Center Origin","bool",,"False","","","Cura/resources/definitions/fdmprinter.def.json","machine_settings > machine_center_is_zero","Machine > Is Center Origin","",""
"printer","machine_settings","Machine","","","machine_extruder_count","Number of Extruders","int",,"1","","","Cura/resources/definitions/fdmprinter.def.json","machine_settings > machine_extruder_count","Machine > Number of Extruders","",""
"printer","machine_settings","Machine","","","extruders_enabled_count","Number of Extruders That Are Enabled","int",,"1","machine_extruder_count","","Cura/resources/definitions/fdmprinter.def.json","machine_settings > extruders_enabled_count","Machine > Number of Extruders That Are Enabled","",""
"printer","machine_settings","Machine","","","machine_nozzle_tip_outer_diameter","Outer Nozzle Diameter","float","mm","1","","","Cura/resources/definitions/fdmprinter.def.json","machine_settings > machine_nozzle_tip_outer_diameter","Machine > Outer Nozzle Diameter","",""
"printer","machine_settings","Machine","","","machine_nozzle_expansion_angle","Nozzle Angle","int","°","45","","","Cura/resources/definitions/fdmprinter.def.json","machine_settings > machine_nozzle_expansion_angle","Machine > Nozzle Angle","",""
"printer","machine_settings","Machine","","","machine_heat_zone_length","Heat Zone Length","float","mm","16","","","Cura/resources/definitions/fdmprinter.def.json","machine_settings > machine_heat_zone_length","Machine > Heat Zone Length","",""
"printer","machine_settings","Machine","","","machine_nozzle_temp_enabled","Enable Nozzle Temperature Control","bool",,"True","machine_gcode_flavor != ""UltiGCode""","","Cura/resources/definitions/fdmprinter.def.json","machine_settings > machine_nozzle_temp_enabled","Machine > Enable Nozzle Temperature Control","",""
"printer","machine_settings","Machine","","","machine_nozzle_heat_up_speed","Heat Up Speed","float","°C/s","2.0","","machine_nozzle_temp_enabled","Cura/resources/definitions/fdmprinter.def.json","machine_settings > machine_nozzle_heat_up_speed","Machine > Heat Up Speed","",""
"printer","machine_settings","Machine","","","machine_nozzle_cool_down_speed","Cool Down Speed","float","°C/s","2.0","","machine_nozzle_temp_enabled","Cura/resources/definitions/fdmprinter.def.json","machine_settings > machine_nozzle_cool_down_speed","Machine > Cool Down Speed","",""
"printer","machine_settings","Machine","","","machine_min_cool_heat_time_window","Minimal Time Standby Temperature","float","s","50.0","","machine_nozzle_temp_enabled","Cura/resources/definitions/fdmprinter.def.json","machine_settings > machine_min_cool_heat_time_window","Machine > Minimal Time Standby Temperature","",""
"printer","machine_settings","Machine","","","machine_gcode_flavor","G-code Flavor","enum",,"RepRap (Marlin/Sprinter)","","","Cura/resources/definitions/fdmprinter.def.json","machine_settings > machine_gcode_flavor","Machine > G-code Flavor","",""
"printer","machine_settings","Machine","","","machine_firmware_retract","Firmware Retraction","bool",,"False","machine_gcode_flavor == 'RepRap (Volumetric)' or machine_gcode_flavor == 'UltiGCode' or machine_gcode_flavor == 'BFB'","","Cura/resources/definitions/fdmprinter.def.json","machine_settings > machine_firmware_retract","Machine > Firmware Retraction","",""
"printer","machine_settings","Machine","","","machine_extruders_share_heater","Extruders Share Heater","bool",,"False","","","Cura/resources/definitions/fdmprinter.def.json","machine_settings > machine_extruders_share_heater","Machine > Extruders Share Heater","",""
"printer","machine_settings","Machine","","","machine_extruders_share_nozzle","Extruders Share Nozzle","bool",,"False","","","Cura/resources/definitions/fdmprinter.def.json","machine_settings > machine_extruders_share_nozzle","Machine > Extruders Share Nozzle","",""
"printer","machine_settings","Machine","","","machine_extruders_shared_nozzle_initial_retraction","Shared Nozzle Initial Retraction","float","mm","0","","machine_extruders_share_nozzle","Cura/resources/definitions/fdmprinter.def.json","machine_settings > machine_extruders_shared_nozzle_initial_retraction","Machine > Shared Nozzle Initial Retraction","",""
"printer","machine_settings","Machine","","","machine_disallowed_areas","Disallowed Areas","polygons",,"","","","Cura/resources/definitions/fdmprinter.def.json","machine_settings > machine_disallowed_areas","Machine > Disallowed Areas","",""
"printer","machine_settings","Machine","","","nozzle_disallowed_areas","Nozzle Disallowed Areas","polygons",,"","","","Cura/resources/definitions/fdmprinter.def.json","machine_settings > nozzle_disallowed_areas","Machine > Nozzle Disallowed Areas","",""
"printer","machine_settings","Machine","","","machine_head_with_fans_polygon","Machine Head & Fan Polygon","polygon",,"[{""value"":[-20,10],""Count"":2},{""value"":[10,10],""Count"":2},{""value"":[10,-10],""Count"":2},{""value"":[-20,-10],""Count"":2}]","","","Cura/resources/definitions/fdmprinter.def.json","machine_settings > machine_head_with_fans_polygon","Machine > Machine Head & Fan Polygon","",""
"printer","machine_settings","Machine","","","gantry_height","Gantry Height","float",,"99999999999","machine_height","","Cura/resources/definitions/fdmprinter.def.json","machine_settings > gantry_height","Machine > Gantry Height","",""
"printer","machine_settings","Machine","","","machine_time_estimation_factor","Print Time Estimation Factor","float","%","100","","","Cura/resources/definitions/fdmprinter.def.json","machine_settings > machine_time_estimation_factor","Machine > Print Time Estimation Factor","",""
"printer","machine_settings","Machine","","","machine_nozzle_id","Nozzle ID","str",,"unknown","","","Cura/resources/definitions/fdmprinter.def.json","machine_settings > machine_nozzle_id","Machine > Nozzle ID","",""
"printer","machine_settings","Machine","","","machine_nozzle_size","Nozzle Diameter","float","mm","0.4","","","Cura/resources/definitions/fdmprinter.def.json","machine_settings > machine_nozzle_size","Machine > Nozzle Diameter","",""
"printer","machine_settings","Machine","","","machine_use_extruder_offset_to_offset_coords","Offset with Extruder","bool",,"True","","","Cura/resources/definitions/fdmprinter.def.json","machine_settings > machine_use_extruder_offset_to_offset_coords","Machine > Offset with Extruder","",""
"printer","machine_settings","Machine","","","machine_start_gcode_first","Start GCode must be first","bool",,"False","","","Cura/resources/definitions/fdmprinter.def.json","machine_settings > machine_start_gcode_first","Machine > Start GCode must be first","",""
"printer","machine_settings","Machine","","","extruder_prime_pos_z","Extruder Prime Z Position","float","mm","0","","","Cura/resources/definitions/fdmprinter.def.json","machine_settings > extruder_prime_pos_z","Machine > Extruder Prime Z Position","",""
"printer","machine_settings","Machine","","","extruder_prime_pos_abs","Absolute Extruder Prime Position","bool",,"False","","","Cura/resources/definitions/fdmprinter.def.json","machine_settings > extruder_prime_pos_abs","Machine > Absolute Extruder Prime Position","",""
"printer","machine_settings","Machine","","","machine_max_feedrate_x","Maximum Speed X","float","mm/s","299792458000","","","Cura/resources/definitions/fdmprinter.def.json","machine_settings > machine_max_feedrate_x","Machine > Maximum Speed X","",""
"printer","machine_settings","Machine","","","machine_max_feedrate_y","Maximum Speed Y","float","mm/s","299792458000","","","Cura/resources/definitions/fdmprinter.def.json","machine_settings > machine_max_feedrate_y","Machine > Maximum Speed Y","",""
"printer","machine_settings","Machine","","","machine_max_feedrate_z","Maximum Speed Z","float","mm/s","299792458000","","","Cura/resources/definitions/fdmprinter.def.json","machine_settings > machine_max_feedrate_z","Machine > Maximum Speed Z","",""
"printer","machine_settings","Machine","","","machine_max_feedrate_e","Maximum Speed E","float","mm/s","299792458000","","","Cura/resources/definitions/fdmprinter.def.json","machine_settings > machine_max_feedrate_e","Machine > Maximum Speed E","",""
"printer","machine_settings","Machine","","","machine_max_acceleration_x","Maximum Acceleration X","float","mm/s²","9000","","","Cura/resources/definitions/fdmprinter.def.json","machine_settings > machine_max_acceleration_x","Machine > Maximum Acceleration X","",""
"printer","machine_settings","Machine","","","machine_max_acceleration_y","Maximum Acceleration Y","float","mm/s²","9000","","","Cura/resources/definitions/fdmprinter.def.json","machine_settings > machine_max_acceleration_y","Machine > Maximum Acceleration Y","",""
"printer","machine_settings","Machine","","","machine_max_acceleration_z","Maximum Acceleration Z","float","mm/s²","100","","","Cura/resources/definitions/fdmprinter.def.json","machine_settings > machine_max_acceleration_z","Machine > Maximum Acceleration Z","",""
"printer","machine_settings","Machine","","","machine_max_acceleration_e","Maximum Filament Acceleration","float","mm/s²","10000","","","Cura/resources/definitions/fdmprinter.def.json","machine_settings > machine_max_acceleration_e","Machine > Maximum Filament Acceleration","",""
"printer","machine_settings","Machine","","","machine_acceleration","Default Acceleration","float","mm/s²","4000","","","Cura/resources/definitions/fdmprinter.def.json","machine_settings > machine_acceleration","Machine > Default Acceleration","",""
"printer","machine_settings","Machine","","","machine_max_jerk_xy","Default X-Y Jerk","float","mm/s","20.0","","","Cura/resources/definitions/fdmprinter.def.json","machine_settings > machine_max_jerk_xy","Machine > Default X-Y Jerk","",""
"printer","machine_settings","Machine","","","machine_max_jerk_z","Default Z Jerk","float","mm/s","0.4","","","Cura/resources/definitions/fdmprinter.def.json","machine_settings > machine_max_jerk_z","Machine > Default Z Jerk","",""
"printer","machine_settings","Machine","","","machine_max_jerk_e","Default Filament Jerk","float","mm/s","5.0","","","Cura/resources/definitions/fdmprinter.def.json","machine_settings > machine_max_jerk_e","Machine > Default Filament Jerk","",""
"printer","machine_settings","Machine","","","machine_steps_per_mm_x","Steps per Millimeter (X)","float",,"50","","","Cura/resources/definitions/fdmprinter.def.json","machine_settings > machine_steps_per_mm_x","Machine > Steps per Millimeter (X)","",""
"printer","machine_settings","Machine","","","machine_steps_per_mm_y","Steps per Millimeter (Y)","float",,"50","","","Cura/resources/definitions/fdmprinter.def.json","machine_settings > machine_steps_per_mm_y","Machine > Steps per Millimeter (Y)","",""
"printer","machine_settings","Machine","","","machine_steps_per_mm_z","Steps per Millimeter (Z)","float",,"50","","","Cura/resources/definitions/fdmprinter.def.json","machine_settings > machine_steps_per_mm_z","Machine > Steps per Millimeter (Z)","",""
"printer","machine_settings","Machine","","","machine_steps_per_mm_e","Steps per Millimeter (E)","float",,"1600","","","Cura/resources/definitions/fdmprinter.def.json","machine_settings > machine_steps_per_mm_e","Machine > Steps per Millimeter (E)","",""
"printer","machine_settings","Machine","","","machine_endstop_positive_direction_x","X Endstop in Positive Direction","bool",,"False","","","Cura/resources/definitions/fdmprinter.def.json","machine_settings > machine_endstop_positive_direction_x","Machine > X Endstop in Positive Direction","",""
"printer","machine_settings","Machine","","","machine_endstop_positive_direction_y","Y Endstop in Positive Direction","bool",,"False","","","Cura/resources/definitions/fdmprinter.def.json","machine_settings > machine_endstop_positive_direction_y","Machine > Y Endstop in Positive Direction","",""
"printer","machine_settings","Machine","","","machine_endstop_positive_direction_z","Z Endstop in Positive Direction","bool",,"True","","","Cura/resources/definitions/fdmprinter.def.json","machine_settings > machine_endstop_positive_direction_z","Machine > Z Endstop in Positive Direction","",""
"printer","machine_settings","Machine","","","machine_minimum_feedrate","Minimum Feedrate","float","mm/s","0.0","","","Cura/resources/definitions/fdmprinter.def.json","machine_settings > machine_minimum_feedrate","Machine > Minimum Feedrate","",""
"printer","machine_settings","Machine","","","machine_feeder_wheel_diameter","Feeder Wheel Diameter","float","mm","10.0","","","Cura/resources/definitions/fdmprinter.def.json","machine_settings > machine_feeder_wheel_diameter","Machine > Feeder Wheel Diameter","",""
"printer","machine_settings","Machine","","","machine_scale_fan_speed_zero_to_one","Scale Fan Speed To 0-1","bool",,"False","","","Cura/resources/definitions/fdmprinter.def.json","machine_settings > machine_scale_fan_speed_zero_to_one","Machine > Scale Fan Speed To 0-1","",""
"printer","machine_settings","Machine","","","reset_flow_duration","Reset flow duration","float","s","","2.0","gradual_flow_enabled","Cura/resources/definitions/fdmprinter.def.json","machine_settings > reset_flow_duration","Machine > Reset flow duration","",""
"printer","extruder_settings","Extruder","","","extruder_nr","Extruder","extruder",,"0","","","Cura/resources/definitions/fdmextruder.def.json","machine_settings > extruder_nr","Extruder > Extruder","",""
"printer","extruder_settings","Extruder","","","extruder_prime_pos_z","Extruder Prime Z Position","float","mm","0","","","Cura/resources/definitions/fdmextruder.def.json","machine_settings > extruder_prime_pos_z","Extruder > Extruder Prime Z Position","",""
"printer","extruder_settings","Extruder","","","machine_extruder_change_duration","Extruder Change duration","float",,"0","","","Cura/resources/definitions/fdmextruder.def.json","machine_settings > machine_extruder_change_duration","Extruder > Extruder Change duration","",""
"printer","extruder_settings","Extruder","","","machine_extruder_cooling_fan_number","Extruder Print Cooling Fan","int",,"0","","","Cura/resources/definitions/fdmextruder.def.json","machine_settings > machine_extruder_cooling_fan_number","Extruder > Extruder Print Cooling Fan","",""
"printer","extruder_settings","Extruder","","","machine_extruder_end_code","Extruder End G-Code","str",,"","","","Cura/resources/definitions/fdmextruder.def.json","machine_settings > machine_extruder_end_code","Extruder > Extruder End G-Code","",""
"printer","extruder_settings","Extruder","","","machine_extruder_end_code_duration","Extruder End G-Code Duration","float",,"0","","","Cura/resources/definitions/fdmextruder.def.json","machine_settings > machine_extruder_end_code_duration","Extruder > Extruder End G-Code Duration","",""
"printer","extruder_settings","Extruder","","","machine_extruder_end_pos_abs","Extruder End Position Absolute","bool",,"False","","","Cura/resources/definitions/fdmextruder.def.json","machine_settings > machine_extruder_end_pos_abs","Extruder > Extruder End Position Absolute","",""
"printer","extruder_settings","Extruder","","","machine_extruder_end_pos_x","Extruder End Position X","float","mm","0","","","Cura/resources/definitions/fdmextruder.def.json","machine_settings > machine_extruder_end_pos_x","Extruder > Extruder End Position X","",""
"printer","extruder_settings","Extruder","","","machine_extruder_end_pos_y","Extruder End Position Y","float","mm","0","","","Cura/resources/definitions/fdmextruder.def.json","machine_settings > machine_extruder_end_pos_y","Extruder > Extruder End Position Y","",""
"printer","extruder_settings","Extruder","","","machine_extruder_prestart_code","Extruder Prestart G-Code","str",,"","","","Cura/resources/definitions/fdmextruder.def.json","machine_settings > machine_extruder_prestart_code","Extruder > Extruder Prestart G-Code","",""
"printer","extruder_settings","Extruder","","","machine_extruder_start_code","Extruder Start G-Code","str",,"","","","Cura/resources/definitions/fdmextruder.def.json","machine_settings > machine_extruder_start_code","Extruder > Extruder Start G-Code","",""
"printer","extruder_settings","Extruder","","","machine_extruder_start_code_duration","Extruder Start G-Code Duration","float",,"0","","","Cura/resources/definitions/fdmextruder.def.json","machine_settings > machine_extruder_start_code_duration","Extruder > Extruder Start G-Code Duration","",""
"printer","extruder_settings","Extruder","","","machine_extruder_start_pos_abs","Extruder Start Position Absolute","bool",,"False","","","Cura/resources/definitions/fdmextruder.def.json","machine_settings > machine_extruder_start_pos_abs","Extruder > Extruder Start Position Absolute","",""
"printer","extruder_settings","Extruder","","","machine_extruder_start_pos_x","Extruder Start Position X","float","mm","0","","","Cura/resources/definitions/fdmextruder.def.json","machine_settings > machine_extruder_start_pos_x","Extruder > Extruder Start Position X","",""
"printer","extruder_settings","Extruder","","","machine_extruder_start_pos_y","Extruder Start Position Y","float","mm","0","","","Cura/resources/definitions/fdmextruder.def.json","machine_settings > machine_extruder_start_pos_y","Extruder > Extruder Start Position Y","",""
"printer","extruder_settings","Extruder","","","machine_nozzle_head_distance","Nozzle Length","float","mm","3","","","Cura/resources/definitions/fdmextruder.def.json","machine_settings > machine_nozzle_head_distance","Extruder > Nozzle Length","",""
"printer","extruder_settings","Extruder","","","machine_nozzle_id","Nozzle ID","str",,"unknown","","","Cura/resources/definitions/fdmextruder.def.json","machine_settings > machine_nozzle_id","Extruder > Nozzle ID","",""
"printer","extruder_settings","Extruder","","","machine_nozzle_offset_x","Nozzle X Offset","float","mm","0","","","Cura/resources/definitions/fdmextruder.def.json","machine_settings > machine_nozzle_offset_x","Extruder > Nozzle X Offset","",""
"printer","extruder_settings","Extruder","","","machine_nozzle_offset_y","Nozzle Y Offset","float","mm","0","","","Cura/resources/definitions/fdmextruder.def.json","machine_settings > machine_nozzle_offset_y","Extruder > Nozzle Y Offset","",""
"printer","extruder_settings","Extruder","","","machine_nozzle_size","Nozzle Diameter","float","mm","0.4","","","Cura/resources/definitions/fdmextruder.def.json","machine_settings > machine_nozzle_size","Extruder > Nozzle Diameter","",""
"material","cura_material_print_settings","Cura Material Print Settings","","","default_material_print_temperature","Default Printing Temperature","float","°C","210","","False","Cura/resources/definitions/fdmprinter.def.json#settings.material","material > default_material_print_temperature","Material > Default Printing Temperature","",""
"material","cura_material_print_settings","Cura Material Print Settings","","","build_volume_temperature","Build Volume Temperature","float","°C","0","","machine_heated_build_volume","Cura/resources/definitions/fdmprinter.def.json#settings.material","material > build_volume_temperature","Material > Build Volume Temperature","",""
"material","cura_material_print_settings","Cura Material Print Settings","","","material_print_temperature","Printing Temperature","float","°C","210","default_material_print_temperature","machine_nozzle_temp_enabled","Cura/resources/definitions/fdmprinter.def.json#settings.material","material > material_print_temperature","Material > Printing Temperature","",""
"material","cura_material_print_settings","Cura Material Print Settings","","","material_print_temperature_layer_0","Printing Temperature Initial Layer","float","°C","215","material_print_temperature","machine_nozzle_temp_enabled","Cura/resources/definitions/fdmprinter.def.json#settings.material","material > material_print_temperature_layer_0","Material > Printing Temperature Initial Layer","",""
"material","cura_material_print_settings","Cura Material Print Settings","","","material_initial_print_temperature","Initial Printing Temperature","float","°C","200","max(-273.15, material_print_temperature - 10)","machine_nozzle_temp_enabled and not machine_extruders_share_heater","Cura/resources/definitions/fdmprinter.def.json#settings.material","material > material_initial_print_temperature","Material > Initial Printing Temperature","",""
"material","cura_material_print_settings","Cura Material Print Settings","","","material_final_print_temperature","Final Printing Temperature","float","°C","195","max(-273.15, material_print_temperature - 15)","machine_nozzle_temp_enabled and not machine_extruders_share_heater","Cura/resources/definitions/fdmprinter.def.json#settings.material","material > material_final_print_temperature","Material > Final Printing Temperature","",""
"material","cura_material_print_settings","Cura Material Print Settings","","","material_extrusion_cool_down_speed","Extrusion Cool Down Speed Modifier","float","°C/s","0.7","","extruders_enabled_count > 1 and material_final_print_temperature != material_print_temperature","Cura/resources/definitions/fdmprinter.def.json#settings.material","material > material_extrusion_cool_down_speed","Material > Extrusion Cool Down Speed Modifier","",""
"material","cura_material_print_settings","Cura Material Print Settings","","","default_material_bed_temperature","Default Build Plate Temperature","float","°C","60","","False","Cura/resources/definitions/fdmprinter.def.json#settings.material","material > default_material_bed_temperature","Material > Default Build Plate Temperature","",""
"material","cura_material_print_settings","Cura Material Print Settings","","","material_bed_temperature","Build Plate Temperature","float","°C","60","default_material_bed_temperature","machine_heated_bed and machine_gcode_flavor != ""UltiGCode""","Cura/resources/definitions/fdmprinter.def.json#settings.material","material > material_bed_temperature","Material > Build Plate Temperature","",""
"material","cura_material_print_settings","Cura Material Print Settings","","","material_bed_temperature_layer_0","Build Plate Temperature Initial Layer","float","°C","60","resolveOrValue('material_bed_temperature')","machine_heated_bed and machine_gcode_flavor != ""UltiGCode""","Cura/resources/definitions/fdmprinter.def.json#settings.material","material > material_bed_temperature_layer_0","Material > Build Plate Temperature Initial Layer","",""
"material","cura_material_print_settings","Cura Material Print Settings","","","material_adhesion_tendency","Adhesion Tendency","int",,"10","","False","Cura/resources/definitions/fdmprinter.def.json#settings.material","material > material_adhesion_tendency","Material > Adhesion Tendency","",""
"material","cura_material_print_settings","Cura Material Print Settings","","","material_surface_energy","Surface Energy","int","%","100","","False","Cura/resources/definitions/fdmprinter.def.json#settings.material","material > material_surface_energy","Material > Surface Energy","",""
"material","cura_material_print_settings","Cura Material Print Settings","","","material_shrinkage_percentage","Scaling Factor Shrinkage Compensation","float","%","100.0","","True","Cura/resources/definitions/fdmprinter.def.json#settings.material","material > material_shrinkage_percentage","Material > Scaling Factor Shrinkage Compensation","",""
"material","cura_material_print_settings","Cura Material Print Settings","","","material_shrinkage_percentage_xy","Horizontal Scaling Factor Shrinkage Compensation","float","%","100.0","material_shrinkage_percentage","True","Cura/resources/definitions/fdmprinter.def.json#settings.material","material > material_shrinkage_percentage > material_shrinkage_percentage_xy","Material > Scaling Factor Shrinkage Compensation > Horizontal Scaling Factor Shrinkage Compensation","",""
"material","cura_material_print_settings","Cura Material Print Settings","","","material_shrinkage_percentage_z","Vertical Scaling Factor Shrinkage Compensation","float","%","100.0","material_shrinkage_percentage","True","Cura/resources/definitions/fdmprinter.def.json#settings.material","material > material_shrinkage_percentage > material_shrinkage_percentage_z","Material > Scaling Factor Shrinkage Compensation > Vertical Scaling Factor Shrinkage Compensation","",""
"material","cura_material_print_settings","Cura Material Print Settings","","","material_crystallinity","Crystalline Material","bool",,"False","","False","Cura/resources/definitions/fdmprinter.def.json#settings.material","material > material_crystallinity","Material > Crystalline Material","",""
"material","cura_material_print_settings","Cura Material Print Settings","","","material_anti_ooze_retracted_position","Anti-ooze Retracted Position","float","mm","-4","","False","Cura/resources/definitions/fdmprinter.def.json#settings.material","material > material_anti_ooze_retracted_position","Material > Anti-ooze Retracted Position","",""
"material","cura_material_print_settings","Cura Material Print Settings","","","material_anti_ooze_retraction_speed","Anti-ooze Retraction Speed","float","mm/s","5","","False","Cura/resources/definitions/fdmprinter.def.json#settings.material","material > material_anti_ooze_retraction_speed","Material > Anti-ooze Retraction Speed","",""
"material","cura_material_print_settings","Cura Material Print Settings","","","material_break_preparation_retracted_position","Break Preparation Retracted Position","float","mm","-16","","False","Cura/resources/definitions/fdmprinter.def.json#settings.material","material > material_break_preparation_retracted_position","Material > Break Preparation Retracted Position","",""
"material","cura_material_print_settings","Cura Material Print Settings","","","material_break_preparation_speed","Break Preparation Retraction Speed","float","mm/s","2","","False","Cura/resources/definitions/fdmprinter.def.json#settings.material","material > material_break_preparation_speed","Material > Break Preparation Retraction Speed","",""
"material","cura_material_print_settings","Cura Material Print Settings","","","material_break_preparation_temperature","Break Preparation Temperature","float","°C","50","material_print_temperature","False","Cura/resources/definitions/fdmprinter.def.json#settings.material","material > material_break_preparation_temperature","Material > Break Preparation Temperature","",""
"material","cura_material_print_settings","Cura Material Print Settings","","","material_break_retracted_position","Break Retracted Position","float","mm","-50","","False","Cura/resources/definitions/fdmprinter.def.json#settings.material","material > material_break_retracted_position","Material > Break Retracted Position","",""
"material","cura_material_print_settings","Cura Material Print Settings","","","material_break_speed","Break Retraction Speed","float","mm/s","25","","False","Cura/resources/definitions/fdmprinter.def.json#settings.material","material > material_break_speed","Material > Break Retraction Speed","",""
"material","cura_material_print_settings","Cura Material Print Settings","","","material_break_temperature","Break Temperature","float","°C","50","","False","Cura/resources/definitions/fdmprinter.def.json#settings.material","material > material_break_temperature","Material > Break Temperature","",""
"material","cura_material_print_settings","Cura Material Print Settings","","","material_flush_purge_speed","Flush Purge Speed","float",,"0.5","","False","Cura/resources/definitions/fdmprinter.def.json#settings.material","material > material_flush_purge_speed","Material > Flush Purge Speed","",""
"material","cura_material_print_settings","Cura Material Print Settings","","","material_flush_purge_length","Flush Purge Length","float",,"60","","False","Cura/resources/definitions/fdmprinter.def.json#settings.material","material > material_flush_purge_length","Material > Flush Purge Length","",""
"material","cura_material_print_settings","Cura Material Print Settings","","","material_end_of_filament_purge_speed","End of Filament Purge Speed","float",,"0.5","","False","Cura/resources/definitions/fdmprinter.def.json#settings.material","material > material_end_of_filament_purge_speed","Material > End of Filament Purge Speed","",""
"material","cura_material_print_settings","Cura Material Print Settings","","","material_end_of_filament_purge_length","End of Filament Purge Length","float",,"20","","False","Cura/resources/definitions/fdmprinter.def.json#settings.material","material > material_end_of_filament_purge_length","Material > End of Filament Purge Length","",""
"material","cura_material_print_settings","Cura Material Print Settings","","","material_maximum_park_duration","Maximum Park Duration","float",,"300","","False","Cura/resources/definitions/fdmprinter.def.json#settings.material","material > material_maximum_park_duration","Material > Maximum Park Duration","",""
"material","cura_material_print_settings","Cura Material Print Settings","","","material_no_load_move_factor","No Load Move Factor","float",,"0.940860215","","False","Cura/resources/definitions/fdmprinter.def.json#settings.material","material > material_no_load_move_factor","Material > No Load Move Factor","",""
"material","cura_material_print_settings","Cura Material Print Settings","","","material_flow","Flow","float","%","100","","machine_gcode_flavor != ""UltiGCode""","Cura/resources/definitions/fdmprinter.def.json#settings.material","material > material_flow","Material > Flow","",""
"material","cura_material_print_settings","Cura Material Print Settings","","","wall_material_flow","Wall Flow","float","%","100","material_flow","","Cura/resources/definitions/fdmprinter.def.json#settings.material","material > material_flow > wall_material_flow","Material > Flow > Wall Flow","",""
"material","cura_material_print_settings","Cura Material Print Settings","","","wall_0_material_flow","Outer Wall Flow","float","%","100","wall_material_flow","","Cura/resources/definitions/fdmprinter.def.json#settings.material","material > material_flow > wall_material_flow > wall_0_material_flow","Material > Flow > Wall Flow > Outer Wall Flow","",""
"material","cura_material_print_settings","Cura Material Print Settings","","","wall_x_material_flow","Inner Wall(s) Flow","float","%","100","wall_material_flow","","Cura/resources/definitions/fdmprinter.def.json#settings.material","material > material_flow > wall_material_flow > wall_x_material_flow","Material > Flow > Wall Flow > Inner Wall(s) Flow","",""
"material","cura_material_print_settings","Cura Material Print Settings","","","wall_0_material_flow_roofing","Top Surface Outer Wall Flow","float","%","100","wall_0_material_flow","roofing_layer_count > 0 and top_layers > 0","Cura/resources/definitions/fdmprinter.def.json#settings.material","material > material_flow > wall_material_flow > wall_0_material_flow_roofing","Material > Flow > Wall Flow > Top Surface Outer Wall Flow","",""
"material","cura_material_print_settings","Cura Material Print Settings","","","wall_x_material_flow_roofing","Top Surface Inner Wall(s) Flow","float","%","100","wall_x_material_flow","roofing_layer_count > 0 and top_layers > 0","Cura/resources/definitions/fdmprinter.def.json#settings.material","material > material_flow > wall_material_flow > wall_x_material_flow_roofing","Material > Flow > Wall Flow > Top Surface Inner Wall(s) Flow","",""
"material","cura_material_print_settings","Cura Material Print Settings","","","wall_0_material_flow_flooring","Bottom Surface Outer Wall Flow","float","%","100","wall_0_material_flow","flooring_layer_count > 0 and bottom_layers > 0","Cura/resources/definitions/fdmprinter.def.json#settings.material","material > material_flow > wall_material_flow > wall_0_material_flow_flooring","Material > Flow > Wall Flow > Bottom Surface Outer Wall Flow","",""
"material","cura_material_print_settings","Cura Material Print Settings","","","wall_x_material_flow_flooring","Bottom Surface Inner Wall(s) Flow","float","%","100","wall_x_material_flow","flooring_layer_count > 0 and bottom_layers > 0","Cura/resources/definitions/fdmprinter.def.json#settings.material","material > material_flow > wall_material_flow > wall_x_material_flow_flooring","Material > Flow > Wall Flow > Bottom Surface Inner Wall(s) Flow","",""
"material","cura_material_print_settings","Cura Material Print Settings","","","skin_material_flow","Top/Bottom Flow","float","%","100","material_flow","top_layers > 0 or bottom_layers > 0","Cura/resources/definitions/fdmprinter.def.json#settings.material","material > material_flow > skin_material_flow","Material > Flow > Top/Bottom Flow","",""
"material","cura_material_print_settings","Cura Material Print Settings","","","roofing_material_flow","Top Surface Skin Flow","float","%","100","skin_material_flow","roofing_layer_count > 0 and top_layers > 0","Cura/resources/definitions/fdmprinter.def.json#settings.material","material > material_flow > roofing_material_flow","Material > Flow > Top Surface Skin Flow","",""
"material","cura_material_print_settings","Cura Material Print Settings","","","flooring_material_flow","Bottom Surface Skin Flow","float","%","100","skin_material_flow","flooring_layer_count > 0 and bottom_layers > 0","Cura/resources/definitions/fdmprinter.def.json#settings.material","material > material_flow > flooring_material_flow","Material > Flow > Bottom Surface Skin Flow","",""
"material","cura_material_print_settings","Cura Material Print Settings","","","infill_material_flow","Infill Flow","float","%","100","material_flow","infill_sparse_density > 0","Cura/resources/definitions/fdmprinter.def.json#settings.material","material > material_flow > infill_material_flow","Material > Flow > Infill Flow","",""
"material","cura_material_print_settings","Cura Material Print Settings","","","skirt_brim_material_flow","Skirt/Brim Flow","float","%","100","material_flow","resolveOrValue('adhesion_type') == 'skirt' or resolveOrValue('adhesion_type') == 'brim' or resolveOrValue('draft_shield_enabled') or resolveOrValue('ooze_shield_enabled')","Cura/resources/definitions/fdmprinter.def.json#settings.material","material > material_flow > skirt_brim_material_flow","Material > Flow > Skirt/Brim Flow","",""
"material","cura_material_print_settings","Cura Material Print Settings","","","support_material_flow","Support Flow","float","%","100","material_flow","support_enable or support_meshes_present","Cura/resources/definitions/fdmprinter.def.json#settings.material","material > material_flow > support_material_flow","Material > Flow > Support Flow","",""
"material","cura_material_print_settings","Cura Material Print Settings","","","support_interface_material_flow","Support Interface Flow","float","%","100","material_flow","(support_enable or support_meshes_present) and support_interface_enable","Cura/resources/definitions/fdmprinter.def.json#settings.material","material > material_flow > support_interface_material_flow","Material > Flow > Support Interface Flow","",""
"material","cura_material_print_settings","Cura Material Print Settings","","","support_roof_material_flow","Support Roof Flow","float","%","100","extruderValue(support_roof_extruder_nr, 'support_interface_material_flow')","(support_enable or support_meshes_present) and support_roof_enable","Cura/resources/definitions/fdmprinter.def.json#settings.material","material > material_flow > support_interface_material_flow > support_roof_material_flow","Material > Flow > Support Interface Flow > Support Roof Flow","",""
"material","cura_material_print_settings","Cura Material Print Settings","","","support_bottom_material_flow","Support Floor Flow","float","%","100","extruderValue(support_bottom_extruder_nr, 'support_interface_material_flow')","(support_enable or support_meshes_present) and support_bottom_enable","Cura/resources/definitions/fdmprinter.def.json#settings.material","material > material_flow > support_interface_material_flow > support_bottom_material_flow","Material > Flow > Support Interface Flow > Support Floor Flow","",""
"material","cura_material_print_settings","Cura Material Print Settings","","","prime_tower_flow","Prime Tower Flow","float","%","100","material_flow","","Cura/resources/definitions/fdmprinter.def.json#settings.material","material > material_flow > prime_tower_flow","Material > Flow > Prime Tower Flow","",""
"material","cura_material_print_settings","Cura Material Print Settings","","","material_flow_layer_0","Initial Layer Flow","float","%","100","","","Cura/resources/definitions/fdmprinter.def.json#settings.material","material > material_flow_layer_0","Material > Initial Layer Flow","",""
"material","cura_material_print_settings","Cura Material Print Settings","","","wall_x_material_flow_layer_0","Initial Layer Inner Wall Flow","float","%","100","material_flow_layer_0","","Cura/resources/definitions/fdmprinter.def.json#settings.material","material > wall_x_material_flow_layer_0","Material > Initial Layer Inner Wall Flow","",""
"material","cura_material_print_settings","Cura Material Print Settings","","","wall_0_material_flow_layer_0","Initial Layer Outer Wall Flow","float","%","100","material_flow_layer_0","","Cura/resources/definitions/fdmprinter.def.json#settings.material","material > wall_0_material_flow_layer_0","Material > Initial Layer Outer Wall Flow","",""
"material","cura_material_print_settings","Cura Material Print Settings","","","skin_material_flow_layer_0","Initial Layer Bottom Flow","float","%","100","material_flow_layer_0","bottom_layers > 0","Cura/resources/definitions/fdmprinter.def.json#settings.material","material > skin_material_flow_layer_0","Material > Initial Layer Bottom Flow","",""
"material","cura_material_print_settings","Cura Material Print Settings","","","material_standby_temperature","Standby Temperature","float","°C","150","","extruders_enabled_count > 1 and machine_nozzle_temp_enabled","Cura/resources/definitions/fdmprinter.def.json#settings.material","material > material_standby_temperature","Material > Standby Temperature","",""
"material","cura_material_print_settings","Cura Material Print Settings","","","material_is_support_material","Is support material","bool",,"False","","False","Cura/resources/definitions/fdmprinter.def.json#settings.material","material > material_is_support_material","Material > Is support material","",""
"material","cura_material_print_settings","Cura Material Print Settings","","","gradual_flow_enabled","Gradual flow enabled","bool",,"False","","","Cura/resources/definitions/fdmprinter.def.json#settings.material","material > gradual_flow_enabled","Material > Gradual flow enabled","",""
"material","cura_material_print_settings","Cura Material Print Settings","","","max_flow_acceleration","Gradual flow max acceleration","float","mm³/s²","1","","gradual_flow_enabled","Cura/resources/definitions/fdmprinter.def.json#settings.material","material > max_flow_acceleration","Material > Gradual flow max acceleration","",""
"material","cura_material_print_settings","Cura Material Print Settings","","","layer_0_max_flow_acceleration","Initial layer max flow acceleration","float","mm³/s²","1","max_flow_acceleration","gradual_flow_enabled","Cura/resources/definitions/fdmprinter.def.json#settings.material","material > layer_0_max_flow_acceleration","Material > Initial layer max flow acceleration","",""
"material","cura_material_print_settings","Cura Material Print Settings","","","gradual_flow_discretisation_step_size","Gradual flow discretisation step size","float","s","0.2","","gradual_flow_enabled","Cura/resources/definitions/fdmprinter.def.json#settings.material","material > gradual_flow_discretisation_step_size","Material > Gradual flow discretisation step size","",""
"material","cura_material_print_settings","Cura Material Print Settings","","","material_pressure_advance_factor","Pressure advance factor","float",,"0.05","","False","Cura/resources/definitions/fdmprinter.def.json#settings.material","material > material_pressure_advance_factor","Material > Pressure advance factor","",""
"material","cura_material_print_settings","Cura Material Print Settings","","","material_max_flowrate","Material Maximum Flow Rate","float","mm³/s","16","16","False","Cura/resources/definitions/fdmprinter.def.json#settings.material","material > material_max_flowrate","Material > Material Maximum Flow Rate","",""
"material","material_profile_metadata","Material Profile Metadata","","","abstract_color","abstract_color","xml_metadata","","","","","Ultimaker/fdm_materials/*.xml.fdm_material","metadata > abstract_color","Metadata > abstract_color","10","ultimaker_abs.xml.fdm_material; ultimaker_cpe.xml.fdm_material; ultimaker_cpe_plus.xml.fdm_material"
"material","material_profile_metadata","Material Profile Metadata","","","adhesion_info","adhesion_info","xml_metadata","","","","","Ultimaker/fdm_materials/*.xml.fdm_material","metadata > adhesion_info","Metadata > adhesion_info","258","3D-Fuel_PLA_PRO_Black.xml.fdm_material; 3D-Fuel_PLA_SnapSupport.xml.fdm_material; Extrudr_GreenTECPro_Anthracite_175.xml.fdm_material"
"material","material_profile_metadata","Material Profile Metadata","","","author","author","xml_metadata","","","","","Ultimaker/fdm_materials/*.xml.fdm_material","metadata > author","Metadata > author","4","layer_one_black_pla.xml.fdm_material; layer_one_dark_gray_pla.xml.fdm_material; layer_one_white_pla.xml.fdm_material"
"material","material_profile_metadata","Material Profile Metadata","","","breakaway_compatible","breakaway_compatible","xml_metadata","","","","","Ultimaker/fdm_materials/*.xml.fdm_material","metadata > breakaway_compatible","Metadata > breakaway_compatible","103","generic_abs.xml.fdm_material; generic_asa.xml.fdm_material; generic_bam.xml.fdm_material"
"material","material_profile_metadata","Material Profile Metadata","","","color_code","color_code","xml_metadata","","","","","Ultimaker/fdm_materials/*.xml.fdm_material","metadata > color_code","Metadata > color_code","281","3D-Fuel_PLA_PRO_Black.xml.fdm_material; 3D-Fuel_PLA_SnapSupport.xml.fdm_material; Extrudr_GreenTECPro_Anthracite_175.xml.fdm_material"
"material","material_profile_metadata","Material Profile Metadata","","","description","description","xml_metadata","","","","","Ultimaker/fdm_materials/*.xml.fdm_material","metadata > description","Metadata > description","258","3D-Fuel_PLA_PRO_Black.xml.fdm_material; 3D-Fuel_PLA_SnapSupport.xml.fdm_material; Extrudr_GreenTECPro_Anthracite_175.xml.fdm_material"
"material","material_profile_metadata","Material Profile Metadata","","","EAN","EAN","xml_metadata","","","","","Ultimaker/fdm_materials/*.xml.fdm_material","metadata > EAN","Metadata > EAN","1","ultimaker_pva.xml.fdm_material"
"material","material_profile_metadata","Material Profile Metadata","","","GUID","GUID","xml_metadata","","","","","Ultimaker/fdm_materials/*.xml.fdm_material","metadata > GUID","Metadata > GUID","281","3D-Fuel_PLA_PRO_Black.xml.fdm_material; 3D-Fuel_PLA_SnapSupport.xml.fdm_material; Extrudr_GreenTECPro_Anthracite_175.xml.fdm_material"
"material","material_profile_metadata","Material Profile Metadata","","","instruction_link","instruction_link","xml_metadata","","","","","Ultimaker/fdm_materials/*.xml.fdm_material","metadata > instruction_link","Metadata > instruction_link","102","layer_one_black_pla.xml.fdm_material; layer_one_dark_gray_pla.xml.fdm_material; layer_one_white_pla.xml.fdm_material"
"material","material_profile_metadata","Material Profile Metadata","","","name","name","xml_metadata","","","","","Ultimaker/fdm_materials/*.xml.fdm_material","metadata > name","Metadata > name","281","3D-Fuel_PLA_PRO_Black.xml.fdm_material; 3D-Fuel_PLA_SnapSupport.xml.fdm_material; Extrudr_GreenTECPro_Anthracite_175.xml.fdm_material"
"material","material_profile_metadata","Material Profile Metadata","","","pva_compatible","pva_compatible","xml_metadata","","","","","Ultimaker/fdm_materials/*.xml.fdm_material","metadata > pva_compatible","Metadata > pva_compatible","104","generic_abs.xml.fdm_material; generic_asa.xml.fdm_material; generic_bam.xml.fdm_material"
"material","material_profile_metadata","Material Profile Metadata","","","reference_material_id","reference_material_id","xml_metadata","","","","","Ultimaker/fdm_materials/*.xml.fdm_material","metadata > reference_material_id","Metadata > reference_material_id","19","basf_ultrafuse_316l_175.xml.fdm_material; jabil_tpe_sebs_1300_95a_175.xml.fdm_material; polymaker_polymax_pc_175.xml.fdm_material"
"material","material_profile_metadata","Material Profile Metadata","","","supplier","supplier","xml_metadata","","","","","Ultimaker/fdm_materials/*.xml.fdm_material","metadata > supplier","Metadata > supplier","1","ultimaker_pva.xml.fdm_material"
"material","material_profile_metadata","Material Profile Metadata","","","version","version","xml_metadata","","","","","Ultimaker/fdm_materials/*.xml.fdm_material","metadata > version","Metadata > version","281","3D-Fuel_PLA_PRO_Black.xml.fdm_material; 3D-Fuel_PLA_SnapSupport.xml.fdm_material; Extrudr_GreenTECPro_Anthracite_175.xml.fdm_material"
"material","material_profile_properties","Material Profile Properties","","","density","density","xml_property","","","","","Ultimaker/fdm_materials/*.xml.fdm_material","properties > density","Properties > density","281","3D-Fuel_PLA_PRO_Black.xml.fdm_material; 3D-Fuel_PLA_SnapSupport.xml.fdm_material; Extrudr_GreenTECPro_Anthracite_175.xml.fdm_material"
"material","material_profile_properties","Material Profile Properties","","","diameter","diameter","xml_property","","","","","Ultimaker/fdm_materials/*.xml.fdm_material","properties > diameter","Properties > diameter","281","3D-Fuel_PLA_PRO_Black.xml.fdm_material; 3D-Fuel_PLA_SnapSupport.xml.fdm_material; Extrudr_GreenTECPro_Anthracite_175.xml.fdm_material"
"material","material_profile_properties","Material Profile Properties","","","weight","weight","xml_property","","","","","Ultimaker/fdm_materials/*.xml.fdm_material","properties > weight","Properties > weight","167","3D-Fuel_PLA_PRO_Black.xml.fdm_material; Extrudr_GreenTECPro_Anthracite_175.xml.fdm_material; Extrudr_GreenTECPro_Black_175.xml.fdm_material"
"material","material_profile_global_material_settings","Global Material Settings","","","adhesion tendency","adhesion tendency","xml_setting","","","","","Ultimaker/fdm_materials/*.xml.fdm_material","settings > Global Material Settings > adhesion tendency","Settings > Global Material Settings > adhesion tendency","132","3D-Fuel_PLA_PRO_Black.xml.fdm_material; 3D-Fuel_PLA_SnapSupport.xml.fdm_material; Extrudr_GreenTECPro_Anthracite_175.xml.fdm_material"
"material","material_profile_global_material_settings","Global Material Settings","","","adhesion_type","adhesion_type","xml_setting","","","","","Ultimaker/fdm_materials/*.xml.fdm_material","settings > Global Material Settings > adhesion_type","Settings > Global Material Settings > adhesion_type","2","generic_pp.xml.fdm_material; ultimaker_pp_transparent.xml.fdm_material"
"material","material_profile_global_material_settings","Global Material Settings","","","anti ooze retract position","anti ooze retract position","xml_setting","","","","","Ultimaker/fdm_materials/*.xml.fdm_material","settings > Global Material Settings > anti ooze retract position","Settings > Global Material Settings > anti ooze retract position","103","generic_abs.xml.fdm_material; generic_asa.xml.fdm_material; generic_bam.xml.fdm_material"
"material","material_profile_global_material_settings","Global Material Settings","","","anti ooze retract speed","anti ooze retract speed","xml_setting","","","","","Ultimaker/fdm_materials/*.xml.fdm_material","settings > Global Material Settings > anti ooze retract speed","Settings > Global Material Settings > anti ooze retract speed","103","generic_abs.xml.fdm_material; generic_asa.xml.fdm_material; generic_bam.xml.fdm_material"
"material","material_profile_global_material_settings","Global Material Settings","","","break position","break position","xml_setting","","","","","Ultimaker/fdm_materials/*.xml.fdm_material","settings > Global Material Settings > break position","Settings > Global Material Settings > break position","103","generic_abs.xml.fdm_material; generic_asa.xml.fdm_material; generic_bam.xml.fdm_material"
"material","material_profile_global_material_settings","Global Material Settings","","","break preparation position","break preparation position","xml_setting","","","","","Ultimaker/fdm_materials/*.xml.fdm_material","settings > Global Material Settings > break preparation position","Settings > Global Material Settings > break preparation position","103","generic_abs.xml.fdm_material; generic_asa.xml.fdm_material; generic_bam.xml.fdm_material"
"material","material_profile_global_material_settings","Global Material Settings","","","break preparation speed","break preparation speed","xml_setting","","","","","Ultimaker/fdm_materials/*.xml.fdm_material","settings > Global Material Settings > break preparation speed","Settings > Global Material Settings > break preparation speed","103","generic_abs.xml.fdm_material; generic_asa.xml.fdm_material; generic_bam.xml.fdm_material"
"material","material_profile_global_material_settings","Global Material Settings","","","break preparation temperature","break preparation temperature","xml_setting","","","","","Ultimaker/fdm_materials/*.xml.fdm_material","settings > Global Material Settings > break preparation temperature","Settings > Global Material Settings > break preparation temperature","103","generic_abs.xml.fdm_material; generic_asa.xml.fdm_material; generic_bam.xml.fdm_material"
"material","material_profile_global_material_settings","Global Material Settings","","","break speed","break speed","xml_setting","","","","","Ultimaker/fdm_materials/*.xml.fdm_material","settings > Global Material Settings > break speed","Settings > Global Material Settings > break speed","103","generic_abs.xml.fdm_material; generic_asa.xml.fdm_material; generic_bam.xml.fdm_material"
"material","material_profile_global_material_settings","Global Material Settings","","","break temperature","break temperature","xml_setting","","","","","Ultimaker/fdm_materials/*.xml.fdm_material","settings > Global Material Settings > break temperature","Settings > Global Material Settings > break temperature","103","generic_abs.xml.fdm_material; generic_asa.xml.fdm_material; generic_bam.xml.fdm_material"
"material","material_profile_global_material_settings","Global Material Settings","","","build volume temperature","build volume temperature","xml_setting","","","","","Ultimaker/fdm_materials/*.xml.fdm_material","settings > Global Material Settings > build volume temperature","Settings > Global Material Settings > build volume temperature","150","3D-Fuel_PLA_PRO_Black.xml.fdm_material; 3D-Fuel_PLA_SnapSupport.xml.fdm_material; Extrudr_GreenTECPro_Anthracite_175.xml.fdm_material"
"material","material_profile_global_material_settings","Global Material Settings","","","cool_fan_speed_0","cool_fan_speed_0","xml_setting","","","","","Ultimaker/fdm_materials/*.xml.fdm_material","settings > Global Material Settings > cool_fan_speed_0","Settings > Global Material Settings > cool_fan_speed_0","1","polymaker_polymax_pc_175.xml.fdm_material"
"material","material_profile_global_material_settings","Global Material Settings","","","cool_fan_speed_max","cool_fan_speed_max","xml_setting","","","","","Ultimaker/fdm_materials/*.xml.fdm_material","settings > Global Material Settings > cool_fan_speed_max","Settings > Global Material Settings > cool_fan_speed_max","21","generic_abs.xml.fdm_material; generic_asa.xml.fdm_material; generic_cffpps.xml.fdm_material"
"material","material_profile_global_material_settings","Global Material Settings","","","cool_min_layer_time","cool_min_layer_time","xml_setting","","","","","Ultimaker/fdm_materials/*.xml.fdm_material","settings > Global Material Settings > cool_min_layer_time","Settings > Global Material Settings > cool_min_layer_time","1","jabil_tpe_sebs_1300_95a_175.xml.fdm_material"
"material","material_profile_global_material_settings","Global Material Settings","","","cool_min_temperature","cool_min_temperature","xml_setting","","","","","Ultimaker/fdm_materials/*.xml.fdm_material","settings > Global Material Settings > cool_min_temperature","Settings > Global Material Settings > cool_min_temperature","2","jabil_tpe_sebs_1300_95a_175.xml.fdm_material; polymaker_polymax_pc_175.xml.fdm_material"
"material","material_profile_global_material_settings","Global Material Settings","","","dwell time before break preparation move","dwell time before break preparation move","xml_setting","","","","","Ultimaker/fdm_materials/*.xml.fdm_material","settings > Global Material Settings > dwell time before break preparation move","Settings > Global Material Settings > dwell time before break preparation move","98","generic_abs.xml.fdm_material; generic_asa.xml.fdm_material; generic_bam.xml.fdm_material"
"material","material_profile_global_material_settings","Global Material Settings","","","end of filament purge length","end of filament purge length","xml_setting","","","","","Ultimaker/fdm_materials/*.xml.fdm_material","settings > Global Material Settings > end of filament purge length","Settings > Global Material Settings > end of filament purge length","5","generic_cffcpe.xml.fdm_material; generic_cffpa.xml.fdm_material; generic_gffcpe.xml.fdm_material"
"material","material_profile_global_material_settings","Global Material Settings","","","end of filament purge speed","end of filament purge speed","xml_setting","","","","","Ultimaker/fdm_materials/*.xml.fdm_material","settings > Global Material Settings > end of filament purge speed","Settings > Global Material Settings > end of filament purge speed","5","generic_cffcpe.xml.fdm_material; generic_cffpa.xml.fdm_material; generic_gffcpe.xml.fdm_material"
"material","material_profile_global_material_settings","Global Material Settings","","","end of filament purge volume","end of filament purge volume","xml_setting","","","","","Ultimaker/fdm_materials/*.xml.fdm_material","settings > Global Material Settings > end of filament purge volume","Settings > Global Material Settings > end of filament purge volume","96","generic_abs.xml.fdm_material; generic_asa.xml.fdm_material; generic_bam.xml.fdm_material"
"material","material_profile_global_material_settings","Global Material Settings","","","end of print purge volume","end of print purge volume","xml_setting","","","","","Ultimaker/fdm_materials/*.xml.fdm_material","settings > Global Material Settings > end of print purge volume","Settings > Global Material Settings > end of print purge volume","96","generic_abs.xml.fdm_material; generic_asa.xml.fdm_material; generic_bam.xml.fdm_material"
"material","material_profile_global_material_settings","Global Material Settings","","","flush purge length","flush purge length","xml_setting","","","","","Ultimaker/fdm_materials/*.xml.fdm_material","settings > Global Material Settings > flush purge length","Settings > Global Material Settings > flush purge length","101","generic_abs.xml.fdm_material; generic_asa.xml.fdm_material; generic_bam.xml.fdm_material"
"material","material_profile_global_material_settings","Global Material Settings","","","flush purge speed","flush purge speed","xml_setting","","","","","Ultimaker/fdm_materials/*.xml.fdm_material","settings > Global Material Settings > flush purge speed","Settings > Global Material Settings > flush purge speed","5","generic_cffcpe.xml.fdm_material; generic_cffpa.xml.fdm_material; generic_gffcpe.xml.fdm_material"
"material","material_profile_global_material_settings","Global Material Settings","","","hardware compatible","hardware compatible","xml_setting","","","","","Ultimaker/fdm_materials/*.xml.fdm_material","settings > Global Material Settings > hardware compatible","Settings > Global Material Settings > hardware compatible","5","generic_asa_175.xml.fdm_material; structur3d_dap100silicone.xml.fdm_material; ultimaker_asa_175.xml.fdm_material"
"material","material_profile_global_material_settings","Global Material Settings","","","heated bed temperature","heated bed temperature","xml_setting","","","","","Ultimaker/fdm_materials/*.xml.fdm_material","settings > Global Material Settings > heated bed temperature","Settings > Global Material Settings > heated bed temperature","253","3D-Fuel_PLA_PRO_Black.xml.fdm_material; 3D-Fuel_PLA_SnapSupport.xml.fdm_material; Extrudr_GreenTECPro_Anthracite_175.xml.fdm_material"
"material","material_profile_global_material_settings","Global Material Settings","","","material_alternate_walls","material_alternate_walls","xml_setting","","","","","Ultimaker/fdm_materials/*.xml.fdm_material","settings > Global Material Settings > material_alternate_walls","Settings > Global Material Settings > material_alternate_walls","1","basf_ultrafuse_316l_175.xml.fdm_material"
"material","material_profile_global_material_settings","Global Material Settings","","","material_crystallinity","material_crystallinity","xml_setting","","","","","Ultimaker/fdm_materials/*.xml.fdm_material","settings > Global Material Settings > material_crystallinity","Settings > Global Material Settings > material_crystallinity","33","Vertex_Delta_TPU.xml.fdm_material; fabtotum_nylon.xml.fdm_material; fabtotum_tpu.xml.fdm_material"
"material","material_profile_global_material_settings","Global Material Settings","","","material_final_print_temperature","material_final_print_temperature","xml_setting","","","","","Ultimaker/fdm_materials/*.xml.fdm_material","settings > Global Material Settings > material_final_print_temperature","Settings > Global Material Settings > material_final_print_temperature","3","jabil_tpe_sebs_1300_95a_175.xml.fdm_material; polymaker_polymax_pc_175.xml.fdm_material; ultimaker_sr30_175.xml.fdm_material"
"material","material_profile_global_material_settings","Global Material Settings","","","material_flow","material_flow","xml_setting","","","","","Ultimaker/fdm_materials/*.xml.fdm_material","settings > Global Material Settings > material_flow","Settings > Global Material Settings > material_flow","5","generic_petcf.xml.fdm_material; ultimaker_petcf.xml.fdm_material; ultimaker_petcf_black.xml.fdm_material"
"material","material_profile_global_material_settings","Global Material Settings","","","material_initial_print_temperature","material_initial_print_temperature","xml_setting","","","","","Ultimaker/fdm_materials/*.xml.fdm_material","settings > Global Material Settings > material_initial_print_temperature","Settings > Global Material Settings > material_initial_print_temperature","3","jabil_tpe_sebs_1300_95a_175.xml.fdm_material; polymaker_polymax_pc_175.xml.fdm_material; ultimaker_sr30_175.xml.fdm_material"
"material","material_profile_global_material_settings","Global Material Settings","","","material_is_support_material","material_is_support_material","xml_setting","","","","","Ultimaker/fdm_materials/*.xml.fdm_material","settings > Global Material Settings > material_is_support_material","Settings > Global Material Settings > material_is_support_material","12","generic_bam.xml.fdm_material; generic_bvoh.xml.fdm_material; generic_bvoh_175.xml.fdm_material"
"material","material_profile_global_material_settings","Global Material Settings","","","material_print_temperature_layer_0","material_print_temperature_layer_0","xml_setting","","","","","Ultimaker/fdm_materials/*.xml.fdm_material","settings > Global Material Settings > material_print_temperature_layer_0","Settings > Global Material Settings > material_print_temperature_layer_0","1","polymaker_polymax_pc_175.xml.fdm_material"
"material","material_profile_global_material_settings","Global Material Settings","","","material_shrinkage_percentage","material_shrinkage_percentage","xml_setting","","","","","Ultimaker/fdm_materials/*.xml.fdm_material","settings > Global Material Settings > material_shrinkage_percentage","Settings > Global Material Settings > material_shrinkage_percentage","31","generic_abs.xml.fdm_material; generic_asa.xml.fdm_material; generic_cpe_plus.xml.fdm_material"
"material","material_profile_global_material_settings","Global Material Settings","","","material_shrinkage_percentage_xy","material_shrinkage_percentage_xy","xml_setting","","","","","Ultimaker/fdm_materials/*.xml.fdm_material","settings > Global Material Settings > material_shrinkage_percentage_xy","Settings > Global Material Settings > material_shrinkage_percentage_xy","1","basf_ultrafuse_316l_175.xml.fdm_material"
"material","material_profile_global_material_settings","Global Material Settings","","","material_shrinkage_percentage_z","material_shrinkage_percentage_z","xml_setting","","","","","Ultimaker/fdm_materials/*.xml.fdm_material","settings > Global Material Settings > material_shrinkage_percentage_z","Settings > Global Material Settings > material_shrinkage_percentage_z","7","basf_ultrafuse_316l_175.xml.fdm_material; ultimaker_abscf_175.xml.fdm_material; ultimaker_absr_175.xml.fdm_material"
"material","material_profile_global_material_settings","Global Material Settings","","","maximum park duration","maximum park duration","xml_setting","","","","","Ultimaker/fdm_materials/*.xml.fdm_material","settings > Global Material Settings > maximum park duration","Settings > Global Material Settings > maximum park duration","103","generic_abs.xml.fdm_material; generic_asa.xml.fdm_material; generic_bam.xml.fdm_material"
"material","material_profile_global_material_settings","Global Material Settings","","","no load move factor","no load move factor","xml_setting","","","","","Ultimaker/fdm_materials/*.xml.fdm_material","settings > Global Material Settings > no load move factor","Settings > Global Material Settings > no load move factor","103","generic_abs.xml.fdm_material; generic_asa.xml.fdm_material; generic_bam.xml.fdm_material"
"material","material_profile_global_material_settings","Global Material Settings","","","pressure release dwell time","pressure release dwell time","xml_setting","","","","","Ultimaker/fdm_materials/*.xml.fdm_material","settings > Global Material Settings > pressure release dwell time","Settings > Global Material Settings > pressure release dwell time","98","generic_abs.xml.fdm_material; generic_asa.xml.fdm_material; generic_bam.xml.fdm_material"
"material","material_profile_global_material_settings","Global Material Settings","","","prime_tower_enable","prime_tower_enable","xml_setting","","","","","Ultimaker/fdm_materials/*.xml.fdm_material","settings > Global Material Settings > prime_tower_enable","Settings > Global Material Settings > prime_tower_enable","2","ultimaker_rapidrinse_175.xml.fdm_material; ultimaker_sr30_175.xml.fdm_material"
"material","material_profile_global_material_settings","Global Material Settings","","","print cooling","print cooling","xml_setting","","","","","Ultimaker/fdm_materials/*.xml.fdm_material","settings > Global Material Settings > print cooling","Settings > Global Material Settings > print cooling","131","3D-Fuel_PLA_SnapSupport.xml.fdm_material; Extrudr_GreenTECPro_Anthracite_175.xml.fdm_material; Extrudr_GreenTECPro_Black_175.xml.fdm_material"
"material","material_profile_global_material_settings","Global Material Settings","","","print temperature","print temperature","xml_setting","","","","","Ultimaker/fdm_materials/*.xml.fdm_material","settings > Global Material Settings > print temperature","Settings > Global Material Settings > print temperature","281","3D-Fuel_PLA_PRO_Black.xml.fdm_material; 3D-Fuel_PLA_SnapSupport.xml.fdm_material; Extrudr_GreenTECPro_Anthracite_175.xml.fdm_material"
"material","material_profile_global_material_settings","Global Material Settings","","","raft_airgap","raft_airgap","xml_setting","","","","","Ultimaker/fdm_materials/*.xml.fdm_material","settings > Global Material Settings > raft_airgap","Settings > Global Material Settings > raft_airgap","3","generic_bvoh.xml.fdm_material; generic_pva.xml.fdm_material; ultimaker_pva.xml.fdm_material"
"material","material_profile_global_material_settings","Global Material Settings","","","relative extrusion","relative extrusion","xml_setting","","","","","Ultimaker/fdm_materials/*.xml.fdm_material","settings > Global Material Settings > relative extrusion","Settings > Global Material Settings > relative extrusion","103","generic_abs.xml.fdm_material; generic_asa.xml.fdm_material; generic_bam.xml.fdm_material"
"material","material_profile_global_material_settings","Global Material Settings","","","retract compensation","retract compensation","xml_setting","","","","","Ultimaker/fdm_materials/*.xml.fdm_material","settings > Global Material Settings > retract compensation","Settings > Global Material Settings > retract compensation","103","generic_abs.xml.fdm_material; generic_asa.xml.fdm_material; generic_bam.xml.fdm_material"
"material","material_profile_global_material_settings","Global Material Settings","","","retraction amount","retraction amount","xml_setting","","","","","Ultimaker/fdm_materials/*.xml.fdm_material","settings > Global Material Settings > retraction amount","Settings > Global Material Settings > retraction amount","104","3D-Fuel_PLA_PRO_Black.xml.fdm_material; 3D-Fuel_PLA_SnapSupport.xml.fdm_material; Extrudr_GreenTECPro_Anthracite_175.xml.fdm_material"
"material","material_profile_global_material_settings","Global Material Settings","","","retraction speed","retraction speed","xml_setting","","","","","Ultimaker/fdm_materials/*.xml.fdm_material","settings > Global Material Settings > retraction speed","Settings > Global Material Settings > retraction speed","82","3D-Fuel_PLA_PRO_Black.xml.fdm_material; 3D-Fuel_PLA_SnapSupport.xml.fdm_material; Extrudr_GreenTECPro_Anthracite_175.xml.fdm_material"
"material","material_profile_global_material_settings","Global Material Settings","","","retraction_speed","retraction_speed","xml_setting","","","","","Ultimaker/fdm_materials/*.xml.fdm_material","settings > Global Material Settings > retraction_speed","Settings > Global Material Settings > retraction_speed","1","polymaker_polymax_pc_175.xml.fdm_material"
"material","material_profile_global_material_settings","Global Material Settings","","","standby temperature","standby temperature","xml_setting","","","","","Ultimaker/fdm_materials/*.xml.fdm_material","settings > Global Material Settings > standby temperature","Settings > Global Material Settings > standby temperature","257","3D-Fuel_PLA_PRO_Black.xml.fdm_material; 3D-Fuel_PLA_SnapSupport.xml.fdm_material; Extrudr_GreenTECPro_Anthracite_175.xml.fdm_material"
"material","material_profile_global_material_settings","Global Material Settings","","","support_conical_enabled","support_conical_enabled","xml_setting","","","","","Ultimaker/fdm_materials/*.xml.fdm_material","settings > Global Material Settings > support_conical_enabled","Settings > Global Material Settings > support_conical_enabled","2","ultimaker_rapidrinse_175.xml.fdm_material; ultimaker_sr30_175.xml.fdm_material"
"material","material_profile_global_material_settings","Global Material Settings","","","surface energy","surface energy","xml_setting","","","","","Ultimaker/fdm_materials/*.xml.fdm_material","settings > Global Material Settings > surface energy","Settings > Global Material Settings > surface energy","124","3D-Fuel_PLA_PRO_Black.xml.fdm_material; 3D-Fuel_PLA_SnapSupport.xml.fdm_material; Extrudr_GreenTECPro_Anthracite_175.xml.fdm_material"
"material","material_profile_global_material_settings","Global Material Settings","","","tainted print core max temperature","tainted print core max temperature","xml_setting","","","","","Ultimaker/fdm_materials/*.xml.fdm_material","settings > Global Material Settings > tainted print core max temperature","Settings > Global Material Settings > tainted print core max temperature","1","generic_bvoh.xml.fdm_material"
"material","material_profile_hotend_override","Hotend Override","","","adhesion tendency","adhesion tendency","xml_setting","","","","","Ultimaker/fdm_materials/*.xml.fdm_material","settings > Hotend Override > adhesion tendency","Settings > Hotend Override > adhesion tendency","14","generic_nylon-cf-slide.xml.fdm_material; generic_nylon-cf-slide.xml.fdm_material; generic_petcf.xml.fdm_material"
"material","material_profile_hotend_override","Hotend Override","","","adhesion_type","adhesion_type","xml_setting","","","","","Ultimaker/fdm_materials/*.xml.fdm_material","settings > Hotend Override > adhesion_type","Settings > Hotend Override > adhesion_type","16","generic_petg.xml.fdm_material; ultimaker_petg.xml.fdm_material; ultimaker_petg_black.xml.fdm_material"
"material","material_profile_hotend_override","Hotend Override","","","build volume temperature","build volume temperature","xml_setting","","","","","Ultimaker/fdm_materials/*.xml.fdm_material","settings > Hotend Override > build volume temperature","Settings > Hotend Override > build volume temperature","20","generic_cpe_plus.xml.fdm_material; generic_cpe_plus.xml.fdm_material; generic_pc.xml.fdm_material"
"material","material_profile_hotend_override","Hotend Override","","","cool_fan_speed","cool_fan_speed","xml_setting","","","","","Ultimaker/fdm_materials/*.xml.fdm_material","settings > Hotend Override > cool_fan_speed","Settings > Hotend Override > cool_fan_speed","4","imade3d_petg_175.xml.fdm_material; imade3d_petg_175.xml.fdm_material; imade3d_pla_175.xml.fdm_material"
"material","material_profile_hotend_override","Hotend Override","","","cool_fan_speed_max","cool_fan_speed_max","xml_setting","","","","","Ultimaker/fdm_materials/*.xml.fdm_material","settings > Hotend Override > cool_fan_speed_max","Settings > Hotend Override > cool_fan_speed_max","22","generic_abs.xml.fdm_material; generic_pc.xml.fdm_material; generic_pc.xml.fdm_material"
"material","material_profile_hotend_override","Hotend Override","","","cool_fan_speed_min","cool_fan_speed_min","xml_setting","","","","","Ultimaker/fdm_materials/*.xml.fdm_material","settings > Hotend Override > cool_fan_speed_min","Settings > Hotend Override > cool_fan_speed_min","4","imade3d_petg_175.xml.fdm_material; imade3d_petg_175.xml.fdm_material; imade3d_pla_175.xml.fdm_material"
"material","material_profile_hotend_override","Hotend Override","","","cool_min_layer_time","cool_min_layer_time","xml_setting","","","","","Ultimaker/fdm_materials/*.xml.fdm_material","settings > Hotend Override > cool_min_layer_time","Settings > Hotend Override > cool_min_layer_time","432","generic_abs.xml.fdm_material; generic_abs.xml.fdm_material; generic_abs.xml.fdm_material"
"material","material_profile_hotend_override","Hotend Override","","","hardware compatible","hardware compatible","xml_setting","","","","","Ultimaker/fdm_materials/*.xml.fdm_material","settings > Hotend Override > hardware compatible","Settings > Hotend Override > hardware compatible","2021","basf_ultrafuse_316l_175.xml.fdm_material; basf_ultrafuse_316l_175.xml.fdm_material; basf_ultrafuse_316l_175.xml.fdm_material"
"material","material_profile_hotend_override","Hotend Override","","","heated bed temperature","heated bed temperature","xml_setting","","","","","Ultimaker/fdm_materials/*.xml.fdm_material","settings > Hotend Override > heated bed temperature","Settings > Hotend Override > heated bed temperature","175","generic_abs.xml.fdm_material; generic_cpe_plus.xml.fdm_material; generic_cpe_plus.xml.fdm_material"
"material","material_profile_hotend_override","Hotend Override","","","material_crystallinity","material_crystallinity","xml_setting","","","","","Ultimaker/fdm_materials/*.xml.fdm_material","settings > Hotend Override > material_crystallinity","Settings > Hotend Override > material_crystallinity","26","generic_pla.xml.fdm_material; generic_pla.xml.fdm_material; ultimaker_pla.xml.fdm_material"
"material","material_profile_hotend_override","Hotend Override","","","material_flow","material_flow","xml_setting","","","","","Ultimaker/fdm_materials/*.xml.fdm_material","settings > Hotend Override > material_flow","Settings > Hotend Override > material_flow","4","imade3d_petg_175.xml.fdm_material; imade3d_petg_175.xml.fdm_material; imade3d_pla_175.xml.fdm_material"
"material","material_profile_hotend_override","Hotend Override","","","material_pressure_advance_factor","material_pressure_advance_factor","xml_setting","","","","","Ultimaker/fdm_materials/*.xml.fdm_material","settings > Hotend Override > material_pressure_advance_factor","Settings > Hotend Override > material_pressure_advance_factor","23","generic_nylon-cf-slide.xml.fdm_material; generic_nylon-cf-slide.xml.fdm_material; generic_pla.xml.fdm_material"
"material","material_profile_hotend_override","Hotend Override","","","material_shrinkage_percentage","material_shrinkage_percentage","xml_setting","","","","","Ultimaker/fdm_materials/*.xml.fdm_material","settings > Hotend Override > material_shrinkage_percentage","Settings > Hotend Override > material_shrinkage_percentage","65","generic_abs.xml.fdm_material; generic_cpe.xml.fdm_material; generic_cpe_plus.xml.fdm_material"
"material","material_profile_hotend_override","Hotend Override","","","no load move factor","no load move factor","xml_setting","","","","","Ultimaker/fdm_materials/*.xml.fdm_material","settings > Hotend Override > no load move factor","Settings > Hotend Override > no load move factor","122","generic_abs.xml.fdm_material; generic_bam.xml.fdm_material; generic_cpe.xml.fdm_material"
"material","material_profile_hotend_override","Hotend Override","","","print cooling","print cooling","xml_setting","","","","","Ultimaker/fdm_materials/*.xml.fdm_material","settings > Hotend Override > print cooling","Settings > Hotend Override > print cooling","349","generic_abs.xml.fdm_material; generic_abs.xml.fdm_material; generic_abs.xml.fdm_material"
"material","material_profile_hotend_override","Hotend Override","","","print temperature","print temperature","xml_setting","","","","","Ultimaker/fdm_materials/*.xml.fdm_material","settings > Hotend Override > print temperature","Settings > Hotend Override > print temperature","595","emotiontech_abs.xml.fdm_material; emotiontech_abs.xml.fdm_material; emotiontech_abs.xml.fdm_material"
"material","material_profile_hotend_override","Hotend Override","","","retraction amount","retraction amount","xml_setting","","","","","Ultimaker/fdm_materials/*.xml.fdm_material","settings > Hotend Override > retraction amount","Settings > Hotend Override > retraction amount","617","dsm_arnitel2045_175.xml.fdm_material; dsm_arnitel2045_175.xml.fdm_material; dsm_arnitel2045_175.xml.fdm_material"
"material","material_profile_hotend_override","Hotend Override","","","retraction speed","retraction speed","xml_setting","","","","","Ultimaker/fdm_materials/*.xml.fdm_material","settings > Hotend Override > retraction speed","Settings > Hotend Override > retraction speed","98","generic_cpe.xml.fdm_material; generic_nylon.xml.fdm_material; generic_nylon.xml.fdm_material"
"material","material_profile_hotend_override","Hotend Override","","","standby temperature","standby temperature","xml_setting","","","","","Ultimaker/fdm_materials/*.xml.fdm_material","settings > Hotend Override > standby temperature","Settings > Hotend Override > standby temperature","122","generic_abs.xml.fdm_material; generic_bam.xml.fdm_material; generic_cpe.xml.fdm_material"
"material","material_profile_hotend_override","Hotend Override","","","support_structure","support_structure","xml_setting","","","","","Ultimaker/fdm_materials/*.xml.fdm_material","settings > Hotend Override > support_structure","Settings > Hotend Override > support_structure","18","generic_bam.xml.fdm_material; generic_petg.xml.fdm_material; ultimaker_bam.xml.fdm_material"
"material","material_profile_machine_override","Machine Override","","","anti ooze retract position","anti ooze retract position","xml_setting","","","","","Ultimaker/fdm_materials/*.xml.fdm_material","settings > Machine Override > anti ooze retract position","Settings > Machine Override > anti ooze retract position","77","generic_abs.xml.fdm_material; generic_asa.xml.fdm_material; generic_bam.xml.fdm_material"
"material","material_profile_machine_override","Machine Override","","","break position","break position","xml_setting","","","","","Ultimaker/fdm_materials/*.xml.fdm_material","settings > Machine Override > break position","Settings > Machine Override > break position","6","generic_tpu.xml.fdm_material; ultimaker_tpu.xml.fdm_material; ultimaker_tpu_black.xml.fdm_material"
"material","material_profile_machine_override","Machine Override","","","break preparation position","break preparation position","xml_setting","","","","","Ultimaker/fdm_materials/*.xml.fdm_material","settings > Machine Override > break preparation position","Settings > Machine Override > break preparation position","67","generic_abs.xml.fdm_material; generic_asa.xml.fdm_material; generic_bam.xml.fdm_material"
"material","material_profile_machine_override","Machine Override","","","break preparation temperature","break preparation temperature","xml_setting","","","","","Ultimaker/fdm_materials/*.xml.fdm_material","settings > Machine Override > break preparation temperature","Settings > Machine Override > break preparation temperature","5","generic_petcf.xml.fdm_material; ultimaker_petcf.xml.fdm_material; ultimaker_petcf_black.xml.fdm_material"
"material","material_profile_machine_override","Machine Override","","","build volume temperature","build volume temperature","xml_setting","","","","","Ultimaker/fdm_materials/*.xml.fdm_material","settings > Machine Override > build volume temperature","Settings > Machine Override > build volume temperature","127","basf_ultrafuse_316l_175.xml.fdm_material; basf_ultrafuse_316l_175.xml.fdm_material; generic_abs.xml.fdm_material"
"material","material_profile_machine_override","Machine Override","","","cool_fan_speed_max","cool_fan_speed_max","xml_setting","","","","","Ultimaker/fdm_materials/*.xml.fdm_material","settings > Machine Override > cool_fan_speed_max","Settings > Machine Override > cool_fan_speed_max","18","generic_abs.xml.fdm_material; generic_asa.xml.fdm_material; generic_pc.xml.fdm_material"
"material","material_profile_machine_override","Machine Override","","","cool_min_temperature","cool_min_temperature","xml_setting","","","","","Ultimaker/fdm_materials/*.xml.fdm_material","settings > Machine Override > cool_min_temperature","Settings > Machine Override > cool_min_temperature","14","generic_pla_175.xml.fdm_material; generic_pla_175.xml.fdm_material; generic_pla_175.xml.fdm_material"
"material","material_profile_machine_override","Machine Override","","","different material purge volume","different material purge volume","xml_setting","","","","","Ultimaker/fdm_materials/*.xml.fdm_material","settings > Machine Override > different material purge volume","Settings > Machine Override > different material purge volume","5","generic_petcf.xml.fdm_material; ultimaker_petcf.xml.fdm_material; ultimaker_petcf_black.xml.fdm_material"
"material","material_profile_machine_override","Machine Override","","","flow sensor detection margin","flow sensor detection margin","xml_setting","","","","","Ultimaker/fdm_materials/*.xml.fdm_material","settings > Machine Override > flow sensor detection margin","Settings > Machine Override > flow sensor detection margin","12","generic_nylon.xml.fdm_material; generic_pp.xml.fdm_material; generic_tpu.xml.fdm_material"
"material","material_profile_machine_override","Machine Override","","","hardware compatible","hardware compatible","xml_setting","","","","","Ultimaker/fdm_materials/*.xml.fdm_material","settings > Machine Override > hardware compatible","Settings > Machine Override > hardware compatible","109","generic_abs.xml.fdm_material; generic_cffpps.xml.fdm_material; generic_cpe.xml.fdm_material"
"material","material_profile_machine_override","Machine Override","","","heated bed temperature","heated bed temperature","xml_setting","","","","","Ultimaker/fdm_materials/*.xml.fdm_material","settings > Machine Override > heated bed temperature","Settings > Machine Override > heated bed temperature","290","basf_ultrafuse_316l_175.xml.fdm_material; dsm_arnitel2045_175.xml.fdm_material; dsm_novamid1070_175.xml.fdm_material"
"material","material_profile_machine_override","Machine Override","","","material_bed_temperature_layer_0","material_bed_temperature_layer_0","xml_setting","","","","","Ultimaker/fdm_materials/*.xml.fdm_material","settings > Machine Override > material_bed_temperature_layer_0","Settings > Machine Override > material_bed_temperature_layer_0","14","generic_pla_175.xml.fdm_material; generic_pla_175.xml.fdm_material; generic_pla_175.xml.fdm_material"
"material","material_profile_machine_override","Machine Override","","","material_final_print_temperature","material_final_print_temperature","xml_setting","","","","","Ultimaker/fdm_materials/*.xml.fdm_material","settings > Machine Override > material_final_print_temperature","Settings > Machine Override > material_final_print_temperature","17","generic_pla_175.xml.fdm_material; generic_pla_175.xml.fdm_material; generic_pla_175.xml.fdm_material"
"material","material_profile_machine_override","Machine Override","","","material_flow","material_flow","xml_setting","","","","","Ultimaker/fdm_materials/*.xml.fdm_material","settings > Machine Override > material_flow","Settings > Machine Override > material_flow","5","generic_petcf.xml.fdm_material; ultimaker_petcf.xml.fdm_material; ultimaker_petcf_black.xml.fdm_material"
"material","material_profile_machine_override","Machine Override","","","material_initial_print_temperature","material_initial_print_temperature","xml_setting","","","","","Ultimaker/fdm_materials/*.xml.fdm_material","settings > Machine Override > material_initial_print_temperature","Settings > Machine Override > material_initial_print_temperature","17","generic_pla_175.xml.fdm_material; generic_pla_175.xml.fdm_material; generic_pla_175.xml.fdm_material"
"material","material_profile_machine_override","Machine Override","","","material_print_temperature_layer_0","material_print_temperature_layer_0","xml_setting","","","","","Ultimaker/fdm_materials/*.xml.fdm_material","settings > Machine Override > material_print_temperature_layer_0","Settings > Machine Override > material_print_temperature_layer_0","12","generic_pla_175.xml.fdm_material; generic_pla_175.xml.fdm_material; generic_pla_175.xml.fdm_material"
"material","material_profile_machine_override","Machine Override","","","material_shrinkage_percentage","material_shrinkage_percentage","xml_setting","","","","","Ultimaker/fdm_materials/*.xml.fdm_material","settings > Machine Override > material_shrinkage_percentage","Settings > Machine Override > material_shrinkage_percentage","164","generic_abs.xml.fdm_material; generic_asa.xml.fdm_material; generic_cpe.xml.fdm_material"
"material","material_profile_machine_override","Machine Override","","","material_shrinkage_percentage_z","material_shrinkage_percentage_z","xml_setting","","","","","Ultimaker/fdm_materials/*.xml.fdm_material","settings > Machine Override > material_shrinkage_percentage_z","Settings > Machine Override > material_shrinkage_percentage_z","80","generic_petg.xml.fdm_material; generic_petg.xml.fdm_material; generic_pla.xml.fdm_material"
"material","material_profile_machine_override","Machine Override","","","no load move factor","no load move factor","xml_setting","","","","","Ultimaker/fdm_materials/*.xml.fdm_material","settings > Machine Override > no load move factor","Settings > Machine Override > no load move factor","103","generic_abs.xml.fdm_material; generic_asa.xml.fdm_material; generic_bam.xml.fdm_material"
"material","material_profile_machine_override","Machine Override","","","prime_tower_enable","prime_tower_enable","xml_setting","","","","","Ultimaker/fdm_materials/*.xml.fdm_material","settings > Machine Override > prime_tower_enable","Settings > Machine Override > prime_tower_enable","2","ultimaker_pva_175.xml.fdm_material; ultimaker_pva_175.xml.fdm_material"
"material","material_profile_machine_override","Machine Override","","","print cooling","print cooling","xml_setting","","","","","Ultimaker/fdm_materials/*.xml.fdm_material","settings > Machine Override > print cooling","Settings > Machine Override > print cooling","238","dsm_arnitel2045_175.xml.fdm_material; dsm_novamid1070_175.xml.fdm_material; generic_abs.xml.fdm_material"
"material","material_profile_machine_override","Machine Override","","","print temperature","print temperature","xml_setting","","","","","Ultimaker/fdm_materials/*.xml.fdm_material","settings > Machine Override > print temperature","Settings > Machine Override > print temperature","204","Extrudr_GreenTECPro_Anthracite_175.xml.fdm_material; Extrudr_GreenTECPro_Black_175.xml.fdm_material; Extrudr_GreenTECPro_Blue_175.xml.fdm_material"
"material","material_profile_machine_override","Machine Override","","","processing temperature graph","processing temperature graph","xml_setting","","","","","Ultimaker/fdm_materials/*.xml.fdm_material","settings > Machine Override > processing temperature graph","Settings > Machine Override > processing temperature graph","13","generic_pla.xml.fdm_material; ultimaker_pla.xml.fdm_material; ultimaker_pla_black.xml.fdm_material"
"material","material_profile_machine_override","Machine Override","","","purge speed coefficient","purge speed coefficient","xml_setting","","","","","Ultimaker/fdm_materials/*.xml.fdm_material","settings > Machine Override > purge speed coefficient","Settings > Machine Override > purge speed coefficient","5","generic_petcf.xml.fdm_material; ultimaker_petcf.xml.fdm_material; ultimaker_petcf_black.xml.fdm_material"
"material","material_profile_machine_override","Machine Override","","","retraction amount","retraction amount","xml_setting","","","","","Ultimaker/fdm_materials/*.xml.fdm_material","settings > Machine Override > retraction amount","Settings > Machine Override > retraction amount","107","Extrudr_GreenTECPro_Anthracite_175.xml.fdm_material; Extrudr_GreenTECPro_Black_175.xml.fdm_material; Extrudr_GreenTECPro_Blue_175.xml.fdm_material"
"material","material_profile_machine_override","Machine Override","","","retraction speed","retraction speed","xml_setting","","","","","Ultimaker/fdm_materials/*.xml.fdm_material","settings > Machine Override > retraction speed","Settings > Machine Override > retraction speed","44","Extrudr_GreenTECPro_Anthracite_175.xml.fdm_material; Extrudr_GreenTECPro_Black_175.xml.fdm_material; Extrudr_GreenTECPro_Blue_175.xml.fdm_material"
"material","material_profile_machine_override","Machine Override","","","retraction_combing","retraction_combing","xml_setting","","","","","Ultimaker/fdm_materials/*.xml.fdm_material","settings > Machine Override > retraction_combing","Settings > Machine Override > retraction_combing","16","generic_cpe.xml.fdm_material; generic_cpe_plus.xml.fdm_material; ultimaker_cpe.xml.fdm_material"
"material","material_profile_machine_override","Machine Override","","","same material purge volume","same material purge volume","xml_setting","","","","","Ultimaker/fdm_materials/*.xml.fdm_material","settings > Machine Override > same material purge volume","Settings > Machine Override > same material purge volume","5","generic_petcf.xml.fdm_material; ultimaker_petcf.xml.fdm_material; ultimaker_petcf_black.xml.fdm_material"
"material","material_profile_machine_override","Machine Override","","","standby temperature","standby temperature","xml_setting","","","","","Ultimaker/fdm_materials/*.xml.fdm_material","settings > Machine Override > standby temperature","Settings > Machine Override > standby temperature","60","dsm_arnitel2045_175.xml.fdm_material; dsm_novamid1070_175.xml.fdm_material; generic_abs_175.xml.fdm_material"
"material","material_profile_machine_override","Machine Override","","","support_conical_enabled","support_conical_enabled","xml_setting","","","","","Ultimaker/fdm_materials/*.xml.fdm_material","settings > Machine Override > support_conical_enabled","Settings > Machine Override > support_conical_enabled","2","ultimaker_pva_175.xml.fdm_material; ultimaker_pva_175.xml.fdm_material"
