"key","display_name","category","subcategory","order","value_type","control_type","default_value","min_value","max_value","step","options","unit","description","is_advanced","visible_if","enabled_if","value_expression","expression_language","category_order","subcategory_order","option_templates"
"layer_height","层高","质量","常规","0","VT_FLOAT","NUMERIC_BOX","0.1","","","0.01","","mm","Cura 路径：Quality > Layer Height。 来源：Cura/resources/definitions/fdmprinter.def.json。","false","","","","","0","0",""
"initial_layer_height","首层层高","质量","常规","1","VT_FLOAT","NUMERIC_BOX","0.3","","","0.01","","mm","Cura 路径：Quality > Initial Layer Height。 来源：Cura/resources/definitions/fdmprinter.def.json。","false","","","","","0","0",""
"initial_layer_line_width_factor","首层线宽","质量","常规","2","VT_FLOAT","NUMERIC_BOX","100.0","","","0.01","","%","Cura 路径：Quality > Initial Layer Line Width。 来源：Cura/resources/definitions/fdmprinter.def.json。","false","","","","","0","0",""
"line_width","线宽","质量","线宽","0","VT_FLOAT","NUMERIC_BOX","0.4","","","0.01","","mm","Cura 路径：Quality > Line Width。 来源：Cura/resources/definitions/fdmprinter.def.json。 Cura 默认值表达式：machine_nozzle_size。","false","","","machine_nozzle_size","cura","0","1",""
"wall_line_width","壁线宽","质量","线宽","1","VT_FLOAT","NUMERIC_BOX","0.4","","","0.01","","mm","Cura 路径：Quality > Line Width > Wall Line Width。 来源：Cura/resources/definitions/fdmprinter.def.json。 Cura 默认值表达式：line_width。","false","","","line_width","cura","0","1",""
"wall_line_width_0","外壁线宽","质量","线宽","2","VT_FLOAT","NUMERIC_BOX","0.4","","","0.01","","mm","Cura 路径：Quality > Line Width > Wall Line Width > Outer Wall Line Width。 来源：Cura/resources/definitions/fdmprinter.def.json。 Cura 默认值表达式：wall_line_width。","false","","","wall_line_width","cura","0","1",""
"wall_line_width_x","内壁线宽","质量","线宽","3","VT_FLOAT","NUMERIC_BOX","0.4","","","0.01","","mm","Cura 路径：Quality > Line Width > Wall Line Width > Inner Wall(s) Line Width。 来源：Cura/resources/definitions/fdmprinter.def.json。 Cura 默认值表达式：wall_line_width。","false","","","wall_line_width","cura","0","1",""
"skin_line_width","顶部/底部线宽","质量","线宽","4","VT_FLOAT","NUMERIC_BOX","0.4","","","0.01","","mm","Cura 路径：Quality > Line Width > Top/Bottom Line Width。 来源：Cura/resources/definitions/fdmprinter.def.json。 Cura 默认值表达式：line_width。 Cura 启用表达式：top_layers > 0 or bottom_layers > 0。","false","","top_layers > 0 or bottom_layers > 0","line_width","cura","0","1",""
"infill_line_width","填充线宽","质量","线宽","5","VT_FLOAT","NUMERIC_BOX","0.4","","","0.01","","mm","Cura 路径：Quality > Line Width > Infill Line Width。 来源：Cura/resources/definitions/fdmprinter.def.json。 Cura 默认值表达式：line_width。 Cura 启用表达式：infill_sparse_density > 0。","false","","infill_sparse_density > 0","line_width","cura","0","1",""
"skirt_brim_line_width","裙边/边缘线宽","质量","线宽","6","VT_FLOAT","NUMERIC_BOX","0.4","","","0.01","","mm","Cura 路径：Quality > Line Width > Skirt/Brim Line Width。 来源：Cura/resources/definitions/fdmprinter.def.json。 Cura 默认值表达式：line_width。 Cura 启用表达式：resolveOrValue('adhesion_type') == 'skirt' or resolveOrValue('adhesion_type') == 'brim' or resolveOrValue('draft_shield_enabled') or resolveOrValue('ooze_shield_enabled')。","false","","resolveOrValue('adhesion_type') == 'skirt' or resolveOrValue('adhesion_type') == 'brim' or resolveOrValue('draft_shield_enabled') or resolveOrValue('ooze_shield_enabled')","line_width","cura","0","1",""
"support_line_width","支撑线宽","质量","线宽","7","VT_FLOAT","NUMERIC_BOX","0.4","","","0.01","","mm","Cura 路径：Quality > Line Width > Support Line Width。 来源：Cura/resources/definitions/fdmprinter.def.json。 Cura 默认值表达式：line_width。 Cura 启用表达式：(support_enable or support_meshes_present)。","false","","(support_enable or support_meshes_present)","line_width","cura","0","1",""
"support_interface_line_width","支撑接触面线宽","质量","线宽","8","VT_FLOAT","NUMERIC_BOX","0.4","","","0.01","","mm","Cura 路径：Quality > Line Width > Support Interface Line Width。 来源：Cura/resources/definitions/fdmprinter.def.json。 Cura 默认值表达式：line_width。 Cura 启用表达式：(support_enable or support_meshes_present) and support_interface_enable。","false","","(support_enable or support_meshes_present) and support_interface_enable","line_width","cura","0","1",""
"support_roof_line_width","支撑顶面线宽","质量","线宽","9","VT_FLOAT","NUMERIC_BOX","0.4","","","0.01","","mm","Cura 路径：Quality > Line Width > Support Interface Line Width > Support Roof Line Width。 来源：Cura/resources/definitions/fdmprinter.def.json。 Cura 默认值表达式：extruderValue(support_roof_extruder_nr, 'support_interface_line_width')。 Cura 启用表达式：(support_enable or support_meshes_present) and support_roof_enable。","false","","(support_enable or support_meshes_present) and support_roof_enable","extruderValue(support_roof_extruder_nr, 'support_interface_line_width')","cura","0","1",""
"support_bottom_line_width","支撑底面线宽","质量","线宽","10","VT_FLOAT","NUMERIC_BOX","0.4","","","0.01","","mm","Cura 路径：Quality > Line Width > Support Interface Line Width > Support Floor Line Width。 来源：Cura/resources/definitions/fdmprinter.def.json。 Cura 默认值表达式：extruderValue(support_bottom_extruder_nr, 'support_interface_line_width')。 Cura 启用表达式：(support_enable or support_meshes_present) and support_bottom_enable。","false","","(support_enable or support_meshes_present) and support_bottom_enable","extruderValue(support_bottom_extruder_nr, 'support_interface_line_width')","cura","0","1",""
"prime_tower_line_width","擦拭塔线宽","质量","线宽","11","VT_FLOAT","NUMERIC_BOX","0.4","","","0.01","","mm","Cura 路径：Quality > Line Width > Prime Tower Line Width。 来源：Cura/resources/definitions/fdmprinter.def.json。 Cura 默认值表达式：line_width。 Cura 启用表达式：prime_tower_enable。","false","","prime_tower_enable","line_width","cura","0","1",""
"wall_extruder_nr","壁挤出机","壁","壁挤出机","0","VT_INT","COMBO_BOX","-1","","","1","-1;0;1;2;3;4","","Cura 路径：Walls > Wall Extruder。 来源：Cura/resources/definitions/fdmprinter.def.json。 Cura 启用表达式：extruders_enabled_count > 1。","false","","extruders_enabled_count > 1","","cura","1","0","-1|-1|;0|0|;1|1|;2|2|;3|3|;4|4|"
"wall_0_extruder_nr","外壁挤出机","壁","壁挤出机","1","VT_INT","COMBO_BOX","-1","","","1","-1;0;1;2;3;4","","Cura 路径：Walls > Wall Extruder > Outer Wall Extruder。 来源：Cura/resources/definitions/fdmprinter.def.json。 Cura 默认值表达式：wall_extruder_nr。 Cura 启用表达式：extruders_enabled_count > 1。","false","","extruders_enabled_count > 1","wall_extruder_nr","cura","1","0","-1|-1|;0|0|;1|1|;2|2|;3|3|;4|4|"
"wall_x_extruder_nr","内壁挤出机","壁","壁挤出机","2","VT_INT","COMBO_BOX","-1","","","1","-1;0;1;2;3;4","","Cura 路径：Walls > Wall Extruder > Inner Wall Extruder。 来源：Cura/resources/definitions/fdmprinter.def.json。 Cura 默认值表达式：wall_extruder_nr。 Cura 启用表达式：extruders_enabled_count > 1。","false","","extruders_enabled_count > 1","wall_extruder_nr","cura","1","0","-1|-1|;0|0|;1|1|;2|2|;3|3|;4|4|"
"wall_thickness","壁厚","壁","壁厚","0","VT_FLOAT","NUMERIC_BOX","0.8","","","0.01","","mm","Cura 路径：Walls > Wall Thickness。 来源：Cura/resources/definitions/fdmprinter.def.json。 Cura 默认值表达式：wall_line_width_0 if magic_spiralize else 0。8。","false","","","wall_line_width_0 if magic_spiralize else 0.8","cura","1","1",""
"wall_line_count","壁线数量","壁","壁厚","1","VT_INT","NUMERIC_BOX","2","","","1","","","Cura 路径：Walls > Wall Thickness > Wall Line Count。 来源：Cura/resources/definitions/fdmprinter.def.json。 Cura 默认值表达式：1 if magic_spiralize else max(1, round((wall_thickness - wall_line_width_0) / wall_line_width_x) + 1) if wall_thickness != 0 else 0。","false","","","1 if magic_spiralize else max(1, round((wall_thickness - wall_line_width_0) / wall_line_width_x) + 1) if wall_thickness != 0 else 0","cura","1","1",""
"wall_transition_length","壁 Transition Length","壁","常规","0","VT_FLOAT","NUMERIC_BOX","0.4","","","0.01","","mm","Cura 路径：Walls > Wall Transition Length。 来源：Cura/resources/definitions/fdmprinter.def.json。 Cura 默认值表达式：line_width。","false","","","line_width","cura","1","2",""
"wall_distribution_count","壁 Distribution Count","壁","常规","1","VT_INT","NUMERIC_BOX","1","","","1","","","Cura 路径：Walls > Wall Distribution Count。 来源：Cura/resources/definitions/fdmprinter.def.json。","false","","","","","1","2",""
"wall_transition_angle","壁 Transitioning Threshold Angle","壁","常规","2","VT_FLOAT","NUMERIC_BOX","10","","","0.01","","°","Cura 路径：Walls > Wall Transitioning Threshold Angle。 来源：Cura/resources/definitions/fdmprinter.def.json。","false","","","","","1","2",""
"wall_transition_filter_distance","壁 Transitioning Filter 距离","壁","常规","3","VT_FLOAT","NUMERIC_BOX","100","","","0.01","","mm","Cura 路径：Walls > Wall Transitioning Filter Distance。 来源：Cura/resources/definitions/fdmprinter.def.json。 Cura 默认值表达式：100。 Cura 启用表达式：False。","false","","False","100","cura","1","2",""
"wall_transition_filter_deviation","壁 Transitioning Filter Margin","壁","常规","4","VT_FLOAT","NUMERIC_BOX","0.1","","","0.01","","mm","Cura 路径：Walls > Wall Transitioning Filter Margin。 来源：Cura/resources/definitions/fdmprinter.def.json。 Cura 默认值表达式：。25 * machine_nozzle_size。","false","","",".25 * machine_nozzle_size","cura","1","2",""
"wall_0_wipe_dist","外壁 Wipe 距离","壁","常规","5","VT_FLOAT","NUMERIC_BOX","0.2","","","0.01","","mm","Cura 路径：Walls > Outer Wall Wipe Distance。 来源：Cura/resources/definitions/fdmprinter.def.json。 Cura 默认值表达式：machine_nozzle_size / 2。","false","","","machine_nozzle_size / 2","cura","1","2",""
"wall_0_inset","外壁 Inset","壁","常规","6","VT_FLOAT","NUMERIC_BOX","0.0","","","0.01","","mm","Cura 路径：Walls > Outer Wall Inset。 来源：Cura/resources/definitions/fdmprinter.def.json。 Cura 默认值表达式：(machine_nozzle_size - wall_line_width_0) / 2 if (wall_line_width_0 < machine_nozzle_size and inset_direction != ""outside_in"") else 0。","false","","","(machine_nozzle_size - wall_line_width_0) / 2 if (wall_line_width_0 < machine_nozzle_size and inset_direction != ""outside_in"") else 0","cura","1","2",""
"optimize_wall_printing_order","Optimize 壁 Printing Order","壁","常规","7","VT_BOOL","CHECK_BOX","true","","","","","","Cura 路径：Walls > Optimize Wall Printing Order。 来源：Cura/resources/definitions/fdmprinter.def.json。","false","","","","","1","2",""
"inset_direction","壁打印顺序","壁","常规","8","VT_ENUM","COMBO_BOX","inside_out","","","","inside_out;outside_in","","Cura 路径：Walls > Wall Ordering。 来源：Cura/resources/definitions/fdmprinter.def.json。","false","","","","","1","2","inside_out|由内向外|;outside_in|由外向内|"
"initial_layer_inset_direction","首层壁打印顺序","壁","常规","9","VT_ENUM","COMBO_BOX","inside_out","","","","inside_out;outside_in","","Cura 路径：Walls > Initial Layer Wall Ordering。 来源：Cura/resources/definitions/fdmprinter.def.json。 Cura 默认值表达式：inset_direction。","false","","","inset_direction","cura","1","2","inside_out|由内向外|;outside_in|由外向内|"
"alternate_extra_perimeter","Alternate Extra 壁","壁","常规","10","VT_BOOL","CHECK_BOX","false","","","","","","Cura 路径：Walls > Alternate Extra Wall。 来源：Cura/resources/definitions/fdmprinter.def.json。","false","","","","","1","2",""
"fill_outline_gaps","Print Thin 壁","壁","常规","11","VT_BOOL","CHECK_BOX","true","","","","","","Cura 路径：Walls > Print Thin Walls。 来源：Cura/resources/definitions/fdmprinter.def.json。","false","","","","","1","2",""
"min_feature_size","Minimum Feature Size","壁","常规","12","VT_FLOAT","NUMERIC_BOX","0.1","","","0.01","","mm","Cura 路径：Walls > Minimum Feature Size。 来源：Cura/resources/definitions/fdmprinter.def.json。 Cura 默认值表达式：wall_line_width_0 / 4。 Cura 启用表达式：fill_outline_gaps。","false","","fill_outline_gaps","wall_line_width_0 / 4","cura","1","2",""
"min_bead_width","Minimum Thin 壁线宽","壁","常规","13","VT_FLOAT","NUMERIC_BOX","0.2","","","0.01","","mm","Cura 路径：Walls > Minimum Thin Wall Line Width。 来源：Cura/resources/definitions/fdmprinter.def.json。 Cura 默认值表达式：min_wall_line_width。 Cura 启用表达式：fill_outline_gaps。","false","","fill_outline_gaps","min_wall_line_width","cura","1","2",""
"xy_offset","Horizontal Expansion","壁","常规","14","VT_FLOAT","NUMERIC_BOX","0","","","0.01","","mm","Cura 路径：Walls > Horizontal Expansion。 来源：Cura/resources/definitions/fdmprinter.def.json。","false","","","","","1","2",""
"xy_offset_layer_0","首层 Horizontal Expansion","壁","常规","15","VT_FLOAT","NUMERIC_BOX","0","","","0.01","","mm","Cura 路径：Walls > Initial Layer Horizontal Expansion。 来源：Cura/resources/definitions/fdmprinter.def.json。 Cura 默认值表达式：xy_offset。","false","","","xy_offset","cura","1","2",""
"hole_xy_offset","Hole Horizontal Expansion","壁","常规","16","VT_FLOAT","NUMERIC_BOX","0","","","0.01","","mm","Cura 路径：Walls > Hole Horizontal Expansion。 来源：Cura/resources/definitions/fdmprinter.def.json。","false","","","","","1","2",""
"hole_xy_offset_max_diameter","Hole Horizontal Expansion Max Diameter","壁","常规","17","VT_FLOAT","NUMERIC_BOX","0","","","0.01","","mm","Cura 路径：Walls > Hole Horizontal Expansion Max Diameter。 来源：Cura/resources/definitions/fdmprinter.def.json。 Cura 启用表达式：hole_xy_offset > 0。","false","","hole_xy_offset > 0","","cura","1","2",""
"z_seam_type","Z 缝对齐","壁","常规","18","VT_ENUM","COMBO_BOX","sharpest_corner","","","","sharpest_corner;shortest;back;random;user_specified","","Cura 路径：Walls > Z Seam Alignment。 来源：Cura/resources/definitions/fdmprinter.def.json。","false","","","","","1","2","sharpest_corner|最尖角|;shortest|最短|;back|后|;random|随机|;user_specified|用户指定|"
"z_seam_on_vertex","Z Seam On Vertex","壁","常规","19","VT_BOOL","CHECK_BOX","false","","","","","","Cura 路径：Walls > Z Seam On Vertex。 来源：Cura/resources/definitions/fdmprinter.def.json。 Cura 启用表达式：z_seam_type == 'back' or z_seam_type == 'shortest'。","false","","z_seam_type == 'back' or z_seam_type == 'shortest'","","cura","1","2",""
"z_seam_corner","缝角偏好","壁","常规","20","VT_ENUM","COMBO_BOX","z_seam_corner_inner","","","","z_seam_corner_inner;z_seam_corner_outer;z_seam_corner_any;z_seam_corner_weighted","","Cura 路径：Walls > Seam Corner Preference。 来源：Cura/resources/definitions/fdmprinter.def.json。 Cura 启用表达式：z_seam_type == 'sharpest_corner'。","false","","z_seam_type == 'sharpest_corner'","","cura","1","2","z_seam_corner_inner|内角|;z_seam_corner_outer|外角|;z_seam_corner_any|任意角|;z_seam_corner_weighted|加权角|"
"z_seam_relative","Z Seam Relative","壁","常规","21","VT_BOOL","CHECK_BOX","false","","","","","","Cura 路径：Walls > Z Seam Relative。 来源：Cura/resources/definitions/fdmprinter.def.json。 Cura 启用表达式：z_seam_type == 'back'。","false","","z_seam_type == 'back'","","cura","1","2",""
"min_wall_line_width","Minimum 壁线宽","壁","Minimum 壁线宽","0","VT_FLOAT","NUMERIC_BOX","0.3","","","0.01","","mm","Cura 路径：Walls > Minimum Wall Line Width。 来源：Cura/resources/definitions/fdmprinter.def.json。 Cura 默认值表达式：machine_nozzle_size * 。85。","false","","","machine_nozzle_size * .85","cura","1","3",""
"min_even_wall_line_width","Minimum Even 壁线宽","壁","Minimum 壁线宽","1","VT_FLOAT","NUMERIC_BOX","0.3","","","0.01","","mm","Cura 路径：Walls > Minimum Wall Line Width > Minimum Even Wall Line Width。 来源：Cura/resources/definitions/fdmprinter.def.json。 Cura 默认值表达式：min_wall_line_width。","false","","","min_wall_line_width","cura","1","3",""
"min_odd_wall_line_width","Minimum Odd 壁线宽","壁","Minimum 壁线宽","2","VT_FLOAT","NUMERIC_BOX","0.3","","","0.01","","mm","Cura 路径：Walls > Minimum Wall Line Width > Minimum Odd Wall Line Width。 来源：Cura/resources/definitions/fdmprinter.def.json。 Cura 默认值表达式：min_wall_line_width。","false","","","min_wall_line_width","cura","1","3",""
"z_seam_position","Z 缝位置","壁","Z 缝位置","0","VT_ENUM","COMBO_BOX","back","","","","back;front;left;right;frontleft;frontright;backleft;backright","","Cura 路径：Walls > Z Seam Position。 来源：Cura/resources/definitions/fdmprinter.def.json。 Cura 启用表达式：z_seam_type == 'back'。","false","","z_seam_type == 'back'","","cura","1","4","back|后|;front|前|;left|左|;right|右|;frontleft|左前|;frontright|右前|;backleft|左后|;backright|右后|"
"z_seam_x","Z Seam X","壁","Z 缝位置","1","VT_FLOAT","NUMERIC_BOX","100.0","","","0.01","","mm","Cura 路径：Walls > Z Seam Position > Z Seam X。 来源：Cura/resources/definitions/fdmprinter.def.json。 Cura 默认值表达式：(0 if (z_seam_position == 'frontleft' or z_seam_position == 'left' or z_seam_position == 'backleft') else machine_width / 2 if (z_seam_position == 'front' or z_seam_position == 'back' or z_seam_position == 'middle') else machine_width) - (machine_width / 2 if z_seam_relative or machine_center_is_zero else 0)。 Cura 启用表达式：z_seam_type == 'back'。","false","","z_seam_type == 'back'","(0 if (z_seam_position == 'frontleft' or z_seam_position == 'left' or z_seam_position == 'backleft') else machine_width / 2 if (z_seam_position == 'front' or z_seam_position == 'back' or z_seam_position == 'middle') else machine_width) - (machine_width / 2 if z_seam_relative or machine_center_is_zero else 0)","cura","1","4",""
"z_seam_y","Z Seam Y","壁","Z 缝位置","2","VT_FLOAT","NUMERIC_BOX","100.0","","","0.01","","mm","Cura 路径：Walls > Z Seam Position > Z Seam Y。 来源：Cura/resources/definitions/fdmprinter.def.json。 Cura 默认值表达式：(0 if (z_seam_position == 'frontleft' or z_seam_position == 'front' or z_seam_position == 'frontright') else machine_depth / 2 if (z_seam_position == 'left' or z_seam_position == 'right' or z_seam_position == 'middle') else machine_depth) - (machine_depth / 2 if z_seam_relative or machine_center_is_zero else 0)。 Cura 启用表达式：z_seam_type == 'back'。","false","","z_seam_type == 'back'","(0 if (z_seam_position == 'frontleft' or z_seam_position == 'front' or z_seam_position == 'frontright') else machine_depth / 2 if (z_seam_position == 'left' or z_seam_position == 'right' or z_seam_position == 'middle') else machine_depth) - (machine_depth / 2 if z_seam_relative or machine_center_is_zero else 0)","cura","1","4",""
"roofing_extruder_nr","Top Surface Skin 挤出机","顶部/底部","常规","0","VT_INT","COMBO_BOX","-1","","","1","-1;0;1;2;3;4","","Cura 路径：Top/Bottom > Top Surface Skin Extruder。 来源：Cura/resources/definitions/fdmprinter.def.json。 Cura 默认值表达式：top_bottom_extruder_nr。 Cura 启用表达式：extruders_enabled_count > 1 and max(extruderValues('roofing_layer_count')) > 0 and max(extruderValues('top_layers')) > 0。","false","","extruders_enabled_count > 1 and max(extruderValues('roofing_layer_count')) > 0 and max(extruderValues('top_layers')) > 0","top_bottom_extruder_nr","cura","2","0","-1|-1|;0|0|;1|1|;2|2|;3|3|;4|4|"
"flooring_extruder_nr","Bottom Surface Skin 挤出机","顶部/底部","常规","1","VT_INT","COMBO_BOX","-1","","","1","-1;0;1;2;3;4","","Cura 路径：Top/Bottom > Bottom Surface Skin Extruder。 来源：Cura/resources/definitions/fdmprinter.def.json。 Cura 默认值表达式：top_bottom_extruder_nr。 Cura 启用表达式：extruders_enabled_count > 1 and max(extruderValues('flooring_layer_count')) > 0 and max(extruderValues('bottom_layers')) > 0。","false","","extruders_enabled_count > 1 and max(extruderValues('flooring_layer_count')) > 0 and max(extruderValues('bottom_layers')) > 0","top_bottom_extruder_nr","cura","2","0","-1|-1|;0|0|;1|1|;2|2|;3|3|;4|4|"
"top_bottom_extruder_nr","顶部/底部 挤出机","顶部/底部","常规","2","VT_INT","COMBO_BOX","-1","","","1","-1;0;1;2;3;4","","Cura 路径：Top/Bottom > Top/Bottom Extruder。 来源：Cura/resources/definitions/fdmprinter.def.json。 Cura 启用表达式：extruders_enabled_count > 1。","false","","extruders_enabled_count > 1","","cura","2","0","-1|-1|;0|0|;1|1|;2|2|;3|3|;4|4|"
"top_bottom_pattern","顶部/底部 图案","顶部/底部","常规","3","VT_ENUM","COMBO_BOX","lines","","","","lines;zigzag;concentric","","Cura 路径：Top/Bottom > Top/Bottom Pattern。 来源：Cura/resources/definitions/fdmprinter.def.json。 Cura 启用表达式：top_layers > 0 or bottom_layers > 0。","false","","top_layers > 0 or bottom_layers > 0","","cura","2","0","lines|线|;zigzag|锯齿|;concentric|同心|"
"top_bottom_pattern_0","首层底面图案","顶部/底部","常规","4","VT_ENUM","COMBO_BOX","lines","","","","lines;zigzag;concentric","","Cura 路径：Top/Bottom > Bottom Pattern Initial Layer。 来源：Cura/resources/definitions/fdmprinter.def.json。 Cura 默认值表达式：top_bottom_pattern。 Cura 启用表达式：top_layers > 0 or bottom_layers > 0。","false","","top_layers > 0 or bottom_layers > 0","top_bottom_pattern","cura","2","0","lines|线|;zigzag|锯齿|;concentric|同心|"
"connect_skin_polygons","Connect 顶部/底部 Polygons","顶部/底部","常规","5","VT_BOOL","CHECK_BOX","false","","","","","","Cura 路径：Top/Bottom > Connect Top/Bottom Polygons。 来源：Cura/resources/definitions/fdmprinter.def.json。 Cura 启用表达式：((top_layers > 0 or bottom_layers > 0) and top_bottom_pattern == 'concentric') or (initial_bottom_layers > 0 and top_bottom_pattern_0 == 'concentric') or (roofing_layer_count > 0 and roofing_pattern == 'concentric')。","false","","((top_layers > 0 or bottom_layers > 0) and top_bottom_pattern == 'concentric') or (initial_bottom_layers > 0 and top_bottom_pattern_0 == 'concentric') or (roofing_layer_count > 0 and roofing_pattern == 'concentric')","","cura","2","0",""
"skin_monotonic","单调顶部/底部顺序","顶部/底部","常规","6","VT_BOOL","CHECK_BOX","false","","","","","","Cura 路径：Top/Bottom > Monotonic Top/Bottom Order。 来源：Cura/resources/definitions/fdmprinter.def.json。 Cura 启用表达式：(top_layers > 0 or bottom_layers > 0) and (top_bottom_pattern != 'concentric' or top_bottom_pattern_0 != 'concentric')。","false","","(top_layers > 0 or bottom_layers > 0) and (top_bottom_pattern != 'concentric' or top_bottom_pattern_0 != 'concentric')","","cura","2","0",""
"skin_angles","顶部/底部走线方向","顶部/底部","常规","7","VT_STRING","TEXT_BOX","[ ]","","","","","","Cura 路径：Top/Bottom > Top/Bottom Line Directions。 来源：Cura/resources/definitions/fdmprinter.def.json。 列表值按文本编码到 ParameterValue。string_value。 Cura 启用表达式：(top_layers > 0 or bottom_layers > 0) and top_bottom_pattern != 'concentric'。","false","","(top_layers > 0 or bottom_layers > 0) and top_bottom_pattern != 'concentric'","","cura","2","0",""
"small_skin_width","Small 顶部/底部 宽度","顶部/底部","常规","8","VT_FLOAT","NUMERIC_BOX","1","","","0.01","","mm","Cura 路径：Top/Bottom > Small Top/Bottom Width。 来源：Cura/resources/definitions/fdmprinter.def.json。 Cura 默认值表达式：skin_line_width * 2。 Cura 启用表达式：(top_layers > 0 or bottom_layers > 0) and top_bottom_pattern != 'concentric'。","false","","(top_layers > 0 or bottom_layers > 0) and top_bottom_pattern != 'concentric'","skin_line_width * 2","cura","2","0",""
"small_skin_on_surface","Small 顶部/底部 On Surface","顶部/底部","常规","9","VT_BOOL","CHECK_BOX","false","","","","","","Cura 路径：Top/Bottom > Small Top/Bottom On Surface。 来源：Cura/resources/definitions/fdmprinter.def.json。 Cura 默认值表达式：False。 Cura 启用表达式：small_skin_width > 0 and top_layers > 0。","false","","small_skin_width > 0 and top_layers > 0","False","cura","2","0",""
"skin_no_small_gaps_heuristic","No Skin in Z Gaps","顶部/底部","常规","10","VT_BOOL","CHECK_BOX","false","","","","","","Cura 路径：Top/Bottom > No Skin in Z Gaps。 来源：Cura/resources/definitions/fdmprinter.def.json。 Cura 启用表达式：top_layers > 0 or bottom_layers > 0。","false","","top_layers > 0 or bottom_layers > 0","","cura","2","0",""
"skin_outline_count","Extra Skin 壁 Count","顶部/底部","常规","11","VT_INT","NUMERIC_BOX","1","","","1","","","Cura 路径：Top/Bottom > Extra Skin Wall Count。 来源：Cura/resources/definitions/fdmprinter.def.json。 Cura 默认值表达式：0 if top_bottom_pattern == 'concentric' and top_bottom_pattern_0 == 'concentric' and roofing_layer_count <= 0 else 1。 Cura 启用表达式：(top_layers > 0 or bottom_layers > 0) and (top_bottom_pattern != 'concentric' or top_bottom_pattern_0 != 'concentric' or (roofing_layer_count > 0 and roofing_pattern != 'concentric'))。","false","","(top_layers > 0 or bottom_layers > 0) and (top_bottom_pattern != 'concentric' or top_bottom_pattern_0 != 'concentric' or (roofing_layer_count > 0 and roofing_pattern != 'concentric'))","0 if top_bottom_pattern == 'concentric' and top_bottom_pattern_0 == 'concentric' and roofing_layer_count <= 0 else 1","cura","2","0",""
"ironing_enabled","Enable Ironing","顶部/底部","常规","12","VT_BOOL","CHECK_BOX","false","","","","","","Cura 路径：Top/Bottom > Enable Ironing。 来源：Cura/resources/definitions/fdmprinter.def.json。","false","","","","","2","0",""
"ironing_only_highest_layer","仅熨平最高层","顶部/底部","常规","13","VT_BOOL","CHECK_BOX","false","","","","","","Cura 路径：Top/Bottom > Iron Only Highest Layer。 来源：Cura/resources/definitions/fdmprinter.def.json。 Cura 启用表达式：ironing_enabled。","false","","ironing_enabled","","cura","2","0",""
"ironing_pattern","熨平图案","顶部/底部","常规","14","VT_ENUM","COMBO_BOX","zigzag","","","","zigzag;concentric","","Cura 路径：Top/Bottom > Ironing Pattern。 来源：Cura/resources/definitions/fdmprinter.def.json。 Cura 启用表达式：ironing_enabled。","false","","ironing_enabled","","cura","2","0","zigzag|锯齿|;concentric|同心|"
"ironing_monotonic","单调熨平顺序","顶部/底部","常规","15","VT_BOOL","CHECK_BOX","false","","","","","","Cura 路径：Top/Bottom > Monotonic Ironing Order。 来源：Cura/resources/definitions/fdmprinter.def.json。 Cura 启用表达式：ironing_enabled and ironing_pattern != 'concentric'。","false","","ironing_enabled and ironing_pattern != 'concentric'","","cura","2","0",""
"ironing_line_spacing","熨平线距","顶部/底部","常规","16","VT_FLOAT","NUMERIC_BOX","0.1","","","0.01","","mm","Cura 路径：Top/Bottom > Ironing Line Spacing。 来源：Cura/resources/definitions/fdmprinter.def.json。 Cura 启用表达式：ironing_enabled。","false","","ironing_enabled","","cura","2","0",""
"ironing_flow","Ironing 流量","顶部/底部","常规","17","VT_FLOAT","NUMERIC_BOX","10.0","","","0.01","","%","Cura 路径：Top/Bottom > Ironing Flow。 来源：Cura/resources/definitions/fdmprinter.def.json。 Cura 启用表达式：ironing_enabled。","false","","ironing_enabled","","cura","2","0",""
"ironing_inset","Ironing Inset","顶部/底部","常规","18","VT_FLOAT","NUMERIC_BOX","0.35","","","0.01","","mm","Cura 路径：Top/Bottom > Ironing Inset。 来源：Cura/resources/definitions/fdmprinter.def.json。 Cura 默认值表达式：wall_line_width_0 / 2 + (ironing_line_spacing - skin_line_width * (1。0 + ironing_flow / 100) / 2 if ironing_pattern == 'concentric' else skin_line_width * (1。0 - ironing_flow / 100) / 2)。 Cura 启用表达式：ironing_enabled。","false","","ironing_enabled","wall_line_width_0 / 2 + (ironing_line_spacing - skin_line_width * (1.0 + ironing_flow / 100) / 2 if ironing_pattern == 'concentric' else skin_line_width * (1.0 - ironing_flow / 100) / 2)","cura","2","0",""
"speed_ironing","熨平速度","顶部/底部","常规","19","VT_FLOAT","NUMERIC_BOX","20.0","","","0.01","","mm/s","Cura 路径：Top/Bottom > Ironing Speed。 来源：Cura/resources/definitions/fdmprinter.def.json。 Cura 默认值表达式：speed_topbottom * 20 / 30。 Cura 启用表达式：ironing_enabled。","false","","ironing_enabled","speed_topbottom * 20 / 30","cura","2","0",""
"acceleration_ironing","Ironing Acceleration","顶部/底部","常规","20","VT_FLOAT","NUMERIC_BOX","3000","","","0.01","","mm/s²","Cura 路径：Top/Bottom > Ironing Acceleration。 来源：Cura/resources/definitions/fdmprinter.def.json。 Cura 默认值表达式：acceleration_topbottom。 Cura 启用表达式：resolveOrValue('acceleration_enabled') and ironing_enabled。","false","","resolveOrValue('acceleration_enabled') and ironing_enabled","acceleration_topbottom","cura","2","0",""
"jerk_ironing","熨平加加速度","顶部/底部","常规","21","VT_FLOAT","NUMERIC_BOX","20","","","0.01","","mm/s","Cura 路径：Top/Bottom > Ironing Jerk。 来源：Cura/resources/definitions/fdmprinter.def.json。 Cura 默认值表达式：jerk_topbottom。 Cura 启用表达式：resolveOrValue('jerk_enabled') and ironing_enabled。","false","","resolveOrValue('jerk_enabled') and ironing_enabled","jerk_topbottom","cura","2","0",""
"roofing_layer_count","顶面表皮层数","顶部/底部","顶面表皮层数","0","VT_INT","NUMERIC_BOX","0","","","1","","","Cura 路径：Top/Bottom > Top Surface Skin Layers。 来源：Cura/resources/definitions/fdmprinter.def.json。 Cura 默认值表达式：0。 Cura 启用表达式：top_layers > 0。","false","","top_layers > 0","0","cura","2","1",""
"roofing_line_width","顶面表皮线宽","顶部/底部","顶面表皮层数","1","VT_FLOAT","NUMERIC_BOX","0.4","","","0.01","","mm","Cura 路径：Top/Bottom > Top Surface Skin Layers > Top Surface Skin Line Width。 来源：Cura/resources/definitions/fdmprinter.def.json。 Cura 默认值表达式：skin_line_width。 Cura 启用表达式：roofing_layer_count > 0 and top_layers > 0。","false","","roofing_layer_count > 0 and top_layers > 0","skin_line_width","cura","2","1",""
"roofing_pattern","顶面表皮图案","顶部/底部","顶面表皮层数","2","VT_ENUM","COMBO_BOX","lines","","","","lines;zigzag;concentric","","Cura 路径：Top/Bottom > Top Surface Skin Layers > Top Surface Skin Pattern。 来源：Cura/resources/definitions/fdmprinter.def.json。 Cura 默认值表达式：top_bottom_pattern。 Cura 启用表达式：roofing_layer_count > 0 and top_layers > 0。","false","","roofing_layer_count > 0 and top_layers > 0","top_bottom_pattern","cura","2","1","lines|线|;zigzag|锯齿|;concentric|同心|"
"roofing_monotonic","单调顶面顺序","顶部/底部","顶面表皮层数","3","VT_BOOL","CHECK_BOX","true","","","","","","Cura 路径：Top/Bottom > Top Surface Skin Layers > Monotonic Top Surface Order。 来源：Cura/resources/definitions/fdmprinter.def.json。 Cura 默认值表达式：True。 Cura 启用表达式：roofing_layer_count > 0 and top_layers > 0 and roofing_pattern != 'concentric'。","false","","roofing_layer_count > 0 and top_layers > 0 and roofing_pattern != 'concentric'","True","cura","2","1",""
"roofing_angles","顶面表皮走线方向","顶部/底部","顶面表皮层数","4","VT_STRING","TEXT_BOX","[ ]","","","","","","Cura 路径：Top/Bottom > Top Surface Skin Layers > Top Surface Skin Line Directions。 来源：Cura/resources/definitions/fdmprinter.def.json。 列表值按文本编码到 ParameterValue。string_value。 Cura 默认值表达式：skin_angles。 Cura 启用表达式：roofing_pattern != 'concentric' and roofing_layer_count > 0 and top_layers > 0。","false","","roofing_pattern != 'concentric' and roofing_layer_count > 0 and top_layers > 0","skin_angles","cura","2","1",""
"roofing_expansion","顶面扩展","顶部/底部","顶面表皮层数","5","VT_FLOAT","NUMERIC_BOX","0","","","0.01","","","Cura 路径：Top/Bottom > Top Surface Skin Layers > Top Surface Expansion。 来源：Cura/resources/definitions/fdmprinter.def.json。 Cura 默认值表达式：0。 Cura 启用表达式：roofing_layer_count > 0 and top_layers > 0。","false","","roofing_layer_count > 0 and top_layers > 0","0","cura","2","1",""
"flooring_layer_count","底面表皮层数","顶部/底部","底面表皮层数","0","VT_INT","NUMERIC_BOX","0","","","1","","","Cura 路径：Top/Bottom > Bottom Surface Skin Layers。 来源：Cura/resources/definitions/fdmprinter.def.json。 Cura 默认值表达式：0。 Cura 启用表达式：bottom_layers > 0。","false","","bottom_layers > 0","0","cura","2","2",""
"flooring_line_width","底面表皮线宽","顶部/底部","底面表皮层数","1","VT_FLOAT","NUMERIC_BOX","0.4","","","0.01","","mm","Cura 路径：Top/Bottom > Bottom Surface Skin Layers > Bottom Surface Skin Line Width。 来源：Cura/resources/definitions/fdmprinter.def.json。 Cura 默认值表达式：skin_line_width。 Cura 启用表达式：flooring_layer_count > 0 and bottom_layers > 0。","false","","flooring_layer_count > 0 and bottom_layers > 0","skin_line_width","cura","2","2",""
"flooring_pattern","底面表皮图案","顶部/底部","底面表皮层数","2","VT_ENUM","COMBO_BOX","lines","","","","lines;zigzag;concentric","","Cura 路径：Top/Bottom > Bottom Surface Skin Layers > Bottom Surface Skin Pattern。 来源：Cura/resources/definitions/fdmprinter.def.json。 Cura 默认值表达式：top_bottom_pattern。 Cura 启用表达式：flooring_layer_count > 0 and bottom_layers > 0。","false","","flooring_layer_count > 0 and bottom_layers > 0","top_bottom_pattern","cura","2","2","lines|线|;zigzag|锯齿|;concentric|同心|"
"flooring_monotonic","单调底面顺序","顶部/底部","底面表皮层数","3","VT_BOOL","CHECK_BOX","true","","","","","","Cura 路径：Top/Bottom > Bottom Surface Skin Layers > Monotonic Bottom Surface Order。 来源：Cura/resources/definitions/fdmprinter.def.json。 Cura 默认值表达式：True。 Cura 启用表达式：flooring_layer_count > 0 and bottom_layers > 0 and flooring_pattern != 'concentric'。","false","","flooring_layer_count > 0 and bottom_layers > 0 and flooring_pattern != 'concentric'","True","cura","2","2",""
"flooring_angles","底面表皮走线方向","顶部/底部","底面表皮层数","4","VT_STRING","TEXT_BOX","[ ]","","","","","","Cura 路径：Top/Bottom > Bottom Surface Skin Layers > Bottom Surface Skin Line Directions。 来源：Cura/resources/definitions/fdmprinter.def.json。 列表值按文本编码到 ParameterValue。string_value。 Cura 默认值表达式：skin_angles。 Cura 启用表达式：flooring_pattern != 'concentric' and flooring_layer_count > 0 and bottom_layers > 0。","false","","flooring_pattern != 'concentric' and flooring_layer_count > 0 and bottom_layers > 0","skin_angles","cura","2","2",""
"top_bottom_thickness","顶部/底部厚度","顶部/底部","顶部/底部厚度","0","VT_FLOAT","NUMERIC_BOX","0.8","","","0.01","","mm","Cura 路径：Top/Bottom > Top/Bottom Thickness。 来源：Cura/resources/definitions/fdmprinter.def.json。","false","","","","","2","3",""
"top_thickness","Top Thickness","顶部/底部","顶部/底部厚度","1","VT_FLOAT","NUMERIC_BOX","0.8","","","0.01","","mm","Cura 路径：Top/Bottom > Top/Bottom Thickness > Top Thickness。 来源：Cura/resources/definitions/fdmprinter.def.json。 Cura 默认值表达式：top_bottom_thickness。","false","","","top_bottom_thickness","cura","2","3",""
"top_layers","Top 层s","顶部/底部","顶部/底部厚度","2","VT_INT","NUMERIC_BOX","8","","","1","","","Cura 路径：Top/Bottom > Top/Bottom Thickness > Top Thickness > Top Layers。 来源：Cura/resources/definitions/fdmprinter.def.json。 Cura 默认值表达式：math。ceil(round(top_thickness / resolveOrValue('layer_height'), 4))。","false","","","math.ceil(round(top_thickness / resolveOrValue('layer_height'), 4))","cura","2","3",""
"bottom_thickness","Bottom Thickness","顶部/底部","顶部/底部厚度","3","VT_FLOAT","NUMERIC_BOX","0.6","","","0.01","","mm","Cura 路径：Top/Bottom > Top/Bottom Thickness > Bottom Thickness。 来源：Cura/resources/definitions/fdmprinter.def.json。 Cura 默认值表达式：top_bottom_thickness。","false","","","top_bottom_thickness","cura","2","3",""
"bottom_layers","Bottom 层s","顶部/底部","顶部/底部厚度","4","VT_INT","NUMERIC_BOX","6","","","1","","","Cura 路径：Top/Bottom > Top/Bottom Thickness > Bottom Thickness > Bottom Layers。 来源：Cura/resources/definitions/fdmprinter.def.json。 Cura 默认值表达式：math。ceil(round(bottom_thickness / resolveOrValue('layer_height'), 4))。","false","","","math.ceil(round(bottom_thickness / resolveOrValue('layer_height'), 4))","cura","2","3",""
"initial_bottom_layers","Initial Bottom 层s","顶部/底部","顶部/底部厚度","5","VT_INT","NUMERIC_BOX","6","","","1","","","Cura 路径：Top/Bottom > Top/Bottom Thickness > Bottom Thickness > Initial Bottom Layers。 来源：Cura/resources/definitions/fdmprinter.def.json。 Cura 默认值表达式：bottom_layers。","false","","","bottom_layers","cura","2","3",""
"skin_overlap","Skin Overlap Percentage","顶部/底部","Skin Overlap Percentage","0","VT_FLOAT","NUMERIC_BOX","5","","","0.01","","%","Cura 路径：Top/Bottom > Skin Overlap Percentage。 来源：Cura/resources/definitions/fdmprinter.def.json。 Cura 默认值表达式：5 if top_bottom_pattern != 'concentric' else 0。 Cura 启用表达式：(top_layers > 0 or bottom_layers > 0) and top_bottom_pattern != 'concentric'。","false","","(top_layers > 0 or bottom_layers > 0) and top_bottom_pattern != 'concentric'","5 if top_bottom_pattern != 'concentric' else 0","cura","2","4",""
"skin_overlap_mm","Skin Overlap","顶部/底部","Skin Overlap Percentage","1","VT_FLOAT","NUMERIC_BOX","0.02","","","0.01","","mm","Cura 路径：Top/Bottom > Skin Overlap Percentage > Skin Overlap。 来源：Cura/resources/definitions/fdmprinter.def.json。 Cura 默认值表达式：0。5 * (skin_line_width + (wall_line_width_x if wall_line_count > 1 else wall_line_width_0)) * skin_overlap / 100 if top_bottom_pattern != 'concentric' else 0。 Cura 启用表达式：(top_layers > 0 or bottom_layers > 0) and top_bottom_pattern != 'concentric'。","false","","(top_layers > 0 or bottom_layers > 0) and top_bottom_pattern != 'concentric'","0.5 * (skin_line_width + (wall_line_width_x if wall_line_count > 1 else wall_line_width_0)) * skin_overlap / 100 if top_bottom_pattern != 'concentric' else 0","cura","2","4",""
"skin_preshrink","Skin Removal 宽度","顶部/底部","Skin Removal 宽度","0","VT_FLOAT","NUMERIC_BOX","1","","","0.01","","mm","Cura 路径：Top/Bottom > Skin Removal Width。 来源：Cura/resources/definitions/fdmprinter.def.json。 Cura 默认值表达式：wall_line_width_0 + (wall_line_count - 1) * wall_line_width_x。 Cura 启用表达式：top_layers > 0 or bottom_layers > 0。","false","","top_layers > 0 or bottom_layers > 0","wall_line_width_0 + (wall_line_count - 1) * wall_line_width_x","cura","2","5",""
"top_skin_preshrink","Top Skin Removal 宽度","顶部/底部","Skin Removal 宽度","1","VT_FLOAT","NUMERIC_BOX","1","","","0.01","","mm","Cura 路径：Top/Bottom > Skin Removal Width > Top Skin Removal Width。 来源：Cura/resources/definitions/fdmprinter.def.json。 Cura 默认值表达式：skin_preshrink。 Cura 启用表达式：top_layers > 0 or bottom_layers > 0。","false","","top_layers > 0 or bottom_layers > 0","skin_preshrink","cura","2","5",""
"bottom_skin_preshrink","Bottom Skin Removal 宽度","顶部/底部","Skin Removal 宽度","2","VT_FLOAT","NUMERIC_BOX","1","","","0.01","","mm","Cura 路径：Top/Bottom > Skin Removal Width > Bottom Skin Removal Width。 来源：Cura/resources/definitions/fdmprinter.def.json。 Cura 默认值表达式：skin_preshrink。 Cura 启用表达式：top_layers > 0 or bottom_layers > 0。","false","","top_layers > 0 or bottom_layers > 0","skin_preshrink","cura","2","5",""
"expand_skins_expand_distance","Skin Expand 距离","顶部/底部","Skin Expand 距离","0","VT_FLOAT","NUMERIC_BOX","1","","","0.01","","mm","Cura 路径：Top/Bottom > Skin Expand Distance。 来源：Cura/resources/definitions/fdmprinter.def.json。 Cura 默认值表达式：max(-skin_preshrink, wall_line_width_0 + (wall_line_count - 1) * wall_line_width_x)。 Cura 启用表达式：top_layers > 0 or bottom_layers > 0。","false","","top_layers > 0 or bottom_layers > 0","max(-skin_preshrink, wall_line_width_0 + (wall_line_count - 1) * wall_line_width_x)","cura","2","6",""
"top_skin_expand_distance","Top Skin Expand 距离","顶部/底部","Skin Expand 距离","1","VT_FLOAT","NUMERIC_BOX","1","","","0.01","","mm","Cura 路径：Top/Bottom > Skin Expand Distance > Top Skin Expand Distance。 来源：Cura/resources/definitions/fdmprinter.def.json。 Cura 默认值表达式：expand_skins_expand_distance。 Cura 启用表达式：top_layers > 0 or bottom_layers > 0。","false","","top_layers > 0 or bottom_layers > 0","expand_skins_expand_distance","cura","2","6",""
"bottom_skin_expand_distance","Bottom Skin Expand 距离","顶部/底部","Skin Expand 距离","2","VT_FLOAT","NUMERIC_BOX","1","","","0.01","","mm","Cura 路径：Top/Bottom > Skin Expand Distance > Bottom Skin Expand Distance。 来源：Cura/resources/definitions/fdmprinter.def.json。 Cura 默认值表达式：expand_skins_expand_distance。 Cura 启用表达式：top_layers > 0 or bottom_layers > 0。","false","","top_layers > 0 or bottom_layers > 0","expand_skins_expand_distance","cura","2","6",""
"max_skin_angle_for_expansion","Maximum Skin Angle for Expansion","顶部/底部","Maximum Skin Angle for Expansion","0","VT_FLOAT","NUMERIC_BOX","90","","","0.01","","°","Cura 路径：Top/Bottom > Maximum Skin Angle for Expansion。 来源：Cura/resources/definitions/fdmprinter.def.json。 Cura 启用表达式：(top_layers > 0 or bottom_layers > 0) and (top_skin_expand_distance > 0 or bottom_skin_expand_distance > 0)。","false","","(top_layers > 0 or bottom_layers > 0) and (top_skin_expand_distance > 0 or bottom_skin_expand_distance > 0)","","cura","2","7",""
"min_skin_width_for_expansion","Minimum Skin 宽度 for Expansion","顶部/底部","Maximum Skin Angle for Expansion","1","VT_FLOAT","NUMERIC_BOX","0","","","0.01","","mm","Cura 路径：Top/Bottom > Maximum Skin Angle for Expansion > Minimum Skin Width for Expansion。 来源：Cura/resources/definitions/fdmprinter.def.json。 Cura 默认值表达式：top_layers * layer_height / math。tan(math。radians(max_skin_angle_for_expansion))。 Cura 启用表达式：(top_layers > 0 or bottom_layers > 0) and (top_skin_expand_distance > 0 or bottom_skin_expand_distance > 0)。","false","","(top_layers > 0 or bottom_layers > 0) and (top_skin_expand_distance > 0 or bottom_skin_expand_distance > 0)","top_layers * layer_height / math.tan(math.radians(max_skin_angle_for_expansion))","cura","2","7",""
"infill_extruder_nr","填充挤出机","填充","常规","0","VT_INT","COMBO_BOX","-1","","","1","-1;0;1;2;3;4","","Cura 路径：Infill > Infill Extruder。 来源：Cura/resources/definitions/fdmprinter.def.json。 Cura 启用表达式：extruders_enabled_count > 1。","false","","extruders_enabled_count > 1","","cura","3","0","-1|-1|;0|0|;1|1|;2|2|;3|3|;4|4|"
"infill_pattern","填充图案","填充","常规","1","VT_ENUM","COMBO_BOX","grid","","","","lines;grid;triangles;trihexagon;cubic;cubic_subdiv;octet;quarter_cubic;concentric;zigzag;cross;cross_3d;gyroid;lightning","","Cura 路径：Infill > Infill Pattern。 来源：Cura/resources/definitions/fdmprinter.def.json。 Cura 默认值表达式：'lines' if infill_sparse_density > 25 else 'grid'。 Cura 启用表达式：infill_line_distance > 0。","false","","infill_line_distance > 0","'lines' if infill_sparse_density > 25 else 'grid'","cura","3","0","lines|线|;grid|网格|;triangles|三角形|;trihexagon|三六边形|;cubic|立方|;cubic_subdiv|细分立方|;octet|八面体|;quarter_cubic|四分之一立方|;concentric|同心|;zigzag|锯齿|;cross|交叉|;cross_3d|三维交叉|;gyroid|螺旋二十四面体|;lightning|闪电|"
"zig_zaggify_infill","Connect 填充 Lines","填充","常规","2","VT_BOOL","CHECK_BOX","false","","","","","","Cura 路径：Infill > Connect Infill Lines。 来源：Cura/resources/definitions/fdmprinter.def.json。 Cura 默认值表达式：infill_pattern == 'cross' or infill_pattern == 'cross_3d'。 Cura 启用表达式：infill_pattern == 'lines' or infill_pattern == 'grid' or infill_pattern == 'triangles' or infill_pattern == 'trihexagon' or infill_pattern == 'cubic' or infill_pattern == 'tetrahedral' or infill_pattern == 'quarter_cubic' or infill_pattern == 'cross' or infill_pattern == 'cross_3d' or infill_pattern == 'gyroid' or infill_pattern == 'honeycomb' or infill_pattern == 'octagon'。","false","","infill_pattern == 'lines' or infill_pattern == 'grid' or infill_pattern == 'triangles' or infill_pattern == 'trihexagon' or infill_pattern == 'cubic' or infill_pattern == 'tetrahedral' or infill_pattern == 'quarter_cubic' or infill_pattern == 'cross' or infill_pattern == 'cross_3d' or infill_pattern == 'gyroid' or infill_pattern == 'honeycomb' or infill_pattern == 'octagon'","infill_pattern == 'cross' or infill_pattern == 'cross_3d'","cura","3","0",""
"connect_infill_polygons","Connect 填充 Polygons","填充","常规","3","VT_BOOL","CHECK_BOX","true","","","","","","Cura 路径：Infill > Connect Infill Polygons。 来源：Cura/resources/definitions/fdmprinter.def.json。 Cura 默认值表达式：(infill_pattern == 'cross' or infill_pattern == 'cross_3d' or infill_multiplier % 2 == 0) and infill_wall_line_count > 0。 Cura 启用表达式：infill_pattern != 'lightning' and (infill_pattern == 'cross' or infill_pattern == 'cross_3d' or infill_pattern == 'concentric' or infill_multiplier % 2 == 0 or infill_wall_line_count > 1)。","false","","infill_pattern != 'lightning' and (infill_pattern == 'cross' or infill_pattern == 'cross_3d' or infill_pattern == 'concentric' or infill_multiplier % 2 == 0 or infill_wall_line_count > 1)","(infill_pattern == 'cross' or infill_pattern == 'cross_3d' or infill_multiplier % 2 == 0) and infill_wall_line_count > 0","cura","3","0",""
"infill_angles","填充走线方向","填充","常规","4","VT_STRING","TEXT_BOX","[ ]","","","","","","Cura 路径：Infill > Infill Line Directions。 来源：Cura/resources/definitions/fdmprinter.def.json。 列表值按文本编码到 ParameterValue。string_value。 Cura 默认值表达式：[0, 90] if infill_pattern == 'octagon' else [0, 60, 120] if infill_pattern == 'honeycomb' else [0] if infill_pattern == 'gyroid' else [ ]。 Cura 启用表达式：infill_pattern not in ('concentric', 'cross', 'cross_3d', 'lightning') and infill_sparse_density > 0。","false","","infill_pattern not in ('concentric', 'cross', 'cross_3d', 'lightning') and infill_sparse_density > 0","[0, 90] if infill_pattern == 'octagon' else [0, 60, 120] if infill_pattern == 'honeycomb' else [0] if infill_pattern == 'gyroid' else [ ]","cura","3","0",""
"infill_offset_x","填充 X Offset","填充","常规","5","VT_FLOAT","NUMERIC_BOX","0","","","0.01","","mm","Cura 路径：Infill > Infill X Offset。 来源：Cura/resources/definitions/fdmprinter.def.json。 Cura 启用表达式：infill_pattern != 'lightning' and (infill_pattern == 'grid' or infill_pattern == 'lines' or infill_pattern == 'triangles' or infill_pattern == 'cubic' or infill_pattern == 'tetrahedral' or infill_pattern == 'quarter_cubic' or infill_pattern == 'zigzag')。","false","","infill_pattern != 'lightning' and (infill_pattern == 'grid' or infill_pattern == 'lines' or infill_pattern == 'triangles' or infill_pattern == 'cubic' or infill_pattern == 'tetrahedral' or infill_pattern == 'quarter_cubic' or infill_pattern == 'zigzag')","","cura","3","0",""
"infill_offset_y","填充 Y Offset","填充","常规","6","VT_FLOAT","NUMERIC_BOX","0","","","0.01","","mm","Cura 路径：Infill > Infill Y Offset。 来源：Cura/resources/definitions/fdmprinter.def.json。 Cura 启用表达式：infill_pattern != 'lightning' and (infill_pattern == 'grid' or infill_pattern == 'lines' or infill_pattern == 'triangles' or infill_pattern == 'cubic' or infill_pattern == 'tetrahedral' or infill_pattern == 'quarter_cubic' or infill_pattern == 'zigzag')。","false","","infill_pattern != 'lightning' and (infill_pattern == 'grid' or infill_pattern == 'lines' or infill_pattern == 'triangles' or infill_pattern == 'cubic' or infill_pattern == 'tetrahedral' or infill_pattern == 'quarter_cubic' or infill_pattern == 'zigzag')","","cura","3","0",""
"infill_multiplier","填充 Line Multiplier","填充","常规","7","VT_INT","NUMERIC_BOX","1","","","1","","","Cura 路径：Infill > Infill Line Multiplier。 来源：Cura/resources/definitions/fdmprinter.def.json。 Cura 启用表达式：infill_sparse_density > 0 and infill_pattern != 'zigzag' and (gradual_infill_steps == 0 or not zig_zaggify_infill)。","false","","infill_sparse_density > 0 and infill_pattern != 'zigzag' and (gradual_infill_steps == 0 or not zig_zaggify_infill)","","cura","3","0",""
"infill_wall_line_count","Extra 填充 壁 Count","填充","常规","8","VT_INT","NUMERIC_BOX","0","","","1","","","Cura 路径：Infill > Extra Infill Wall Count。 来源：Cura/resources/definitions/fdmprinter.def.json。 Cura 启用表达式：infill_sparse_density > 0。","false","","infill_sparse_density > 0","","cura","3","0",""
"sub_div_rad_add","Cubic Subdivision Shell","填充","常规","9","VT_FLOAT","NUMERIC_BOX","0.4","","","0.01","","mm","Cura 路径：Infill > Cubic Subdivision Shell。 来源：Cura/resources/definitions/fdmprinter.def.json。 Cura 默认值表达式：wall_line_width_x。 Cura 启用表达式：infill_sparse_density > 0 and infill_pattern == 'cubicsubdiv'。","false","","infill_sparse_density > 0 and infill_pattern == 'cubicsubdiv'","wall_line_width_x","cura","3","0",""
"infill_wipe_dist","填充 Wipe 距离","填充","常规","10","VT_FLOAT","NUMERIC_BOX","0.04","","","0.01","","mm","Cura 路径：Infill > Infill Wipe Distance。 来源：Cura/resources/definitions/fdmprinter.def.json。 Cura 默认值表达式：wall_line_width_0 / 4 if wall_line_count == 1 else wall_line_width_x / 4。 Cura 启用表达式：infill_sparse_density > 0。","false","","infill_sparse_density > 0","wall_line_width_0 / 4 if wall_line_count == 1 else wall_line_width_x / 4","cura","3","0",""
"infill_sparse_thickness","填充 层 Thickness","填充","常规","11","VT_FLOAT","NUMERIC_BOX","0.1","","","0.01","","mm","Cura 路径：Infill > Infill Layer Thickness。 来源：Cura/resources/definitions/fdmprinter.def.json。 Cura 默认值表达式：resolveOrValue('layer_height')。 Cura 启用表达式：infill_sparse_density > 0。","false","","infill_sparse_density > 0","resolveOrValue('layer_height')","cura","3","0",""
"gradual_infill_steps","Gradual 填充 Steps","填充","常规","12","VT_INT","NUMERIC_BOX","0","","","1","","","Cura 路径：Infill > Gradual Infill Steps。 来源：Cura/resources/definitions/fdmprinter.def.json。 Cura 启用表达式：infill_sparse_density > 0 and infill_pattern not in ['cubicsubdiv', 'cross', 'cross_3d', 'lightning']。","false","","infill_sparse_density > 0 and infill_pattern not in ['cubicsubdiv', 'cross', 'cross_3d', 'lightning']","","cura","3","0",""
"gradual_infill_step_height","Gradual 填充 Step 高度","填充","常规","13","VT_FLOAT","NUMERIC_BOX","1.5","","","0.01","","mm","Cura 路径：Infill > Gradual Infill Step Height。 来源：Cura/resources/definitions/fdmprinter.def.json。 Cura 启用表达式：infill_sparse_density > 0 and gradual_infill_steps > 0 and infill_pattern not in ['cubicsubdiv', 'cross', 'cross_3d', 'lightning']。","false","","infill_sparse_density > 0 and gradual_infill_steps > 0 and infill_pattern not in ['cubicsubdiv', 'cross', 'cross_3d', 'lightning']","","cura","3","0",""
"infill_before_walls","填充 Before 壁","填充","常规","14","VT_BOOL","CHECK_BOX","true","","","","","","Cura 路径：Infill > Infill Before Walls。 来源：Cura/resources/definitions/fdmprinter.def.json。 Cura 启用表达式：infill_sparse_density > 0 and wall_x_extruder_nr == infill_extruder_nr。","false","","infill_sparse_density > 0 and wall_x_extruder_nr == infill_extruder_nr","","cura","3","0",""
"min_infill_area","Minimum 填充 Area","填充","常规","15","VT_FLOAT","NUMERIC_BOX","0","","","0.01","","mm²","Cura 路径：Infill > Minimum Infill Area。 来源：Cura/resources/definitions/fdmprinter.def.json。","false","","","","","3","0",""
"infill_support_enabled","填充 支撑","填充","常规","16","VT_BOOL","CHECK_BOX","false","","","","","","Cura 路径：Infill > Infill Support。 来源：Cura/resources/definitions/fdmprinter.def.json。 Cura 启用表达式：infill_pattern != 'lightning' and infill_sparse_density > 0。","false","","infill_pattern != 'lightning' and infill_sparse_density > 0","","cura","3","0",""
"infill_support_angle","填充 Overhang Angle","填充","常规","17","VT_FLOAT","NUMERIC_BOX","40","","","0.01","","°","Cura 路径：Infill > Infill Overhang Angle。 来源：Cura/resources/definitions/fdmprinter.def.json。 Cura 启用表达式：infill_pattern != 'lightning' and infill_sparse_density > 0 and infill_support_enabled。","false","","infill_pattern != 'lightning' and infill_sparse_density > 0 and infill_support_enabled","","cura","3","0",""
"skin_support","填充 Skin 支撑","填充","常规","18","VT_BOOL","CHECK_BOX","true","","","","","","Cura 路径：Infill > Infill Skin Support。 来源：Cura/resources/definitions/fdmprinter.def.json。 Cura 默认值表达式：infill_sparse_density < 40。 Cura 启用表达式：infill_sparse_density > 0 and top_layers > 0。","false","","infill_sparse_density > 0 and top_layers > 0","infill_sparse_density < 40","cura","3","0",""
"skin_support_speed","Skin 支撑 速度","填充","常规","19","VT_FLOAT","NUMERIC_BOX","15","","","0.01","","mm/s","Cura 路径：Infill > Skin Support Speed。 来源：Cura/resources/definitions/fdmprinter.def.json。 Cura 默认值表达式：bridge_skin_speed。 Cura 启用表达式：skin_support。","false","","skin_support","bridge_skin_speed","cura","3","0",""
"skin_support_material_flow","Skin 支撑 流量","填充","常规","20","VT_FLOAT","NUMERIC_BOX","60","","","0.01","","%","Cura 路径：Infill > Skin Support Flow。 来源：Cura/resources/definitions/fdmprinter.def.json。 Cura 默认值表达式：bridge_skin_material_flow。 Cura 启用表达式：skin_support。","false","","skin_support","bridge_skin_material_flow","cura","3","0",""
"skin_support_density","Skin 支撑密度","填充","常规","21","VT_FLOAT","NUMERIC_BOX","100","","","0.01","","%","Cura 路径：Infill > Skin Support Density。 来源：Cura/resources/definitions/fdmprinter.def.json。 Cura 默认值表达式：bridge_skin_density。 Cura 启用表达式：skin_support。","false","","skin_support","bridge_skin_density","cura","3","0",""
"skin_support_fan_speed","Skin 支撑 风扇速度","填充","常规","22","VT_FLOAT","NUMERIC_BOX","100","","","0.01","","%","Cura 路径：Infill > Skin Support Fan Speed。 来源：Cura/resources/definitions/fdmprinter.def.json。 Cura 默认值表达式：bridge_fan_speed。 Cura 启用表达式：skin_support。","false","","skin_support","bridge_fan_speed","cura","3","0",""
"skin_support_interlace_lines","Interlace Skin 支撑 Lines","填充","常规","23","VT_BOOL","CHECK_BOX","false","","","","","","Cura 路径：Infill > Interlace Skin Support Lines。 来源：Cura/resources/definitions/fdmprinter.def.json。 Cura 默认值表达式：bridge_interlace_lines。 Cura 启用表达式：skin_support。","false","","skin_support","bridge_interlace_lines","cura","3","0",""
"infill_start_end_preference","填充起止点偏好","填充","常规","24","VT_ENUM","COMBO_BOX","start_closest","","","","shortest;random;start_closest;end_closest","","Cura 路径：Infill > Infill Start/End Preference。 来源：Cura/resources/definitions/fdmprinter.def.json。","false","","","","","3","0","shortest|最短|;random|随机|;start_closest|起点最近|;end_closest|终点最近|"
"infill_sparse_density","填充密度","填充","填充密度","0","VT_FLOAT","NUMERIC_BOX","20","","","0.01","","%","Cura 路径：Infill > Infill Density。 来源：Cura/resources/definitions/fdmprinter.def.json。","false","","","","","3","1",""
"infill_line_distance","填充 Line 距离","填充","填充密度","1","VT_FLOAT","NUMERIC_BOX","2","","","0.01","","mm","Cura 路径：Infill > Infill Density > Infill Line Distance。 来源：Cura/resources/definitions/fdmprinter.def.json。 Cura 默认值表达式：0 if infill_sparse_density == 0 else (((infill_line_width * 100) / infill_sparse_density) * (((4/3) - (1/3) * (infill_sparse_density / 100。0)) if infill_pattern in ['honeycomb', 'octagon'] else (2 if infill_pattern == 'grid' else (3 if infill_pattern in ['triangles', 'trihexagon', 'cubic', 'cubicsubdiv'] else (2 if infill_pattern in ['tetrahedral', 'quarter_cubic'] else (1 if infill_pattern in ['cross', 'cross_3d'] else (1。6 if infill_pattern == 'lightning' else 1)))))))。","false","","","0 if infill_sparse_density == 0 else (((infill_line_width * 100) / infill_sparse_density) * (((4/3) - (1/3) * (infill_sparse_density / 100.0)) if infill_pattern in ['honeycomb', 'octagon'] else (2 if infill_pattern == 'grid' else (3 if infill_pattern in ['triangles', 'trihexagon', 'cubic', 'cubicsubdiv'] else (2 if infill_pattern in ['tetrahedral', 'quarter_cubic'] else (1 if infill_pattern in ['cross', 'cross_3d'] else (1.6 if infill_pattern == 'lightning' else 1)))))))","cura","3","1",""
"infill_overlap","填充 Overlap Percentage","填充","填充 Overlap Percentage","0","VT_FLOAT","NUMERIC_BOX","10","","","0.01","","%","Cura 路径：Infill > Infill Overlap Percentage。 来源：Cura/resources/definitions/fdmprinter.def.json。 Cura 默认值表达式：10 if infill_sparse_density < 95 and infill_pattern != 'concentric' else 0。 Cura 启用表达式：infill_sparse_density > 0 and infill_pattern != 'concentric'。","false","","infill_sparse_density > 0 and infill_pattern != 'concentric'","10 if infill_sparse_density < 95 and infill_pattern != 'concentric' else 0","cura","3","2",""
"infill_overlap_mm","填充 Overlap","填充","填充 Overlap Percentage","1","VT_FLOAT","NUMERIC_BOX","0.04","","","0.01","","mm","Cura 路径：Infill > Infill Overlap Percentage > Infill Overlap。 来源：Cura/resources/definitions/fdmprinter.def.json。 Cura 默认值表达式：0。5 * (infill_line_width + (wall_line_width_x if wall_line_count > 1 else wall_line_width_0)) * infill_overlap / 100 if infill_sparse_density < 95 and infill_pattern != 'concentric' else 0。 Cura 启用表达式：infill_sparse_density > 0 and infill_pattern != 'concentric'。","false","","infill_sparse_density > 0 and infill_pattern != 'concentric'","0.5 * (infill_line_width + (wall_line_width_x if wall_line_count > 1 else wall_line_width_0)) * infill_overlap / 100 if infill_sparse_density < 95 and infill_pattern != 'concentric' else 0","cura","3","2",""
"lightning_infill_support_angle","Lightning 填充 支撑角度","填充","Lightning 填充 支撑角度","0","VT_FLOAT","NUMERIC_BOX","40","","","0.01","","°","Cura 路径：Infill > Lightning Infill Support Angle。 来源：Cura/resources/definitions/fdmprinter.def.json。 Cura 启用表达式：infill_pattern == 'lightning'。","false","","infill_pattern == 'lightning'","","cura","3","3",""
"lightning_infill_overhang_angle","Lightning 填充 Overhang Angle","填充","Lightning 填充 支撑角度","1","VT_FLOAT","NUMERIC_BOX","40","","","0.01","","°","Cura 路径：Infill > Lightning Infill Support Angle > Lightning Infill Overhang Angle。 来源：Cura/resources/definitions/fdmprinter.def.json。 Cura 默认值表达式：lightning_infill_support_angle。 Cura 启用表达式：infill_pattern == 'lightning'。","false","","infill_pattern == 'lightning'","lightning_infill_support_angle","cura","3","3",""
"lightning_infill_prune_angle","Lightning 填充 Prune Angle","填充","Lightning 填充 支撑角度","2","VT_FLOAT","NUMERIC_BOX","40","","","0.01","","°","Cura 路径：Infill > Lightning Infill Support Angle > Lightning Infill Prune Angle。 来源：Cura/resources/definitions/fdmprinter.def.json。 Cura 默认值表达式：lightning_infill_support_angle。 Cura 启用表达式：infill_pattern == 'lightning'。","false","","infill_pattern == 'lightning'","lightning_infill_support_angle","cura","3","3",""
"lightning_infill_straightening_angle","Lightning 填充 Straightening Angle","填充","Lightning 填充 支撑角度","3","VT_FLOAT","NUMERIC_BOX","40","","","0.01","","°","Cura 路径：Infill > Lightning Infill Support Angle > Lightning Infill Straightening Angle。 来源：Cura/resources/definitions/fdmprinter.def.json。 Cura 默认值表达式：lightning_infill_support_angle。 Cura 启用表达式：infill_pattern == 'lightning'。","false","","infill_pattern == 'lightning'","lightning_infill_support_angle","cura","3","3",""
"infill_move_inwards_length","填充 Start/End Move Inwards Length","填充","填充 Start/End Move Inwards Length","0","VT_FLOAT","NUMERIC_BOX","0","","","0.01","","mm","Cura 路径：Infill > Infill Start/End Move Inwards Length。 来源：Cura/resources/definitions/fdmprinter.def.json。 Cura 启用表达式：infill_sparse_density > 0。","false","","infill_sparse_density > 0","","cura","3","4",""
"infill_start_move_inwards_length","填充 Start Move Inwards Length","填充","填充 Start/End Move Inwards Length","1","VT_FLOAT","NUMERIC_BOX","0","","","0.01","","mm","Cura 路径：Infill > Infill Start/End Move Inwards Length > Infill Start Move Inwards Length。 来源：Cura/resources/definitions/fdmprinter.def.json。 Cura 默认值表达式：infill_move_inwards_length。 Cura 启用表达式：infill_sparse_density > 0。","false","","infill_sparse_density > 0","infill_move_inwards_length","cura","3","4",""
"infill_end_move_inwards_length","填充 End Move Inwards Length","填充","填充 Start/End Move Inwards Length","2","VT_FLOAT","NUMERIC_BOX","0","","","0.01","","mm","Cura 路径：Infill > Infill Start/End Move Inwards Length > Infill End Move Inwards Length。 来源：Cura/resources/definitions/fdmprinter.def.json。 Cura 默认值表达式：infill_move_inwards_length。 Cura 启用表达式：infill_sparse_density > 0。","false","","infill_sparse_density > 0","infill_move_inwards_length","cura","3","4",""
"default_material_print_temperature","Default Printing 温度","材料","常规","0","VT_FLOAT","NUMERIC_BOX","210","","","0.01","","°C","Cura 路径：Material > Default Printing Temperature。 来源：Cura/resources/definitions/fdmprinter.def.json。 Cura 启用表达式：False。","false","","False","","cura","4","0",""
"build_volume_temperature","成型腔温度","材料","常规","1","VT_FLOAT","NUMERIC_BOX","0","","","0.01","","°C","Cura 路径：Material > Build Volume Temperature。 来源：Cura/resources/definitions/fdmprinter.def.json。 Cura 启用表达式：machine_heated_build_volume。","false","","machine_heated_build_volume","","cura","4","0",""
"material_print_temperature","Printing 温度","材料","常规","2","VT_FLOAT","NUMERIC_BOX","210","","","0.01","","°C","Cura 路径：Material > Printing Temperature。 来源：Cura/resources/definitions/fdmprinter.def.json。 Cura 默认值表达式：default_material_print_temperature。 Cura 启用表达式：machine_nozzle_temp_enabled。","false","","machine_nozzle_temp_enabled","default_material_print_temperature","cura","4","0",""
"material_print_temperature_layer_0","Printing 温度 首层","材料","常规","3","VT_FLOAT","NUMERIC_BOX","215","","","0.01","","°C","Cura 路径：Material > Printing Temperature Initial Layer。 来源：Cura/resources/definitions/fdmprinter.def.json。 Cura 默认值表达式：material_print_temperature。 Cura 启用表达式：machine_nozzle_temp_enabled。","false","","machine_nozzle_temp_enabled","material_print_temperature","cura","4","0",""
"material_initial_print_temperature","Initial Printing 温度","材料","常规","4","VT_FLOAT","NUMERIC_BOX","200","","","0.01","","°C","Cura 路径：Material > Initial Printing Temperature。 来源：Cura/resources/definitions/fdmprinter.def.json。 Cura 默认值表达式：max(-273。15, material_print_temperature - 10)。 Cura 启用表达式：machine_nozzle_temp_enabled and not machine_extruders_share_heater。","false","","machine_nozzle_temp_enabled and not machine_extruders_share_heater","max(-273.15, material_print_temperature - 10)","cura","4","0",""
"material_final_print_temperature","Final Printing 温度","材料","常规","5","VT_FLOAT","NUMERIC_BOX","195","","","0.01","","°C","Cura 路径：Material > Final Printing Temperature。 来源：Cura/resources/definitions/fdmprinter.def.json。 Cura 默认值表达式：max(-273。15, material_print_temperature - 15)。 Cura 启用表达式：machine_nozzle_temp_enabled and not machine_extruders_share_heater。","false","","machine_nozzle_temp_enabled and not machine_extruders_share_heater","max(-273.15, material_print_temperature - 15)","cura","4","0",""
"material_extrusion_cool_down_speed","Extrusion Cool Down 速度 Modifier","材料","常规","6","VT_FLOAT","NUMERIC_BOX","0.7","","","0.01","","°C/s","Cura 路径：Material > Extrusion Cool Down Speed Modifier。 来源：Cura/resources/definitions/fdmprinter.def.json。 Cura 启用表达式：extruders_enabled_count > 1 and material_final_print_temperature != material_print_temperature。","false","","extruders_enabled_count > 1 and material_final_print_temperature != material_print_temperature","","cura","4","0",""
"default_material_bed_temperature","Default 热床温度","材料","常规","7","VT_FLOAT","NUMERIC_BOX","60","","","0.01","","°C","Cura 路径：Material > Default Build Plate Temperature。 来源：Cura/resources/definitions/fdmprinter.def.json。 Cura 启用表达式：False。","false","","False","","cura","4","0",""
"material_bed_temperature","热床温度","材料","常规","8","VT_FLOAT","NUMERIC_BOX","60","","","0.01","","°C","Cura 路径：Material > Build Plate Temperature。 来源：Cura/resources/definitions/fdmprinter.def.json。 Cura 默认值表达式：default_material_bed_temperature。 Cura 启用表达式：machine_heated_bed and machine_gcode_flavor != ""UltiGCode""。","false","","machine_heated_bed and machine_gcode_flavor != ""UltiGCode""","default_material_bed_temperature","cura","4","0",""
"material_bed_temperature_layer_0","热床温度 首层","材料","常规","9","VT_FLOAT","NUMERIC_BOX","60","","","0.01","","°C","Cura 路径：Material > Build Plate Temperature Initial Layer。 来源：Cura/resources/definitions/fdmprinter.def.json。 Cura 默认值表达式：resolveOrValue('material_bed_temperature')。 Cura 启用表达式：machine_heated_bed and machine_gcode_flavor != ""UltiGCode""。","false","","machine_heated_bed and machine_gcode_flavor != ""UltiGCode""","resolveOrValue('material_bed_temperature')","cura","4","0",""
"material_adhesion_tendency","Adhesion Tendency","材料","常规","10","VT_INT","NUMERIC_BOX","10","","","1","","","Cura 路径：Material > Adhesion Tendency。 来源：Cura/resources/definitions/fdmprinter.def.json。 Cura 启用表达式：False。","false","","False","","cura","4","0",""
"material_surface_energy","Surface Energy","材料","常规","11","VT_INT","NUMERIC_BOX","100","","","1","","%","Cura 路径：Material > Surface Energy。 来源：Cura/resources/definitions/fdmprinter.def.json。 Cura 启用表达式：False。","false","","False","","cura","4","0",""
"material_crystallinity","Crystalline 材料","材料","常规","12","VT_BOOL","CHECK_BOX","false","","","","","","Cura 路径：Material > Crystalline Material。 来源：Cura/resources/definitions/fdmprinter.def.json。 Cura 启用表达式：False。","false","","False","","cura","4","0",""
"material_anti_ooze_retracted_position","Anti-ooze Retracted Position","材料","常规","13","VT_FLOAT","NUMERIC_BOX","-4","","","0.01","","mm","Cura 路径：Material > Anti-ooze Retracted Position。 来源：Cura/resources/definitions/fdmprinter.def.json。 Cura 启用表达式：False。","false","","False","","cura","4","0",""
"material_anti_ooze_retraction_speed","Anti-ooze 回抽速度","材料","常规","14","VT_FLOAT","NUMERIC_BOX","5","","","0.01","","mm/s","Cura 路径：Material > Anti-ooze Retraction Speed。 来源：Cura/resources/definitions/fdmprinter.def.json。 Cura 启用表达式：False。","false","","False","","cura","4","0",""
"material_break_preparation_retracted_position","Break Preparation Retracted Position","材料","常规","15","VT_FLOAT","NUMERIC_BOX","-16","","","0.01","","mm","Cura 路径：Material > Break Preparation Retracted Position。 来源：Cura/resources/definitions/fdmprinter.def.json。 Cura 启用表达式：False。","false","","False","","cura","4","0",""
"material_break_preparation_speed","Break Preparation 回抽速度","材料","常规","16","VT_FLOAT","NUMERIC_BOX","2","","","0.01","","mm/s","Cura 路径：Material > Break Preparation Retraction Speed。 来源：Cura/resources/definitions/fdmprinter.def.json。 Cura 启用表达式：False。","false","","False","","cura","4","0",""
"material_break_preparation_temperature","Break Preparation 温度","材料","常规","17","VT_FLOAT","NUMERIC_BOX","50","","","0.01","","°C","Cura 路径：Material > Break Preparation Temperature。 来源：Cura/resources/definitions/fdmprinter.def.json。 Cura 默认值表达式：material_print_temperature。 Cura 启用表达式：False。","false","","False","material_print_temperature","cura","4","0",""
"material_break_retracted_position","Break Retracted Position","材料","常规","18","VT_FLOAT","NUMERIC_BOX","-50","","","0.01","","mm","Cura 路径：Material > Break Retracted Position。 来源：Cura/resources/definitions/fdmprinter.def.json。 Cura 启用表达式：False。","false","","False","","cura","4","0",""
"material_break_speed","Break 回抽速度","材料","常规","19","VT_FLOAT","NUMERIC_BOX","25","","","0.01","","mm/s","Cura 路径：Material > Break Retraction Speed。 来源：Cura/resources/definitions/fdmprinter.def.json。 Cura 启用表达式：False。","false","","False","","cura","4","0",""
"material_break_temperature","Break 温度","材料","常规","20","VT_FLOAT","NUMERIC_BOX","50","","","0.01","","°C","Cura 路径：Material > Break Temperature。 来源：Cura/resources/definitions/fdmprinter.def.json。 Cura 启用表达式：False。","false","","False","","cura","4","0",""
"material_flush_purge_speed","Flush Purge 速度","材料","常规","21","VT_FLOAT","NUMERIC_BOX","0.5","","","0.01","","","Cura 路径：Material > Flush Purge Speed。 来源：Cura/resources/definitions/fdmprinter.def.json。 Cura 启用表达式：False。","false","","False","","cura","4","0",""
"material_flush_purge_length","Flush Purge Length","材料","常规","22","VT_FLOAT","NUMERIC_BOX","60","","","0.01","","","Cura 路径：Material > Flush Purge Length。 来源：Cura/resources/definitions/fdmprinter.def.json。 Cura 启用表达式：False。","false","","False","","cura","4","0",""
"material_end_of_filament_purge_speed","End of Filament Purge 速度","材料","常规","23","VT_FLOAT","NUMERIC_BOX","0.5","","","0.01","","","Cura 路径：Material > End of Filament Purge Speed。 来源：Cura/resources/definitions/fdmprinter.def.json。 Cura 启用表达式：False。","false","","False","","cura","4","0",""
"material_end_of_filament_purge_length","End of Filament Purge Length","材料","常规","24","VT_FLOAT","NUMERIC_BOX","20","","","0.01","","","Cura 路径：Material > End of Filament Purge Length。 来源：Cura/resources/definitions/fdmprinter.def.json。 Cura 启用表达式：False。","false","","False","","cura","4","0",""
"material_maximum_park_duration","Maximum Park Duration","材料","常规","25","VT_FLOAT","NUMERIC_BOX","300","","","0.01","","","Cura 路径：Material > Maximum Park Duration。 来源：Cura/resources/definitions/fdmprinter.def.json。 Cura 启用表达式：False。","false","","False","","cura","4","0",""
"material_no_load_move_factor","No Load Move Factor","材料","常规","26","VT_FLOAT","NUMERIC_BOX","0.940860215","","","0.01","","","Cura 路径：Material > No Load Move Factor。 来源：Cura/resources/definitions/fdmprinter.def.json。 Cura 启用表达式：False。","false","","False","","cura","4","0",""
"material_flow_layer_0","首层 流量","材料","常规","27","VT_FLOAT","NUMERIC_BOX","100","","","0.01","","%","Cura 路径：Material > Initial Layer Flow。 来源：Cura/resources/definitions/fdmprinter.def.json。","false","","","","","4","0",""
"wall_x_material_flow_layer_0","首层 内壁 流量","材料","常规","28","VT_FLOAT","NUMERIC_BOX","100","","","0.01","","%","Cura 路径：Material > Initial Layer Inner Wall Flow。 来源：Cura/resources/definitions/fdmprinter.def.json。 Cura 默认值表达式：material_flow_layer_0。","false","","","material_flow_layer_0","cura","4","0",""
"wall_0_material_flow_layer_0","首层 外壁 流量","材料","常规","29","VT_FLOAT","NUMERIC_BOX","100","","","0.01","","%","Cura 路径：Material > Initial Layer Outer Wall Flow。 来源：Cura/resources/definitions/fdmprinter.def.json。 Cura 默认值表达式：material_flow_layer_0。","false","","","material_flow_layer_0","cura","4","0",""
"skin_material_flow_layer_0","首层 Bottom 流量","材料","常规","30","VT_FLOAT","NUMERIC_BOX","100","","","0.01","","%","Cura 路径：Material > Initial Layer Bottom Flow。 来源：Cura/resources/definitions/fdmprinter.def.json。 Cura 默认值表达式：material_flow_layer_0。 Cura 启用表达式：bottom_layers > 0。","false","","bottom_layers > 0","material_flow_layer_0","cura","4","0",""
"material_standby_temperature","待机温度","材料","常规","31","VT_FLOAT","NUMERIC_BOX","150","","","0.01","","°C","Cura 路径：Material > Standby Temperature。 来源：Cura/resources/definitions/fdmprinter.def.json。 Cura 启用表达式：extruders_enabled_count > 1 and machine_nozzle_temp_enabled。","false","","extruders_enabled_count > 1 and machine_nozzle_temp_enabled","","cura","4","0",""
"material_is_support_material","Is support material","材料","常规","32","VT_BOOL","CHECK_BOX","false","","","","","","Cura 路径：Material > Is support material。 来源：Cura/resources/definitions/fdmprinter.def.json。 Cura 启用表达式：False。","false","","False","","cura","4","0",""
"gradual_flow_enabled","Gradual 流量 enabled","材料","常规","33","VT_BOOL","CHECK_BOX","false","","","","","","Cura 路径：Material > Gradual flow enabled。 来源：Cura/resources/definitions/fdmprinter.def.json。","false","","","","","4","0",""
"max_flow_acceleration","Gradual 流量 max acceleration","材料","常规","34","VT_FLOAT","NUMERIC_BOX","1","","","0.01","","mm³/s²","Cura 路径：Material > Gradual flow max acceleration。 来源：Cura/resources/definitions/fdmprinter.def.json。 Cura 启用表达式：gradual_flow_enabled。","false","","gradual_flow_enabled","","cura","4","0",""
"layer_0_max_flow_acceleration","首层 max 流量 acceleration","材料","常规","35","VT_FLOAT","NUMERIC_BOX","1","","","0.01","","mm³/s²","Cura 路径：Material > Initial layer max flow acceleration。 来源：Cura/resources/definitions/fdmprinter.def.json。 Cura 默认值表达式：max_flow_acceleration。 Cura 启用表达式：gradual_flow_enabled。","false","","gradual_flow_enabled","max_flow_acceleration","cura","4","0",""
"gradual_flow_discretisation_step_size","Gradual 流量 discretisation step size","材料","常规","36","VT_FLOAT","NUMERIC_BOX","0.2","","","0.01","","s","Cura 路径：Material > Gradual flow discretisation step size。 来源：Cura/resources/definitions/fdmprinter.def.json。 Cura 启用表达式：gradual_flow_enabled。","false","","gradual_flow_enabled","","cura","4","0",""
"material_pressure_advance_factor","Pressure advance factor","材料","常规","37","VT_FLOAT","NUMERIC_BOX","0.05","","","0.01","","","Cura 路径：Material > Pressure advance factor。 来源：Cura/resources/definitions/fdmprinter.def.json。 Cura 启用表达式：False。","false","","False","","cura","4","0",""
"material_max_flowrate","材料 Maximum 流量 Rate","材料","常规","38","VT_FLOAT","NUMERIC_BOX","16","","","0.01","","mm³/s","Cura 路径：Material > Material Maximum Flow Rate。 来源：Cura/resources/definitions/fdmprinter.def.json。 Cura 默认值表达式：16。 Cura 启用表达式：False。","false","","False","16","cura","4","0",""
"material_shrinkage_percentage","Scaling Factor Shrinkage Compensation","材料","Scaling Factor Shrinkage Compensation","0","VT_FLOAT","NUMERIC_BOX","100.0","","","0.01","","%","Cura 路径：Material > Scaling Factor Shrinkage Compensation。 来源：Cura/resources/definitions/fdmprinter.def.json。 Cura 启用表达式：True。","false","","True","","cura","4","1",""
"material_shrinkage_percentage_xy","Horizontal Scaling Factor Shrinkage Compensation","材料","Scaling Factor Shrinkage Compensation","1","VT_FLOAT","NUMERIC_BOX","100.0","","","0.01","","%","Cura 路径：Material > Scaling Factor Shrinkage Compensation > Horizontal Scaling Factor Shrinkage Compensation。 来源：Cura/resources/definitions/fdmprinter.def.json。 Cura 默认值表达式：material_shrinkage_percentage。 Cura 启用表达式：True。","false","","True","material_shrinkage_percentage","cura","4","1",""
"material_shrinkage_percentage_z","Vertical Scaling Factor Shrinkage Compensation","材料","Scaling Factor Shrinkage Compensation","2","VT_FLOAT","NUMERIC_BOX","100.0","","","0.01","","%","Cura 路径：Material > Scaling Factor Shrinkage Compensation > Vertical Scaling Factor Shrinkage Compensation。 来源：Cura/resources/definitions/fdmprinter.def.json。 Cura 默认值表达式：material_shrinkage_percentage。 Cura 启用表达式：True。","false","","True","material_shrinkage_percentage","cura","4","1",""
"material_flow","流量","材料","流量","0","VT_FLOAT","NUMERIC_BOX","100","","","0.01","","%","Cura 路径：Material > Flow。 来源：Cura/resources/definitions/fdmprinter.def.json。 Cura 启用表达式：machine_gcode_flavor != ""UltiGCode""。","false","","machine_gcode_flavor != ""UltiGCode""","","cura","4","2",""
"wall_material_flow","壁 流量","材料","流量","1","VT_FLOAT","NUMERIC_BOX","100","","","0.01","","%","Cura 路径：Material > Flow > Wall Flow。 来源：Cura/resources/definitions/fdmprinter.def.json。 Cura 默认值表达式：material_flow。","false","","","material_flow","cura","4","2",""
"wall_0_material_flow","外壁 流量","材料","流量","2","VT_FLOAT","NUMERIC_BOX","100","","","0.01","","%","Cura 路径：Material > Flow > Wall Flow > Outer Wall Flow。 来源：Cura/resources/definitions/fdmprinter.def.json。 Cura 默认值表达式：wall_material_flow。","false","","","wall_material_flow","cura","4","2",""
"wall_x_material_flow","内壁(s) 流量","材料","流量","3","VT_FLOAT","NUMERIC_BOX","100","","","0.01","","%","Cura 路径：Material > Flow > Wall Flow > Inner Wall(s) Flow。 来源：Cura/resources/definitions/fdmprinter.def.json。 Cura 默认值表达式：wall_material_flow。","false","","","wall_material_flow","cura","4","2",""
"wall_0_material_flow_roofing","Top Surface 外壁 流量","材料","流量","4","VT_FLOAT","NUMERIC_BOX","100","","","0.01","","%","Cura 路径：Material > Flow > Wall Flow > Top Surface Outer Wall Flow。 来源：Cura/resources/definitions/fdmprinter.def.json。 Cura 默认值表达式：wall_0_material_flow。 Cura 启用表达式：roofing_layer_count > 0 and top_layers > 0。","false","","roofing_layer_count > 0 and top_layers > 0","wall_0_material_flow","cura","4","2",""
"wall_x_material_flow_roofing","Top Surface 内壁(s) 流量","材料","流量","5","VT_FLOAT","NUMERIC_BOX","100","","","0.01","","%","Cura 路径：Material > Flow > Wall Flow > Top Surface Inner Wall(s) Flow。 来源：Cura/resources/definitions/fdmprinter.def.json。 Cura 默认值表达式：wall_x_material_flow。 Cura 启用表达式：roofing_layer_count > 0 and top_layers > 0。","false","","roofing_layer_count > 0 and top_layers > 0","wall_x_material_flow","cura","4","2",""
"wall_0_material_flow_flooring","Bottom Surface 外壁 流量","材料","流量","6","VT_FLOAT","NUMERIC_BOX","100","","","0.01","","%","Cura 路径：Material > Flow > Wall Flow > Bottom Surface Outer Wall Flow。 来源：Cura/resources/definitions/fdmprinter.def.json。 Cura 默认值表达式：wall_0_material_flow。 Cura 启用表达式：flooring_layer_count > 0 and bottom_layers > 0。","false","","flooring_layer_count > 0 and bottom_layers > 0","wall_0_material_flow","cura","4","2",""
"wall_x_material_flow_flooring","Bottom Surface 内壁(s) 流量","材料","流量","7","VT_FLOAT","NUMERIC_BOX","100","","","0.01","","%","Cura 路径：Material > Flow > Wall Flow > Bottom Surface Inner Wall(s) Flow。 来源：Cura/resources/definitions/fdmprinter.def.json。 Cura 默认值表达式：wall_x_material_flow。 Cura 启用表达式：flooring_layer_count > 0 and bottom_layers > 0。","false","","flooring_layer_count > 0 and bottom_layers > 0","wall_x_material_flow","cura","4","2",""
"skin_material_flow","顶部/底部 流量","材料","流量","8","VT_FLOAT","NUMERIC_BOX","100","","","0.01","","%","Cura 路径：Material > Flow > Top/Bottom Flow。 来源：Cura/resources/definitions/fdmprinter.def.json。 Cura 默认值表达式：material_flow。 Cura 启用表达式：top_layers > 0 or bottom_layers > 0。","false","","top_layers > 0 or bottom_layers > 0","material_flow","cura","4","2",""
"roofing_material_flow","Top Surface Skin 流量","材料","流量","9","VT_FLOAT","NUMERIC_BOX","100","","","0.01","","%","Cura 路径：Material > Flow > Top Surface Skin Flow。 来源：Cura/resources/definitions/fdmprinter.def.json。 Cura 默认值表达式：skin_material_flow。 Cura 启用表达式：roofing_layer_count > 0 and top_layers > 0。","false","","roofing_layer_count > 0 and top_layers > 0","skin_material_flow","cura","4","2",""
"flooring_material_flow","Bottom Surface Skin 流量","材料","流量","10","VT_FLOAT","NUMERIC_BOX","100","","","0.01","","%","Cura 路径：Material > Flow > Bottom Surface Skin Flow。 来源：Cura/resources/definitions/fdmprinter.def.json。 Cura 默认值表达式：skin_material_flow。 Cura 启用表达式：flooring_layer_count > 0 and bottom_layers > 0。","false","","flooring_layer_count > 0 and bottom_layers > 0","skin_material_flow","cura","4","2",""
"infill_material_flow","填充 流量","材料","流量","11","VT_FLOAT","NUMERIC_BOX","100","","","0.01","","%","Cura 路径：Material > Flow > Infill Flow。 来源：Cura/resources/definitions/fdmprinter.def.json。 Cura 默认值表达式：material_flow。 Cura 启用表达式：infill_sparse_density > 0。","false","","infill_sparse_density > 0","material_flow","cura","4","2",""
"skirt_brim_material_flow","裙边/边缘 流量","材料","流量","12","VT_FLOAT","NUMERIC_BOX","100","","","0.01","","%","Cura 路径：Material > Flow > Skirt/Brim Flow。 来源：Cura/resources/definitions/fdmprinter.def.json。 Cura 默认值表达式：material_flow。 Cura 启用表达式：resolveOrValue('adhesion_type') == 'skirt' or resolveOrValue('adhesion_type') == 'brim' or resolveOrValue('draft_shield_enabled') or resolveOrValue('ooze_shield_enabled')。","false","","resolveOrValue('adhesion_type') == 'skirt' or resolveOrValue('adhesion_type') == 'brim' or resolveOrValue('draft_shield_enabled') or resolveOrValue('ooze_shield_enabled')","material_flow","cura","4","2",""
"support_material_flow","支撑 流量","材料","流量","13","VT_FLOAT","NUMERIC_BOX","100","","","0.01","","%","Cura 路径：Material > Flow > Support Flow。 来源：Cura/resources/definitions/fdmprinter.def.json。 Cura 默认值表达式：material_flow。 Cura 启用表达式：support_enable or support_meshes_present。","false","","support_enable or support_meshes_present","material_flow","cura","4","2",""
"support_interface_material_flow","支撑 接触面 流量","材料","流量","14","VT_FLOAT","NUMERIC_BOX","100","","","0.01","","%","Cura 路径：Material > Flow > Support Interface Flow。 来源：Cura/resources/definitions/fdmprinter.def.json。 Cura 默认值表达式：material_flow。 Cura 启用表达式：(support_enable or support_meshes_present) and support_interface_enable。","false","","(support_enable or support_meshes_present) and support_interface_enable","material_flow","cura","4","2",""
"support_roof_material_flow","支撑 顶面 流量","材料","流量","15","VT_FLOAT","NUMERIC_BOX","100","","","0.01","","%","Cura 路径：Material > Flow > Support Interface Flow > Support Roof Flow。 来源：Cura/resources/definitions/fdmprinter.def.json。 Cura 默认值表达式：extruderValue(support_roof_extruder_nr, 'support_interface_material_flow')。 Cura 启用表达式：(support_enable or support_meshes_present) and support_roof_enable。","false","","(support_enable or support_meshes_present) and support_roof_enable","extruderValue(support_roof_extruder_nr, 'support_interface_material_flow')","cura","4","2",""
"support_bottom_material_flow","支撑 底面 流量","材料","流量","16","VT_FLOAT","NUMERIC_BOX","100","","","0.01","","%","Cura 路径：Material > Flow > Support Interface Flow > Support Floor Flow。 来源：Cura/resources/definitions/fdmprinter.def.json。 Cura 默认值表达式：extruderValue(support_bottom_extruder_nr, 'support_interface_material_flow')。 Cura 启用表达式：(support_enable or support_meshes_present) and support_bottom_enable。","false","","(support_enable or support_meshes_present) and support_bottom_enable","extruderValue(support_bottom_extruder_nr, 'support_interface_material_flow')","cura","4","2",""
"prime_tower_flow","擦拭塔 流量","材料","流量","17","VT_FLOAT","NUMERIC_BOX","100","","","0.01","","%","Cura 路径：Material > Flow > Prime Tower Flow。 来源：Cura/resources/definitions/fdmprinter.def.json。 Cura 默认值表达式：material_flow。","false","","","material_flow","cura","4","2",""
"speed_print","打印速度","速度","打印速度","0","VT_FLOAT","NUMERIC_BOX","60","","","0.01","","mm/s","Cura 路径：Speed > Print Speed。 来源：Cura/resources/definitions/fdmprinter.def.json。","false","","","","","5","0",""
"speed_infill","填充 速度","速度","打印速度","1","VT_FLOAT","NUMERIC_BOX","60","","","0.01","","mm/s","Cura 路径：Speed > Print Speed > Infill Speed。 来源：Cura/resources/definitions/fdmprinter.def.json。 Cura 默认值表达式：speed_print。 Cura 启用表达式：infill_sparse_density > 0。","false","","infill_sparse_density > 0","speed_print","cura","5","0",""
"speed_wall","壁 速度","速度","打印速度","2","VT_FLOAT","NUMERIC_BOX","30","","","0.01","","mm/s","Cura 路径：Speed > Print Speed > Wall Speed。 来源：Cura/resources/definitions/fdmprinter.def.json。 Cura 默认值表达式：speed_print / 2。","false","","","speed_print / 2","cura","5","0",""
"speed_wall_0","外壁 速度","速度","打印速度","3","VT_FLOAT","NUMERIC_BOX","30","","","0.01","","mm/s","Cura 路径：Speed > Print Speed > Wall Speed > Outer Wall Speed。 来源：Cura/resources/definitions/fdmprinter.def.json。 Cura 默认值表达式：speed_wall。","false","","","speed_wall","cura","5","0",""
"speed_wall_x","内壁 速度","速度","打印速度","4","VT_FLOAT","NUMERIC_BOX","60","","","0.01","","mm/s","Cura 路径：Speed > Print Speed > Wall Speed > Inner Wall Speed。 来源：Cura/resources/definitions/fdmprinter.def.json。 Cura 默认值表达式：speed_wall * 2。","false","","","speed_wall * 2","cura","5","0",""
"speed_wall_0_roofing","Top Surface 外壁 速度","速度","打印速度","5","VT_FLOAT","NUMERIC_BOX","30","","","0.01","","mm/s","Cura 路径：Speed > Print Speed > Wall Speed > Top Surface Outer Wall Speed。 来源：Cura/resources/definitions/fdmprinter.def.json。 Cura 默认值表达式：speed_wall_0。 Cura 启用表达式：roofing_layer_count > 0 and top_layers > 0。","false","","roofing_layer_count > 0 and top_layers > 0","speed_wall_0","cura","5","0",""
"speed_wall_x_roofing","Top Surface 内壁 速度","速度","打印速度","6","VT_FLOAT","NUMERIC_BOX","60","","","0.01","","mm/s","Cura 路径：Speed > Print Speed > Wall Speed > Top Surface Inner Wall Speed。 来源：Cura/resources/definitions/fdmprinter.def.json。 Cura 默认值表达式：speed_wall_x。 Cura 启用表达式：roofing_layer_count > 0 and top_layers > 0。","false","","roofing_layer_count > 0 and top_layers > 0","speed_wall_x","cura","5","0",""
"speed_wall_0_flooring","Bottom Surface 外壁 速度","速度","打印速度","7","VT_FLOAT","NUMERIC_BOX","30","","","0.01","","mm/s","Cura 路径：Speed > Print Speed > Wall Speed > Bottom Surface Outer Wall Speed。 来源：Cura/resources/definitions/fdmprinter.def.json。 Cura 默认值表达式：speed_wall_0。 Cura 启用表达式：flooring_layer_count > 0 and bottom_layers > 0。","false","","flooring_layer_count > 0 and bottom_layers > 0","speed_wall_0","cura","5","0",""
"speed_wall_x_flooring","Bottom Surface 内壁 速度","速度","打印速度","8","VT_FLOAT","NUMERIC_BOX","60","","","0.01","","mm/s","Cura 路径：Speed > Print Speed > Wall Speed > Bottom Surface Inner Wall Speed。 来源：Cura/resources/definitions/fdmprinter.def.json。 Cura 默认值表达式：speed_wall_x。 Cura 启用表达式：flooring_layer_count > 0 and bottom_layers > 0。","false","","flooring_layer_count > 0 and bottom_layers > 0","speed_wall_x","cura","5","0",""
"speed_roofing","Top Surface Skin 速度","速度","打印速度","9","VT_FLOAT","NUMERIC_BOX","25","","","0.01","","mm/s","Cura 路径：Speed > Print Speed > Top Surface Skin Speed。 来源：Cura/resources/definitions/fdmprinter.def.json。 Cura 默认值表达式：speed_topbottom。 Cura 启用表达式：roofing_layer_count > 0 and top_layers > 0。","false","","roofing_layer_count > 0 and top_layers > 0","speed_topbottom","cura","5","0",""
"speed_flooring","Bottom Surface Skin 速度","速度","打印速度","10","VT_FLOAT","NUMERIC_BOX","25","","","0.01","","mm/s","Cura 路径：Speed > Print Speed > Bottom Surface Skin Speed。 来源：Cura/resources/definitions/fdmprinter.def.json。 Cura 默认值表达式：speed_topbottom。 Cura 启用表达式：flooring_layer_count > 0 and bottom_layers > 0。","false","","flooring_layer_count > 0 and bottom_layers > 0","speed_topbottom","cura","5","0",""
"speed_topbottom","顶部/底部 速度","速度","打印速度","11","VT_FLOAT","NUMERIC_BOX","30","","","0.01","","mm/s","Cura 路径：Speed > Print Speed > Top/Bottom Speed。 来源：Cura/resources/definitions/fdmprinter.def.json。 Cura 默认值表达式：speed_print / 2。 Cura 启用表达式：top_layers > 0 or bottom_layers > 0。","false","","top_layers > 0 or bottom_layers > 0","speed_print / 2","cura","5","0",""
"speed_support","支撑 速度","速度","打印速度","12","VT_FLOAT","NUMERIC_BOX","60","","","0.01","","mm/s","Cura 路径：Speed > Print Speed > Support Speed。 来源：Cura/resources/definitions/fdmprinter.def.json。 Cura 默认值表达式：speed_print。 Cura 启用表达式：support_enable or support_meshes_present。","false","","support_enable or support_meshes_present","speed_print","cura","5","0",""
"speed_support_infill","支撑 填充 速度","速度","打印速度","13","VT_FLOAT","NUMERIC_BOX","60","","","0.01","","mm/s","Cura 路径：Speed > Print Speed > Support Speed > Support Infill Speed。 来源：Cura/resources/definitions/fdmprinter.def.json。 Cura 默认值表达式：speed_support。 Cura 启用表达式：support_enable or support_meshes_present。","false","","support_enable or support_meshes_present","speed_support","cura","5","0",""
"speed_support_interface","支撑 接触面 速度","速度","打印速度","14","VT_FLOAT","NUMERIC_BOX","40","","","0.01","","mm/s","Cura 路径：Speed > Print Speed > Support Speed > Support Interface Speed。 来源：Cura/resources/definitions/fdmprinter.def.json。 Cura 默认值表达式：speed_support / 1。5。 Cura 启用表达式：support_interface_enable and (support_enable or support_meshes_present)。","false","","support_interface_enable and (support_enable or support_meshes_present)","speed_support / 1.5","cura","5","0",""
"speed_support_roof","支撑 顶面 速度","速度","打印速度","15","VT_FLOAT","NUMERIC_BOX","40","","","0.01","","mm/s","Cura 路径：Speed > Print Speed > Support Speed > Support Interface Speed > Support Roof Speed。 来源：Cura/resources/definitions/fdmprinter.def.json。 Cura 默认值表达式：extruderValue(support_roof_extruder_nr, 'speed_support_interface')。 Cura 启用表达式：support_roof_enable and (support_enable or support_meshes_present)。","false","","support_roof_enable and (support_enable or support_meshes_present)","extruderValue(support_roof_extruder_nr, 'speed_support_interface')","cura","5","0",""
"speed_support_bottom","支撑 底面 速度","速度","打印速度","16","VT_FLOAT","NUMERIC_BOX","40","","","0.01","","mm/s","Cura 路径：Speed > Print Speed > Support Speed > Support Interface Speed > Support Floor Speed。 来源：Cura/resources/definitions/fdmprinter.def.json。 Cura 默认值表达式：extruderValue(support_bottom_extruder_nr, 'speed_support_interface')。 Cura 启用表达式：support_bottom_enable and (support_enable or support_meshes_present)。","false","","support_bottom_enable and (support_enable or support_meshes_present)","extruderValue(support_bottom_extruder_nr, 'speed_support_interface')","cura","5","0",""
"speed_prime_tower","擦拭塔 速度","速度","打印速度","17","VT_FLOAT","NUMERIC_BOX","60","","","0.01","","mm/s","Cura 路径：Speed > Print Speed > Prime Tower Speed。 来源：Cura/resources/definitions/fdmprinter.def.json。 Cura 默认值表达式：speed_print。 Cura 启用表达式：prime_tower_enable。","false","","prime_tower_enable","speed_print","cura","5","0",""
"speed_travel","移动速度","速度","常规","0","VT_FLOAT","NUMERIC_BOX","120","","","0.01","","mm/s","Cura 路径：Speed > Travel Speed。 来源：Cura/resources/definitions/fdmprinter.def.json。 Cura 默认值表达式：speed_print if magic_spiralize else 120。","false","","","speed_print if magic_spiralize else 120","cura","5","1",""
"skirt_brim_speed","裙边/边缘 速度","速度","常规","1","VT_FLOAT","NUMERIC_BOX","30","","","0.01","","mm/s","Cura 路径：Speed > Skirt/Brim Speed。 来源：Cura/resources/definitions/fdmprinter.def.json。 Cura 默认值表达式：speed_layer_0。 Cura 启用表达式：resolveOrValue('adhesion_type') == 'skirt' or resolveOrValue('adhesion_type') == 'brim' or resolveOrValue('draft_shield_enabled') or resolveOrValue('ooze_shield_enabled')。","false","","resolveOrValue('adhesion_type') == 'skirt' or resolveOrValue('adhesion_type') == 'brim' or resolveOrValue('draft_shield_enabled') or resolveOrValue('ooze_shield_enabled')","speed_layer_0","cura","5","1",""
"speed_z_hop","Z Hop 速度","速度","常规","2","VT_FLOAT","NUMERIC_BOX","10","","","0.01","","mm/s","Cura 路径：Speed > Z Hop Speed。 来源：Cura/resources/definitions/fdmprinter.def.json。","false","","","","","5","1",""
"speed_slowdown_layers","Number of Slower 层s","速度","常规","3","VT_INT","NUMERIC_BOX","2","","","1","","","Cura 路径：Speed > Number of Slower Layers。 来源：Cura/resources/definitions/fdmprinter.def.json。","false","","","","","5","1",""
"speed_equalize_flow_width_factor","流量 Equalization Ratio","速度","常规","4","VT_FLOAT","NUMERIC_BOX","100.0","","","0.01","","%","Cura 路径：Speed > Flow Equalization Ratio。 来源：Cura/resources/definitions/fdmprinter.def.json。","false","","","","","5","1",""
"acceleration_enabled","Enable Acceleration Control","速度","常规","5","VT_BOOL","CHECK_BOX","false","","","","","","Cura 路径：Speed > Enable Acceleration Control。 来源：Cura/resources/definitions/fdmprinter.def.json。","false","","","","","5","1",""
"acceleration_travel_enabled","Enable 移动 Acceleration","速度","常规","6","VT_BOOL","CHECK_BOX","true","","","","","","Cura 路径：Speed > Enable Travel Acceleration。 来源：Cura/resources/definitions/fdmprinter.def.json。 Cura 启用表达式：acceleration_enabled。","false","","acceleration_enabled","","cura","5","1",""
"acceleration_travel","移动 Acceleration","速度","常规","7","VT_FLOAT","NUMERIC_BOX","5000","","","0.01","","mm/s²","Cura 路径：Speed > Travel Acceleration。 来源：Cura/resources/definitions/fdmprinter.def.json。 Cura 默认值表达式：acceleration_print if magic_spiralize else 5000。 Cura 启用表达式：resolveOrValue('acceleration_enabled') and resolveOrValue('acceleration_travel_enabled')。","false","","resolveOrValue('acceleration_enabled') and resolveOrValue('acceleration_travel_enabled')","acceleration_print if magic_spiralize else 5000","cura","5","1",""
"acceleration_skirt_brim","裙边/边缘 Acceleration","速度","常规","8","VT_FLOAT","NUMERIC_BOX","3000","","","0.01","","mm/s²","Cura 路径：Speed > Skirt/Brim Acceleration。 来源：Cura/resources/definitions/fdmprinter.def.json。 Cura 默认值表达式：acceleration_layer_0。 Cura 启用表达式：resolveOrValue('acceleration_enabled') and (resolveOrValue('adhesion_type') == 'skirt' or resolveOrValue('adhesion_type') == 'brim' or resolveOrValue('draft_shield_enabled') or resolveOrValue('ooze_shield_enabled'))。","false","","resolveOrValue('acceleration_enabled') and (resolveOrValue('adhesion_type') == 'skirt' or resolveOrValue('adhesion_type') == 'brim' or resolveOrValue('draft_shield_enabled') or resolveOrValue('ooze_shield_enabled'))","acceleration_layer_0","cura","5","1",""
"jerk_enabled","Enable Jerk Control","速度","常规","9","VT_BOOL","CHECK_BOX","false","","","","","","Cura 路径：Speed > Enable Jerk Control。 来源：Cura/resources/definitions/fdmprinter.def.json。","false","","","","","5","1",""
"jerk_travel_enabled","Enable 移动 Jerk","速度","常规","10","VT_BOOL","CHECK_BOX","true","","","","","","Cura 路径：Speed > Enable Travel Jerk。 来源：Cura/resources/definitions/fdmprinter.def.json。 Cura 启用表达式：jerk_enabled。","false","","jerk_enabled","","cura","5","1",""
"jerk_travel","移动 Jerk","速度","常规","11","VT_FLOAT","NUMERIC_BOX","30","","","0.01","","mm/s","Cura 路径：Speed > Travel Jerk。 来源：Cura/resources/definitions/fdmprinter.def.json。 Cura 默认值表达式：jerk_print if magic_spiralize else 30。 Cura 启用表达式：resolveOrValue('jerk_enabled') and resolveOrValue('jerk_travel_enabled')。","false","","resolveOrValue('jerk_enabled') and resolveOrValue('jerk_travel_enabled')","jerk_print if magic_spiralize else 30","cura","5","1",""
"jerk_skirt_brim","裙边/边缘 Jerk","速度","常规","12","VT_FLOAT","NUMERIC_BOX","20","","","0.01","","mm/s","Cura 路径：Speed > Skirt/Brim Jerk。 来源：Cura/resources/definitions/fdmprinter.def.json。 Cura 默认值表达式：jerk_layer_0。 Cura 启用表达式：resolveOrValue('jerk_enabled') and (resolveOrValue('adhesion_type') == 'skirt' or resolveOrValue('adhesion_type') == 'brim' or resolveOrValue('draft_shield_enabled') or resolveOrValue('ooze_shield_enabled'))。","false","","resolveOrValue('jerk_enabled') and (resolveOrValue('adhesion_type') == 'skirt' or resolveOrValue('adhesion_type') == 'brim' or resolveOrValue('draft_shield_enabled') or resolveOrValue('ooze_shield_enabled'))","jerk_layer_0","cura","5","1",""
"speed_layer_0","首层速度","速度","首层速度","0","VT_FLOAT","NUMERIC_BOX","30","","","0.01","","mm/s","Cura 路径：Speed > Initial Layer Speed。 来源：Cura/resources/definitions/fdmprinter.def.json。 Cura 默认值表达式：speed_print * 30 / 60。 Cura 启用表达式：speed_slowdown_layers > 0。","false","","speed_slowdown_layers > 0","speed_print * 30 / 60","cura","5","2",""
"speed_print_layer_0","首层 打印速度","速度","首层速度","1","VT_FLOAT","NUMERIC_BOX","30","","","0.01","","mm/s","Cura 路径：Speed > Initial Layer Speed > Initial Layer Print Speed。 来源：Cura/resources/definitions/fdmprinter.def.json。 Cura 默认值表达式：speed_layer_0。 Cura 启用表达式：speed_slowdown_layers > 0。","false","","speed_slowdown_layers > 0","speed_layer_0","cura","5","2",""
"speed_travel_layer_0","首层 移动速度","速度","首层速度","2","VT_FLOAT","NUMERIC_BOX","60","","","0.01","","mm/s","Cura 路径：Speed > Initial Layer Speed > Initial Layer Travel Speed。 来源：Cura/resources/definitions/fdmprinter.def.json。 Cura 默认值表达式：speed_layer_0 * speed_travel / speed_print。 Cura 启用表达式：speed_slowdown_layers > 0。","false","","speed_slowdown_layers > 0","speed_layer_0 * speed_travel / speed_print","cura","5","2",""
"acceleration_print","Print Acceleration","速度","Print Acceleration","0","VT_FLOAT","NUMERIC_BOX","3000","","","0.01","","mm/s²","Cura 路径：Speed > Print Acceleration。 来源：Cura/resources/definitions/fdmprinter.def.json。 Cura 启用表达式：resolveOrValue('acceleration_enabled')。","false","","resolveOrValue('acceleration_enabled')","","cura","5","3",""
"acceleration_infill","填充 Acceleration","速度","Print Acceleration","1","VT_FLOAT","NUMERIC_BOX","3000","","","0.01","","mm/s²","Cura 路径：Speed > Print Acceleration > Infill Acceleration。 来源：Cura/resources/definitions/fdmprinter.def.json。 Cura 默认值表达式：acceleration_print。 Cura 启用表达式：resolveOrValue('acceleration_enabled') and infill_sparse_density > 0。","false","","resolveOrValue('acceleration_enabled') and infill_sparse_density > 0","acceleration_print","cura","5","3",""
"acceleration_wall","壁 Acceleration","速度","Print Acceleration","2","VT_FLOAT","NUMERIC_BOX","3000","","","0.01","","mm/s²","Cura 路径：Speed > Print Acceleration > Wall Acceleration。 来源：Cura/resources/definitions/fdmprinter.def.json。 Cura 默认值表达式：acceleration_print。 Cura 启用表达式：resolveOrValue('acceleration_enabled')。","false","","resolveOrValue('acceleration_enabled')","acceleration_print","cura","5","3",""
"acceleration_wall_0","外壁 Acceleration","速度","Print Acceleration","3","VT_FLOAT","NUMERIC_BOX","3000","","","0.01","","mm/s²","Cura 路径：Speed > Print Acceleration > Wall Acceleration > Outer Wall Acceleration。 来源：Cura/resources/definitions/fdmprinter.def.json。 Cura 默认值表达式：acceleration_wall。 Cura 启用表达式：resolveOrValue('acceleration_enabled')。","false","","resolveOrValue('acceleration_enabled')","acceleration_wall","cura","5","3",""
"acceleration_wall_x","内壁 Acceleration","速度","Print Acceleration","4","VT_FLOAT","NUMERIC_BOX","3000","","","0.01","","mm/s²","Cura 路径：Speed > Print Acceleration > Wall Acceleration > Inner Wall Acceleration。 来源：Cura/resources/definitions/fdmprinter.def.json。 Cura 默认值表达式：acceleration_wall。 Cura 启用表达式：resolveOrValue('acceleration_enabled')。","false","","resolveOrValue('acceleration_enabled')","acceleration_wall","cura","5","3",""
"acceleration_wall_0_roofing","Top Surface 外壁 Acceleration","速度","Print Acceleration","5","VT_FLOAT","NUMERIC_BOX","3000","","","0.01","","mm/s²","Cura 路径：Speed > Print Acceleration > Wall Acceleration > Top Surface Outer Wall Acceleration。 来源：Cura/resources/definitions/fdmprinter.def.json。 Cura 默认值表达式：acceleration_wall_0。 Cura 启用表达式：resolveOrValue('acceleration_enabled') and roofing_layer_count > 0 and top_layers > 0。","false","","resolveOrValue('acceleration_enabled') and roofing_layer_count > 0 and top_layers > 0","acceleration_wall_0","cura","5","3",""
"acceleration_wall_x_roofing","Top Surface 内壁 Acceleration","速度","Print Acceleration","6","VT_FLOAT","NUMERIC_BOX","3000","","","0.01","","mm/s²","Cura 路径：Speed > Print Acceleration > Wall Acceleration > Top Surface Inner Wall Acceleration。 来源：Cura/resources/definitions/fdmprinter.def.json。 Cura 默认值表达式：acceleration_wall_x。 Cura 启用表达式：resolveOrValue('acceleration_enabled') and roofing_layer_count > 0 and top_layers > 0。","false","","resolveOrValue('acceleration_enabled') and roofing_layer_count > 0 and top_layers > 0","acceleration_wall_x","cura","5","3",""
"acceleration_wall_0_flooring","Bottom Surface 外壁 Acceleration","速度","Print Acceleration","7","VT_FLOAT","NUMERIC_BOX","3000","","","0.01","","mm/s²","Cura 路径：Speed > Print Acceleration > Wall Acceleration > Bottom Surface Outer Wall Acceleration。 来源：Cura/resources/definitions/fdmprinter.def.json。 Cura 默认值表达式：acceleration_wall_0。 Cura 启用表达式：resolveOrValue('acceleration_enabled') and flooring_layer_count > 0 and bottom_layers > 0。","false","","resolveOrValue('acceleration_enabled') and flooring_layer_count > 0 and bottom_layers > 0","acceleration_wall_0","cura","5","3",""
"acceleration_wall_x_flooring","Bottom Surface 内壁 Acceleration","速度","Print Acceleration","8","VT_FLOAT","NUMERIC_BOX","3000","","","0.01","","mm/s²","Cura 路径：Speed > Print Acceleration > Wall Acceleration > Bottom Surface Inner Wall Acceleration。 来源：Cura/resources/definitions/fdmprinter.def.json。 Cura 默认值表达式：acceleration_wall_x。 Cura 启用表达式：resolveOrValue('acceleration_enabled') and flooring_layer_count > 0 and bottom_layers > 0。","false","","resolveOrValue('acceleration_enabled') and flooring_layer_count > 0 and bottom_layers > 0","acceleration_wall_x","cura","5","3",""
"acceleration_roofing","Top Surface Skin Acceleration","速度","Print Acceleration","9","VT_FLOAT","NUMERIC_BOX","3000","","","0.01","","mm/s²","Cura 路径：Speed > Print Acceleration > Top Surface Skin Acceleration。 来源：Cura/resources/definitions/fdmprinter.def.json。 Cura 默认值表达式：acceleration_topbottom。 Cura 启用表达式：resolveOrValue('acceleration_enabled') and roofing_layer_count > 0 and top_layers > 0。","false","","resolveOrValue('acceleration_enabled') and roofing_layer_count > 0 and top_layers > 0","acceleration_topbottom","cura","5","3",""
"acceleration_flooring","Bottom Surface Skin Acceleration","速度","Print Acceleration","10","VT_FLOAT","NUMERIC_BOX","3000","","","0.01","","mm/s²","Cura 路径：Speed > Print Acceleration > Bottom Surface Skin Acceleration。 来源：Cura/resources/definitions/fdmprinter.def.json。 Cura 默认值表达式：acceleration_topbottom。 Cura 启用表达式：resolveOrValue('acceleration_enabled') and flooring_layer_count > 0 and bottom_layers > 0。","false","","resolveOrValue('acceleration_enabled') and flooring_layer_count > 0 and bottom_layers > 0","acceleration_topbottom","cura","5","3",""
"acceleration_topbottom","顶部/底部 Acceleration","速度","Print Acceleration","11","VT_FLOAT","NUMERIC_BOX","3000","","","0.01","","mm/s²","Cura 路径：Speed > Print Acceleration > Top/Bottom Acceleration。 来源：Cura/resources/definitions/fdmprinter.def.json。 Cura 默认值表达式：acceleration_print。 Cura 启用表达式：resolveOrValue('acceleration_enabled')。","false","","resolveOrValue('acceleration_enabled')","acceleration_print","cura","5","3",""
"acceleration_support","支撑 Acceleration","速度","Print Acceleration","12","VT_FLOAT","NUMERIC_BOX","3000","","","0.01","","mm/s²","Cura 路径：Speed > Print Acceleration > Support Acceleration。 来源：Cura/resources/definitions/fdmprinter.def.json。 Cura 默认值表达式：acceleration_print。 Cura 启用表达式：resolveOrValue('acceleration_enabled') and (support_enable or support_meshes_present)。","false","","resolveOrValue('acceleration_enabled') and (support_enable or support_meshes_present)","acceleration_print","cura","5","3",""
"acceleration_support_infill","支撑 填充 Acceleration","速度","Print Acceleration","13","VT_FLOAT","NUMERIC_BOX","3000","","","0.01","","mm/s²","Cura 路径：Speed > Print Acceleration > Support Acceleration > Support Infill Acceleration。 来源：Cura/resources/definitions/fdmprinter.def.json。 Cura 默认值表达式：acceleration_support。 Cura 启用表达式：resolveOrValue('acceleration_enabled') and (support_enable or support_meshes_present)。","false","","resolveOrValue('acceleration_enabled') and (support_enable or support_meshes_present)","acceleration_support","cura","5","3",""
"acceleration_support_interface","支撑 接触面 Acceleration","速度","Print Acceleration","14","VT_FLOAT","NUMERIC_BOX","3000","","","0.01","","mm/s²","Cura 路径：Speed > Print Acceleration > Support Acceleration > Support Interface Acceleration。 来源：Cura/resources/definitions/fdmprinter.def.json。 Cura 默认值表达式：acceleration_support。 Cura 启用表达式：resolveOrValue('acceleration_enabled') and support_interface_enable and (support_enable or support_meshes_present)。","false","","resolveOrValue('acceleration_enabled') and support_interface_enable and (support_enable or support_meshes_present)","acceleration_support","cura","5","3",""
"acceleration_support_roof","支撑 顶面 Acceleration","速度","Print Acceleration","15","VT_FLOAT","NUMERIC_BOX","3000","","","0.01","","mm/s²","Cura 路径：Speed > Print Acceleration > Support Acceleration > Support Interface Acceleration > Support Roof Acceleration。 来源：Cura/resources/definitions/fdmprinter.def.json。 Cura 默认值表达式：extruderValue(support_roof_extruder_nr, 'acceleration_support_interface')。 Cura 启用表达式：acceleration_enabled and support_roof_enable and (support_enable or support_meshes_present)。","false","","acceleration_enabled and support_roof_enable and (support_enable or support_meshes_present)","extruderValue(support_roof_extruder_nr, 'acceleration_support_interface')","cura","5","3",""
"acceleration_support_bottom","支撑 底面 Acceleration","速度","Print Acceleration","16","VT_FLOAT","NUMERIC_BOX","3000","","","0.01","","mm/s²","Cura 路径：Speed > Print Acceleration > Support Acceleration > Support Interface Acceleration > Support Floor Acceleration。 来源：Cura/resources/definitions/fdmprinter.def.json。 Cura 默认值表达式：extruderValue(support_bottom_extruder_nr, 'acceleration_support_interface')。 Cura 启用表达式：acceleration_enabled and support_bottom_enable and (support_enable or support_meshes_present)。","false","","acceleration_enabled and support_bottom_enable and (support_enable or support_meshes_present)","extruderValue(support_bottom_extruder_nr, 'acceleration_support_interface')","cura","5","3",""
"acceleration_prime_tower","擦拭塔 Acceleration","速度","Print Acceleration","17","VT_FLOAT","NUMERIC_BOX","3000","","","0.01","","mm/s²","Cura 路径：Speed > Print Acceleration > Prime Tower Acceleration。 来源：Cura/resources/definitions/fdmprinter.def.json。 Cura 默认值表达式：acceleration_print。 Cura 启用表达式：prime_tower_enable and resolveOrValue('acceleration_enabled')。","false","","prime_tower_enable and resolveOrValue('acceleration_enabled')","acceleration_print","cura","5","3",""
"acceleration_layer_0","首层 Acceleration","速度","首层 Acceleration","0","VT_FLOAT","NUMERIC_BOX","3000","","","0.01","","mm/s²","Cura 路径：Speed > Initial Layer Acceleration。 来源：Cura/resources/definitions/fdmprinter.def.json。 Cura 默认值表达式：acceleration_print。 Cura 启用表达式：resolveOrValue('acceleration_enabled')。","false","","resolveOrValue('acceleration_enabled')","acceleration_print","cura","5","4",""
"acceleration_print_layer_0","首层 Print Acceleration","速度","首层 Acceleration","1","VT_FLOAT","NUMERIC_BOX","3000","","","0.01","","mm/s²","Cura 路径：Speed > Initial Layer Acceleration > Initial Layer Print Acceleration。 来源：Cura/resources/definitions/fdmprinter.def.json。 Cura 默认值表达式：acceleration_layer_0。 Cura 启用表达式：resolveOrValue('acceleration_enabled')。","false","","resolveOrValue('acceleration_enabled')","acceleration_layer_0","cura","5","4",""
"acceleration_travel_layer_0","首层 移动 Acceleration","速度","首层 Acceleration","2","VT_FLOAT","NUMERIC_BOX","3000","","","0.01","","mm/s²","Cura 路径：Speed > Initial Layer Acceleration > Initial Layer Travel Acceleration。 来源：Cura/resources/definitions/fdmprinter.def.json。 Cura 默认值表达式：acceleration_layer_0 * acceleration_travel / acceleration_print。 Cura 启用表达式：resolveOrValue('acceleration_enabled') and resolveOrValue('acceleration_travel_enabled')。","false","","resolveOrValue('acceleration_enabled') and resolveOrValue('acceleration_travel_enabled')","acceleration_layer_0 * acceleration_travel / acceleration_print","cura","5","4",""
"jerk_print","Print Jerk","速度","Print Jerk","0","VT_FLOAT","NUMERIC_BOX","20","","","0.01","","mm/s","Cura 路径：Speed > Print Jerk。 来源：Cura/resources/definitions/fdmprinter.def.json。 Cura 启用表达式：resolveOrValue('jerk_enabled')。","false","","resolveOrValue('jerk_enabled')","","cura","5","5",""
"jerk_infill","填充 Jerk","速度","Print Jerk","1","VT_FLOAT","NUMERIC_BOX","20","","","0.01","","mm/s","Cura 路径：Speed > Print Jerk > Infill Jerk。 来源：Cura/resources/definitions/fdmprinter.def.json。 Cura 默认值表达式：jerk_print。 Cura 启用表达式：resolveOrValue('jerk_enabled') and infill_sparse_density > 0。","false","","resolveOrValue('jerk_enabled') and infill_sparse_density > 0","jerk_print","cura","5","5",""
"jerk_wall","壁 Jerk","速度","Print Jerk","2","VT_FLOAT","NUMERIC_BOX","20","","","0.01","","mm/s","Cura 路径：Speed > Print Jerk > Wall Jerk。 来源：Cura/resources/definitions/fdmprinter.def.json。 Cura 默认值表达式：jerk_print。 Cura 启用表达式：resolveOrValue('jerk_enabled')。","false","","resolveOrValue('jerk_enabled')","jerk_print","cura","5","5",""
"jerk_wall_0","外壁 Jerk","速度","Print Jerk","3","VT_FLOAT","NUMERIC_BOX","20","","","0.01","","mm/s","Cura 路径：Speed > Print Jerk > Wall Jerk > Outer Wall Jerk。 来源：Cura/resources/definitions/fdmprinter.def.json。 Cura 默认值表达式：jerk_wall。 Cura 启用表达式：resolveOrValue('jerk_enabled')。","false","","resolveOrValue('jerk_enabled')","jerk_wall","cura","5","5",""
"jerk_wall_x","内壁 Jerk","速度","Print Jerk","4","VT_FLOAT","NUMERIC_BOX","20","","","0.01","","mm/s","Cura 路径：Speed > Print Jerk > Wall Jerk > Inner Wall Jerk。 来源：Cura/resources/definitions/fdmprinter.def.json。 Cura 默认值表达式：jerk_wall。 Cura 启用表达式：resolveOrValue('jerk_enabled')。","false","","resolveOrValue('jerk_enabled')","jerk_wall","cura","5","5",""
"jerk_wall_0_roofing","Top Surface 外壁 Jerk","速度","Print Jerk","5","VT_FLOAT","NUMERIC_BOX","20","","","0.01","","mm/s","Cura 路径：Speed > Print Jerk > Wall Jerk > Top Surface Outer Wall Jerk。 来源：Cura/resources/definitions/fdmprinter.def.json。 Cura 默认值表达式：jerk_wall_0。 Cura 启用表达式：resolveOrValue('jerk_enabled') and roofing_layer_count > 0 and top_layers > 0。","false","","resolveOrValue('jerk_enabled') and roofing_layer_count > 0 and top_layers > 0","jerk_wall_0","cura","5","5",""
"jerk_wall_x_roofing","Top Surface 内壁 Jerk","速度","Print Jerk","6","VT_FLOAT","NUMERIC_BOX","20","","","0.01","","mm/s","Cura 路径：Speed > Print Jerk > Wall Jerk > Top Surface Inner Wall Jerk。 来源：Cura/resources/definitions/fdmprinter.def.json。 Cura 默认值表达式：jerk_wall_x。 Cura 启用表达式：resolveOrValue('jerk_enabled') and roofing_layer_count > 0 and top_layers > 0。","false","","resolveOrValue('jerk_enabled') and roofing_layer_count > 0 and top_layers > 0","jerk_wall_x","cura","5","5",""
"jerk_wall_0_flooring","Bottom Surface 外壁 Jerk","速度","Print Jerk","7","VT_FLOAT","NUMERIC_BOX","20","","","0.01","","mm/s","Cura 路径：Speed > Print Jerk > Wall Jerk > Bottom Surface Outer Wall Jerk。 来源：Cura/resources/definitions/fdmprinter.def.json。 Cura 默认值表达式：jerk_wall_0。 Cura 启用表达式：resolveOrValue('jerk_enabled') and flooring_layer_count > 0 and bottom_layers > 0。","false","","resolveOrValue('jerk_enabled') and flooring_layer_count > 0 and bottom_layers > 0","jerk_wall_0","cura","5","5",""
"jerk_wall_x_flooring","Bottom Surface 内壁 Jerk","速度","Print Jerk","8","VT_FLOAT","NUMERIC_BOX","20","","","0.01","","mm/s","Cura 路径：Speed > Print Jerk > Wall Jerk > Bottom Surface Inner Wall Jerk。 来源：Cura/resources/definitions/fdmprinter.def.json。 Cura 默认值表达式：jerk_wall_x。 Cura 启用表达式：resolveOrValue('jerk_enabled') and flooring_layer_count > 0 and bottom_layers > 0。","false","","resolveOrValue('jerk_enabled') and flooring_layer_count > 0 and bottom_layers > 0","jerk_wall_x","cura","5","5",""
"jerk_roofing","Top Surface Skin Jerk","速度","Print Jerk","9","VT_FLOAT","NUMERIC_BOX","20","","","0.01","","mm/s","Cura 路径：Speed > Print Jerk > Top Surface Skin Jerk。 来源：Cura/resources/definitions/fdmprinter.def.json。 Cura 默认值表达式：jerk_topbottom。 Cura 启用表达式：resolveOrValue('jerk_enabled') and roofing_layer_count > 0 and top_layers > 0。","false","","resolveOrValue('jerk_enabled') and roofing_layer_count > 0 and top_layers > 0","jerk_topbottom","cura","5","5",""
"jerk_flooring","Bottom Surface Skin Jerk","速度","Print Jerk","10","VT_FLOAT","NUMERIC_BOX","20","","","0.01","","mm/s","Cura 路径：Speed > Print Jerk > Bottom Surface Skin Jerk。 来源：Cura/resources/definitions/fdmprinter.def.json。 Cura 默认值表达式：jerk_topbottom。 Cura 启用表达式：resolveOrValue('jerk_enabled') and flooring_layer_count > 0 and bottom_layers > 0。","false","","resolveOrValue('jerk_enabled') and flooring_layer_count > 0 and bottom_layers > 0","jerk_topbottom","cura","5","5",""
"jerk_topbottom","顶部/底部 Jerk","速度","Print Jerk","11","VT_FLOAT","NUMERIC_BOX","20","","","0.01","","mm/s","Cura 路径：Speed > Print Jerk > Top/Bottom Jerk。 来源：Cura/resources/definitions/fdmprinter.def.json。 Cura 默认值表达式：jerk_print。 Cura 启用表达式：(top_layers > 0 or bottom_layers > 0) and resolveOrValue('jerk_enabled')。","false","","(top_layers > 0 or bottom_layers > 0) and resolveOrValue('jerk_enabled')","jerk_print","cura","5","5",""
"jerk_support","支撑 Jerk","速度","Print Jerk","12","VT_FLOAT","NUMERIC_BOX","20","","","0.01","","mm/s","Cura 路径：Speed > Print Jerk > Support Jerk。 来源：Cura/resources/definitions/fdmprinter.def.json。 Cura 默认值表达式：jerk_print。 Cura 启用表达式：resolveOrValue('jerk_enabled') and (support_enable or support_meshes_present)。","false","","resolveOrValue('jerk_enabled') and (support_enable or support_meshes_present)","jerk_print","cura","5","5",""
"jerk_support_infill","支撑 填充 Jerk","速度","Print Jerk","13","VT_FLOAT","NUMERIC_BOX","20","","","0.01","","mm/s","Cura 路径：Speed > Print Jerk > Support Jerk > Support Infill Jerk。 来源：Cura/resources/definitions/fdmprinter.def.json。 Cura 默认值表达式：jerk_support。 Cura 启用表达式：resolveOrValue('jerk_enabled') and (support_enable or support_meshes_present)。","false","","resolveOrValue('jerk_enabled') and (support_enable or support_meshes_present)","jerk_support","cura","5","5",""
"jerk_support_interface","支撑 接触面 Jerk","速度","Print Jerk","14","VT_FLOAT","NUMERIC_BOX","20","","","0.01","","mm/s","Cura 路径：Speed > Print Jerk > Support Jerk > Support Interface Jerk。 来源：Cura/resources/definitions/fdmprinter.def.json。 Cura 默认值表达式：jerk_support。 Cura 启用表达式：resolveOrValue('jerk_enabled') and support_interface_enable and (support_enable or support_meshes_present)。","false","","resolveOrValue('jerk_enabled') and support_interface_enable and (support_enable or support_meshes_present)","jerk_support","cura","5","5",""
"jerk_support_roof","支撑 顶面 Jerk","速度","Print Jerk","15","VT_FLOAT","NUMERIC_BOX","20","","","0.01","","mm/s","Cura 路径：Speed > Print Jerk > Support Jerk > Support Interface Jerk > Support Roof Jerk。 来源：Cura/resources/definitions/fdmprinter.def.json。 Cura 默认值表达式：extruderValue(support_roof_extruder_nr, 'jerk_support_interface')。 Cura 启用表达式：resolveOrValue('jerk_enabled') and support_roof_enable and (support_enable or support_meshes_present)。","false","","resolveOrValue('jerk_enabled') and support_roof_enable and (support_enable or support_meshes_present)","extruderValue(support_roof_extruder_nr, 'jerk_support_interface')","cura","5","5",""
"jerk_support_bottom","支撑 底面 Jerk","速度","Print Jerk","16","VT_FLOAT","NUMERIC_BOX","20","","","0.01","","mm/s","Cura 路径：Speed > Print Jerk > Support Jerk > Support Interface Jerk > Support Floor Jerk。 来源：Cura/resources/definitions/fdmprinter.def.json。 Cura 默认值表达式：extruderValue(support_roof_extruder_nr, 'jerk_support_interface')。 Cura 启用表达式：resolveOrValue('jerk_enabled') and support_bottom_enable and (support_enable or support_meshes_present)。","false","","resolveOrValue('jerk_enabled') and support_bottom_enable and (support_enable or support_meshes_present)","extruderValue(support_roof_extruder_nr, 'jerk_support_interface')","cura","5","5",""
"jerk_prime_tower","擦拭塔 Jerk","速度","Print Jerk","17","VT_FLOAT","NUMERIC_BOX","20","","","0.01","","mm/s","Cura 路径：Speed > Print Jerk > Prime Tower Jerk。 来源：Cura/resources/definitions/fdmprinter.def.json。 Cura 默认值表达式：jerk_print。 Cura 启用表达式：prime_tower_enable and resolveOrValue('jerk_enabled')。","false","","prime_tower_enable and resolveOrValue('jerk_enabled')","jerk_print","cura","5","5",""
"jerk_layer_0","首层 Jerk","速度","首层 Jerk","0","VT_FLOAT","NUMERIC_BOX","20","","","0.01","","mm/s","Cura 路径：Speed > Initial Layer Jerk。 来源：Cura/resources/definitions/fdmprinter.def.json。 Cura 默认值表达式：jerk_print。 Cura 启用表达式：resolveOrValue('jerk_enabled')。","false","","resolveOrValue('jerk_enabled')","jerk_print","cura","5","6",""
"jerk_print_layer_0","首层 Print Jerk","速度","首层 Jerk","1","VT_FLOAT","NUMERIC_BOX","20","","","0.01","","mm/s","Cura 路径：Speed > Initial Layer Jerk > Initial Layer Print Jerk。 来源：Cura/resources/definitions/fdmprinter.def.json。 Cura 默认值表达式：jerk_layer_0。 Cura 启用表达式：resolveOrValue('jerk_enabled')。","false","","resolveOrValue('jerk_enabled')","jerk_layer_0","cura","5","6",""
"jerk_travel_layer_0","首层 移动 Jerk","速度","首层 Jerk","2","VT_FLOAT","NUMERIC_BOX","20","","","0.01","","mm/s","Cura 路径：Speed > Initial Layer Jerk > Initial Layer Travel Jerk。 来源：Cura/resources/definitions/fdmprinter.def.json。 Cura 默认值表达式：jerk_layer_0 * jerk_travel / jerk_print。 Cura 启用表达式：resolveOrValue('jerk_enabled') and resolveOrValue('jerk_travel_enabled')。","false","","resolveOrValue('jerk_enabled') and resolveOrValue('jerk_travel_enabled')","jerk_layer_0 * jerk_travel / jerk_print","cura","5","6",""
"retraction_enable","启用回抽","移动","常规","0","VT_BOOL","CHECK_BOX","true","","","","","","Cura 路径：Travel > Enable Retraction。 来源：Cura/resources/definitions/fdmprinter.def.json。","false","","","","","6","0",""
"retract_at_layer_change","Retract at 层 Change","移动","常规","1","VT_BOOL","CHECK_BOX","false","","","","","","Cura 路径：Travel > Retract at Layer Change。 来源：Cura/resources/definitions/fdmprinter.def.json。","false","","","","","6","0",""
"retraction_amount","Retraction 距离","移动","常规","2","VT_FLOAT","NUMERIC_BOX","6.5","","","0.01","","mm","Cura 路径：Travel > Retraction Distance。 来源：Cura/resources/definitions/fdmprinter.def.json。 Cura 启用表达式：retraction_enable and machine_gcode_flavor != ""UltiGCode""。","false","","retraction_enable and machine_gcode_flavor != ""UltiGCode""","","cura","6","0",""
"retraction_extra_prime_amount","Retraction Extra Prime Amount","移动","常规","3","VT_FLOAT","NUMERIC_BOX","0","","","0.01","","mm³","Cura 路径：Travel > Retraction Extra Prime Amount。 来源：Cura/resources/definitions/fdmprinter.def.json。 Cura 启用表达式：retraction_enable。","false","","retraction_enable","","cura","6","0",""
"retraction_min_travel","Retraction Minimum 移动","移动","常规","4","VT_FLOAT","NUMERIC_BOX","1.5","","","0.01","","mm","Cura 路径：Travel > Retraction Minimum Travel。 来源：Cura/resources/definitions/fdmprinter.def.json。 Cura 默认值表达式：line_width * 2。","false","","","line_width * 2","cura","6","0",""
"retraction_count_max","Maximum Retraction Count","移动","常规","5","VT_INT","NUMERIC_BOX","90","","","1","","","Cura 路径：Travel > Maximum Retraction Count。 来源：Cura/resources/definitions/fdmprinter.def.json。 Cura 启用表达式：retraction_enable。","false","","retraction_enable","","cura","6","0",""
"retraction_extrusion_window","Minimum Extrusion 距离 Window","移动","常规","6","VT_FLOAT","NUMERIC_BOX","4.5","","","0.01","","mm","Cura 路径：Travel > Minimum Extrusion Distance Window。 来源：Cura/resources/definitions/fdmprinter.def.json。 Cura 默认值表达式：retraction_amount。 Cura 启用表达式：retraction_enable。","false","","retraction_enable","retraction_amount","cura","6","0",""
"retraction_combing","梳理模式","移动","常规","7","VT_ENUM","COMBO_BOX","all","","","","off;all;no_skin;within_infill;not_in_skin;no_outer_surfaces","","Cura 路径：Travel > Combing Mode。 来源：Cura/resources/definitions/fdmprinter.def.json。 Cura 默认值表达式：'no_outer_surfaces' if (any(extruderValues('skin_monotonic')) or any(extruderValues('ironing_enabled')) or (any(extruderValues('roofing_monotonic')) and any(extruderValues('roofing_layer_count')))) else 'all'。","false","","","'no_outer_surfaces' if (any(extruderValues('skin_monotonic')) or any(extruderValues('ironing_enabled')) or (any(extruderValues('roofing_monotonic')) and any(extruderValues('roofing_layer_count')))) else 'all'","cura","6","0","off|关闭|;all|全部|;no_skin|不在表层|;within_infill|填充内|;not_in_skin|不在表层内|;no_outer_surfaces|不在外表面|"
"retraction_combing_max_distance","Max Comb 距离 With No Retract","移动","常规","8","VT_FLOAT","NUMERIC_BOX","0","","","0.01","","mm","Cura 路径：Travel > Max Comb Distance With No Retract。 来源：Cura/resources/definitions/fdmprinter.def.json。 Cura 启用表达式：resolveOrValue('retraction_combing') != 'off'。","false","","resolveOrValue('retraction_combing') != 'off'","","cura","6","0",""
"retraction_combing_avoid_distance","Inside 移动 Avoid 距离","移动","常规","9","VT_FLOAT","NUMERIC_BOX","0.6","","","0.01","","mm","Cura 路径：Travel > Inside Travel Avoid Distance。 来源：Cura/resources/definitions/fdmprinter.def.json。 Cura 默认值表达式：machine_nozzle_size * 1。5。 Cura 启用表达式：resolveOrValue('retraction_combing') != 'off'。","false","","resolveOrValue('retraction_combing') != 'off'","machine_nozzle_size * 1.5","cura","6","0",""
"travel_retract_before_outer_wall","外壁前回抽","移动","常规","10","VT_ENUM","COMBO_BOX","automatic","","","","automatic;enabled;disabled","","Cura 路径：Travel > Retract Before Outer Wall。 来源：Cura/resources/definitions/fdmprinter.def.json。 Cura 启用表达式：retraction_enable。","false","","retraction_enable","","cura","6","0","automatic|自动|;enabled|启用|;disabled|禁用|"
"travel_avoid_other_parts","Avoid Printed Parts When 移动ing","移动","常规","11","VT_BOOL","CHECK_BOX","true","","","","","","Cura 路径：Travel > Avoid Printed Parts When Traveling。 来源：Cura/resources/definitions/fdmprinter.def.json。 Cura 启用表达式：resolveOrValue('retraction_combing') != 'off'。","false","","resolveOrValue('retraction_combing') != 'off'","","cura","6","0",""
"travel_avoid_supports","Avoid 支撑s When 移动ing","移动","常规","12","VT_BOOL","CHECK_BOX","false","","","","","","Cura 路径：Travel > Avoid Supports When Traveling。 来源：Cura/resources/definitions/fdmprinter.def.json。 Cura 启用表达式：resolveOrValue('retraction_combing') != 'off' and travel_avoid_other_parts。","false","","resolveOrValue('retraction_combing') != 'off' and travel_avoid_other_parts","","cura","6","0",""
"travel_avoid_distance","移动 Avoid 距离","移动","常规","13","VT_FLOAT","NUMERIC_BOX","0.625","","","0.01","","mm","Cura 路径：Travel > Travel Avoid Distance。 来源：Cura/resources/definitions/fdmprinter.def.json。 Cura 默认值表达式：machine_nozzle_tip_outer_diameter / 2 * 1。25。 Cura 启用表达式：resolveOrValue('retraction_combing') != 'off' and travel_avoid_other_parts。","false","","resolveOrValue('retraction_combing') != 'off' and travel_avoid_other_parts","machine_nozzle_tip_outer_diameter / 2 * 1.25","cura","6","0",""
"layer_start_at_z_seam","层 Start at Z Seam","移动","常规","14","VT_BOOL","CHECK_BOX","false","","","","","","Cura 路径：Travel > Layer Start at Z Seam。 来源：Cura/resources/definitions/fdmprinter.def.json。 Cura 启用表达式：z_seam_type == 'back'。","false","","z_seam_type == 'back'","","cura","6","0",""
"layer_start_x","层 Start X","移动","常规","15","VT_FLOAT","NUMERIC_BOX","0.0","","","0.01","","mm","Cura 路径：Travel > Layer Start X。 来源：Cura/resources/definitions/fdmprinter.def.json。 Cura 默认值表达式：(z_seam_x + machine_width / 2 if (not machine_center_is_zero and z_seam_relative) else z_seam_x) if (layer_start_at_z_seam and z_seam_type == 'back') else (sum(extruderValues('machine_extruder_start_pos_x')) / len(extruderValues('machine_extruder_start_pos_x')))。","false","","","(z_seam_x + machine_width / 2 if (not machine_center_is_zero and z_seam_relative) else z_seam_x) if (layer_start_at_z_seam and z_seam_type == 'back') else (sum(extruderValues('machine_extruder_start_pos_x')) / len(extruderValues('machine_extruder_start_pos_x')))","cura","6","0",""
"layer_start_y","层 Start Y","移动","常规","16","VT_FLOAT","NUMERIC_BOX","0.0","","","0.01","","mm","Cura 路径：Travel > Layer Start Y。 来源：Cura/resources/definitions/fdmprinter.def.json。 Cura 默认值表达式：(z_seam_y + machine_depth / 2 if (not machine_center_is_zero and z_seam_relative) else z_seam_y) if (layer_start_at_z_seam and z_seam_type == 'back') else (sum(extruderValues('machine_extruder_start_pos_y')) / len(extruderValues('machine_extruder_start_pos_y')))。","false","","","(z_seam_y + machine_depth / 2 if (not machine_center_is_zero and z_seam_relative) else z_seam_y) if (layer_start_at_z_seam and z_seam_type == 'back') else (sum(extruderValues('machine_extruder_start_pos_y')) / len(extruderValues('machine_extruder_start_pos_y')))","cura","6","0",""
"retraction_hop_enabled","Z Hop When Retracted","移动","常规","17","VT_BOOL","CHECK_BOX","false","","","","","","Cura 路径：Travel > Z Hop When Retracted。 来源：Cura/resources/definitions/fdmprinter.def.json。 Cura 启用表达式：retraction_enable。","false","","retraction_enable","","cura","6","0",""
"retraction_hop_only_when_collides","Z Hop Only Over Printed Parts","移动","常规","18","VT_BOOL","CHECK_BOX","false","","","","","","Cura 路径：Travel > Z Hop Only Over Printed Parts。 来源：Cura/resources/definitions/fdmprinter.def.json。 Cura 启用表达式：retraction_enable and retraction_hop_enabled and travel_avoid_other_parts。","false","","retraction_enable and retraction_hop_enabled and travel_avoid_other_parts","","cura","6","0",""
"retraction_hop","Z Hop 高度","移动","常规","19","VT_FLOAT","NUMERIC_BOX","1","","","0.01","","mm","Cura 路径：Travel > Z Hop Height。 来源：Cura/resources/definitions/fdmprinter.def.json。 Cura 启用表达式：retraction_enable and retraction_hop_enabled。","false","","retraction_enable and retraction_hop_enabled","","cura","6","0",""
"retraction_hop_after_extruder_switch","Z Hop After 挤出机 Switch","移动","常规","20","VT_BOOL","CHECK_BOX","true","","","","","","Cura 路径：Travel > Z Hop After Extruder Switch。 来源：Cura/resources/definitions/fdmprinter.def.json。 Cura 启用表达式：retraction_hop_enabled and extruders_enabled_count > 1。","false","","retraction_hop_enabled and extruders_enabled_count > 1","","cura","6","0",""
"retraction_hop_after_extruder_switch_height","Z Hop After 挤出机 Switch 高度","移动","常规","21","VT_FLOAT","NUMERIC_BOX","1","","","0.01","","mm","Cura 路径：Travel > Z Hop After Extruder Switch Height。 来源：Cura/resources/definitions/fdmprinter.def.json。 Cura 默认值表达式：retraction_hop。 Cura 启用表达式：retraction_enable and retraction_hop_after_extruder_switch and extruders_enabled_count > 1。","false","","retraction_enable and retraction_hop_after_extruder_switch and extruders_enabled_count > 1","retraction_hop","cura","6","0",""
"retraction_speed","回抽速度","移动","回抽速度","0","VT_FLOAT","NUMERIC_BOX","25","","","0.01","","mm/s","Cura 路径：Travel > Retraction Speed。 来源：Cura/resources/definitions/fdmprinter.def.json。 Cura 启用表达式：retraction_enable and machine_gcode_flavor != ""UltiGCode""。","false","","retraction_enable and machine_gcode_flavor != ""UltiGCode""","","cura","6","1",""
"retraction_retract_speed","Retraction Retract 速度","移动","回抽速度","1","VT_FLOAT","NUMERIC_BOX","25","","","0.01","","mm/s","Cura 路径：Travel > Retraction Speed > Retraction Retract Speed。 来源：Cura/resources/definitions/fdmprinter.def.json。 Cura 默认值表达式：retraction_speed。 Cura 启用表达式：retraction_enable and machine_gcode_flavor != ""UltiGCode""。","false","","retraction_enable and machine_gcode_flavor != ""UltiGCode""","retraction_speed","cura","6","1",""
"retraction_prime_speed","Retraction Prime 速度","移动","回抽速度","2","VT_FLOAT","NUMERIC_BOX","25","","","0.01","","mm/s","Cura 路径：Travel > Retraction Speed > Retraction Prime Speed。 来源：Cura/resources/definitions/fdmprinter.def.json。 Cura 默认值表达式：retraction_speed。 Cura 启用表达式：retraction_enable and machine_gcode_flavor != ""UltiGCode""。","false","","retraction_enable and machine_gcode_flavor != ""UltiGCode""","retraction_speed","cura","6","1",""
"cool_fan_enabled","Enable Print 冷却","冷却","常规","0","VT_BOOL","CHECK_BOX","true","","","","","","Cura 路径：Cooling > Enable Print Cooling。 来源：Cura/resources/definitions/fdmprinter.def.json。","false","","","","","7","0",""
"build_volume_fan_speed_0","首层s Build Volume 风扇速度","冷却","常规","1","VT_FLOAT","NUMERIC_BOX","0","","","0.01","","%","Cura 路径：Cooling > Initial Layers Build Volume Fan Speed。 来源：Cura/resources/definitions/fdmprinter.def.json。 Cura 启用表达式：build_volume_fan_nr != 0。","false","","build_volume_fan_nr != 0","","cura","7","0",""
"build_volume_fan_speed","Build Volume 风扇速度","冷却","常规","2","VT_FLOAT","NUMERIC_BOX","100","","","0.01","","%","Cura 路径：Cooling > Build Volume Fan Speed。 来源：Cura/resources/definitions/fdmprinter.def.json。 Cura 启用表达式：build_volume_fan_nr != 0。","false","","build_volume_fan_nr != 0","","cura","7","0",""
"cool_min_layer_time_fan_speed_max","Regular/最大风扇速度 Threshold","冷却","常规","3","VT_FLOAT","NUMERIC_BOX","10","","","0.01","","s","Cura 路径：Cooling > Regular/Maximum Fan Speed Threshold。 来源：Cura/resources/definitions/fdmprinter.def.json。","false","","","","","7","0",""
"cool_fan_speed_0","Initial 风扇速度","冷却","常规","4","VT_FLOAT","NUMERIC_BOX","0","","","0.01","","%","Cura 路径：Cooling > Initial Fan Speed。 来源：Cura/resources/definitions/fdmprinter.def.json。 Cura 启用表达式：cool_fan_enabled。","false","","cool_fan_enabled","","cura","7","0",""
"cool_min_layer_time","最小层时间","冷却","常规","5","VT_FLOAT","NUMERIC_BOX","5","","","0.01","","s","Cura 路径：Cooling > Minimum Layer Time。 来源：Cura/resources/definitions/fdmprinter.def.json。","false","","","","","7","0",""
"cool_min_speed","Minimum 速度","冷却","常规","6","VT_FLOAT","NUMERIC_BOX","10","","","0.01","","mm/s","Cura 路径：Cooling > Minimum Speed。 来源：Cura/resources/definitions/fdmprinter.def.json。 Cura 启用表达式：cool_min_layer_time > 0。","false","","cool_min_layer_time > 0","","cura","7","0",""
"cool_lift_head","Lift Head","冷却","常规","7","VT_BOOL","CHECK_BOX","false","","","","","","Cura 路径：Cooling > Lift Head。 来源：Cura/resources/definitions/fdmprinter.def.json。 Cura 启用表达式：cool_min_layer_time > 0。","false","","cool_min_layer_time > 0","","cura","7","0",""
"cool_min_temperature","Small 层 Printing 温度","冷却","常规","8","VT_FLOAT","NUMERIC_BOX","0","","","0.01","","°C","Cura 路径：Cooling > Small Layer Printing Temperature。 来源：Cura/resources/definitions/fdmprinter.def.json。 Cura 默认值表达式：material_print_temperature。 Cura 启用表达式：cool_min_layer_time > 0。","false","","cool_min_layer_time > 0","material_print_temperature","cura","7","0",""
"cool_during_extruder_switch","切换挤出机时冷却","冷却","常规","9","VT_ENUM","COMBO_BOX","unchanged","","","","unchanged;only_last_extruder;all_extruders","","Cura 路径：Cooling > Cooling during extruder switch。 来源：Cura/resources/definitions/fdmprinter.def.json。","false","","","","","7","0","unchanged|不变|;only_last_extruder|仅最后挤出机|;all_extruders|所有挤出机|"
"build_fan_full_at_height","Build Volume 风扇速度 at 高度","冷却","Build Volume 风扇速度 at 高度","0","VT_FLOAT","NUMERIC_BOX","0","","","0.01","","mm","Cura 路径：Cooling > Build Volume Fan Speed at Height。 来源：Cura/resources/definitions/fdmprinter.def.json。 Cura 启用表达式：build_volume_fan_nr != 0。","false","","build_volume_fan_nr != 0","","cura","7","1",""
"build_fan_full_layer","Build Volume 风扇速度 at 层","冷却","Build Volume 风扇速度 at 高度","1","VT_INT","NUMERIC_BOX","0","","","1","","","Cura 路径：Cooling > Build Volume Fan Speed at Height > Build Volume Fan Speed at Layer。 来源：Cura/resources/definitions/fdmprinter.def.json。 Cura 默认值表达式：max(1, int(math。floor((build_fan_full_at_height - resolveOrValue('layer_height_0')) / resolveOrValue('layer_height')) + 2))。 Cura 启用表达式：build_volume_fan_nr != 0。","false","","build_volume_fan_nr != 0","max(1, int(math.floor((build_fan_full_at_height - resolveOrValue('layer_height_0')) / resolveOrValue('layer_height')) + 2))","cura","7","1",""
"cool_fan_speed","风扇速度","冷却","风扇速度","0","VT_FLOAT","NUMERIC_BOX","100","","","0.01","","%","Cura 路径：Cooling > Fan Speed。 来源：Cura/resources/definitions/fdmprinter.def.json。 Cura 默认值表达式：100。0 if cool_fan_enabled else 0。0。 Cura 启用表达式：cool_fan_enabled。","false","","cool_fan_enabled","100.0 if cool_fan_enabled else 0.0","cura","7","2",""
"cool_fan_speed_min","常规风扇速度","冷却","风扇速度","1","VT_FLOAT","NUMERIC_BOX","100","","","0.01","","%","Cura 路径：Cooling > Fan Speed > Regular Fan Speed。 来源：Cura/resources/definitions/fdmprinter.def.json。 Cura 默认值表达式：cool_fan_speed。 Cura 启用表达式：cool_fan_enabled。","false","","cool_fan_enabled","cool_fan_speed","cura","7","2",""
"cool_fan_speed_max","最大风扇速度","冷却","风扇速度","2","VT_FLOAT","NUMERIC_BOX","100","","","0.01","","%","Cura 路径：Cooling > Fan Speed > Maximum Fan Speed。 来源：Cura/resources/definitions/fdmprinter.def.json。 Cura 默认值表达式：cool_fan_speed。 Cura 启用表达式：cool_fan_enabled。","false","","cool_fan_enabled","cool_fan_speed","cura","7","2",""
"cool_fan_full_at_height","常规风扇速度 at 高度","冷却","常规风扇速度 at 高度","0","VT_FLOAT","NUMERIC_BOX","0.5","","","0.01","","mm","Cura 路径：Cooling > Regular Fan Speed at Height。 来源：Cura/resources/definitions/fdmprinter.def.json。 Cura 默认值表达式：0 if resolveOrValue('adhesion_type') == 'raft' else resolveOrValue('layer_height_0')。","false","","","0 if resolveOrValue('adhesion_type') == 'raft' else resolveOrValue('layer_height_0')","cura","7","3",""
"cool_fan_full_layer","常规风扇速度 at 层","冷却","常规风扇速度 at 高度","1","VT_INT","NUMERIC_BOX","2","","","1","","","Cura 路径：Cooling > Regular Fan Speed at Height > Regular Fan Speed at Layer。 来源：Cura/resources/definitions/fdmprinter.def.json。 Cura 默认值表达式：max(1, int(math。floor((cool_fan_full_at_height - resolveOrValue('layer_height_0')) / resolveOrValue('layer_height')) + 2))。","false","","","max(1, int(math.floor((cool_fan_full_at_height - resolveOrValue('layer_height_0')) / resolveOrValue('layer_height')) + 2))","cura","7","3",""
"support_enable","Generate 支撑","支撑","常规","0","VT_BOOL","CHECK_BOX","false","","","","","","Cura 路径：Support > Generate Support。 来源：Cura/resources/definitions/fdmprinter.def.json。","false","","","","","8","0",""
"support_structure","支撑结构","支撑","常规","1","VT_ENUM","COMBO_BOX","normal","","","","normal;tree","","Cura 路径：Support > Support Structure。 来源：Cura/resources/definitions/fdmprinter.def.json。 Cura 启用表达式：support_enable。","false","","support_enable","","cura","8","0","normal|普通|;tree|树状|"
"support_tree_angle","Maximum Branch Angle","支撑","常规","2","VT_FLOAT","NUMERIC_BOX","60","","","0.01","","°","Cura 路径：Support > Maximum Branch Angle。 来源：Cura/resources/definitions/fdmprinter.def.json。 Cura 默认值表达式：max(min(support_angle, 85), 20)。 Cura 启用表达式：support_enable and support_structure=='tree'。","false","","support_enable and support_structure=='tree'","max(min(support_angle, 85), 20)","cura","8","0",""
"support_tree_branch_diameter","Branch Diameter","支撑","常规","3","VT_FLOAT","NUMERIC_BOX","5","","","0.01","","mm","Cura 路径：Support > Branch Diameter。 来源：Cura/resources/definitions/fdmprinter.def.json。 Cura 启用表达式：support_enable and support_structure=='tree'。","false","","support_enable and support_structure=='tree'","","cura","8","0",""
"support_tree_max_diameter","Trunk Diameter","支撑","常规","4","VT_FLOAT","NUMERIC_BOX","25","","","0.01","","mm","Cura 路径：Support > Trunk Diameter。 来源：Cura/resources/definitions/fdmprinter.def.json。 Cura 启用表达式：support_enable and support_structure=='tree'。","false","","support_enable and support_structure=='tree'","","cura","8","0",""
"support_tree_branch_diameter_angle","Branch Diameter Angle","支撑","常规","5","VT_FLOAT","NUMERIC_BOX","7","","","0.01","","°","Cura 路径：Support > Branch Diameter Angle。 来源：Cura/resources/definitions/fdmprinter.def.json。 Cura 启用表达式：support_enable and support_structure=='tree'。","false","","support_enable and support_structure=='tree'","","cura","8","0",""
"support_type","支撑放置","支撑","常规","6","VT_ENUM","COMBO_BOX","everywhere","","","","everywhere;buildplate","","Cura 路径：Support > Support Placement。 来源：Cura/resources/definitions/fdmprinter.def.json。 Cura 启用表达式：support_enable。","false","","support_enable","","cura","8","0","everywhere|全部位置|;buildplate|仅平台|"
"support_tree_angle_slow","Preferred Branch Angle","支撑","常规","7","VT_FLOAT","NUMERIC_BOX","50","","","0.01","","°","Cura 路径：Support > Preferred Branch Angle。 来源：Cura/resources/definitions/fdmprinter.def.json。 Cura 默认值表达式：support_tree_angle * 2 / 3。 Cura 启用表达式：support_enable and support_structure=='tree'。","false","","support_enable and support_structure=='tree'","support_tree_angle * 2 / 3","cura","8","0",""
"support_tree_max_diameter_increase_by_merges_when_support_to_model","Diameter Increase To Model","支撑","常规","8","VT_FLOAT","NUMERIC_BOX","1","","","0.01","","mm","Cura 路径：Support > Diameter Increase To Model。 来源：Cura/resources/definitions/fdmprinter.def.json。 Cura 启用表达式：support_enable and support_structure=='tree' and resolveOrValue('support_type') == 'everywhere' 。","false","","support_enable and support_structure=='tree' and resolveOrValue('support_type') == 'everywhere' ","","cura","8","0",""
"support_tree_min_height_to_model","Minimum 高度 To Model","支撑","常规","9","VT_FLOAT","NUMERIC_BOX","3","","","0.01","","mm","Cura 路径：Support > Minimum Height To Model。 来源：Cura/resources/definitions/fdmprinter.def.json。 Cura 启用表达式：support_enable and support_structure=='tree' and resolveOrValue('support_type') == 'everywhere' 。","false","","support_enable and support_structure=='tree' and resolveOrValue('support_type') == 'everywhere' ","","cura","8","0",""
"support_tree_bp_diameter","首层 Diameter","支撑","常规","10","VT_FLOAT","NUMERIC_BOX","7.5","","","0.01","","mm","Cura 路径：Support > Initial Layer Diameter。 来源：Cura/resources/definitions/fdmprinter.def.json。 Cura 启用表达式：support_enable and support_structure=='tree'。","false","","support_enable and support_structure=='tree'","","cura","8","0",""
"support_tree_top_rate","Branch 密度","支撑","常规","11","VT_FLOAT","NUMERIC_BOX","15","","","0.01","","%","Cura 路径：Support > Branch Density。 来源：Cura/resources/definitions/fdmprinter.def.json。 Cura 默认值表达式：30 if support_roof_enable else 10。 Cura 启用表达式：support_enable and support_structure=='tree'。","false","","support_enable and support_structure=='tree'","30 if support_roof_enable else 10","cura","8","0",""
"support_tree_tip_diameter","Tip Diameter","支撑","常规","12","VT_FLOAT","NUMERIC_BOX","0.4","","","0.01","","mm","Cura 路径：Support > Tip Diameter。 来源：Cura/resources/definitions/fdmprinter.def.json。 Cura 默认值表达式：support_line_width * 2。 Cura 启用表达式：support_enable and support_structure=='tree'。","false","","support_enable and support_structure=='tree'","support_line_width * 2","cura","8","0",""
"support_tree_limit_branch_reach","Limit Branch Reach","支撑","常规","13","VT_BOOL","CHECK_BOX","true","","","","","","Cura 路径：Support > Limit Branch Reach。 来源：Cura/resources/definitions/fdmprinter.def.json。 Cura 启用表达式：support_enable and support_structure=='tree'。","false","","support_enable and support_structure=='tree'","","cura","8","0",""
"support_tree_branch_reach_limit","Optimal Branch Range","支撑","常规","14","VT_FLOAT","NUMERIC_BOX","30","","","0.01","","mm","Cura 路径：Support > Optimal Branch Range。 来源：Cura/resources/definitions/fdmprinter.def.json。 Cura 启用表达式：support_enable and support_tree_limit_branch_reach and support_structure=='tree'。","false","","support_enable and support_tree_limit_branch_reach and support_structure=='tree'","","cura","8","0",""
"support_tree_rest_preference","Rest Preference","支撑","常规","15","VT_ENUM","COMBO_BOX","buildplate","","","","buildplate;graceful;support_line","","Cura 路径：Support > Rest Preference。 来源：Cura/resources/definitions/fdmprinter.def.json。 Cura 默认值表达式：'buildplate' if support_type == 'buildplate' else 'graceful'。 Cura 启用表达式：support_enable and support_structure=='tree' and support_type == 'everywhere'。","false","","support_enable and support_structure=='tree' and support_type == 'everywhere'","'buildplate' if support_type == 'buildplate' else 'graceful'","cura","8","0","buildplate|仅平台|;graceful|平滑|;support_line|支撑线|"
"support_angle","支撑 Overhang Angle","支撑","常规","16","VT_FLOAT","NUMERIC_BOX","50","","","0.01","","°","Cura 路径：Support > Support Overhang Angle。 来源：Cura/resources/definitions/fdmprinter.def.json。 Cura 启用表达式：support_enable。","false","","support_enable","","cura","8","0",""
"support_pattern","支撑图案","支撑","常规","17","VT_ENUM","COMBO_BOX","zigzag","","","","lines;grid;triangles;concentric;zigzag;cross;gyroid","","Cura 路径：Support > Support Pattern。 来源：Cura/resources/definitions/fdmprinter.def.json。 Cura 启用表达式：(support_enable or support_meshes_present) and support_infill_rate > 0。","false","","(support_enable or support_meshes_present) and support_infill_rate > 0","","cura","8","0","lines|线|;grid|网格|;triangles|三角形|;concentric|同心|;zigzag|锯齿|;cross|交叉|;gyroid|螺旋二十四面体|"
"support_wall_count","支撑 壁线数量","支撑","常规","18","VT_INT","NUMERIC_BOX","1","","","1","","","Cura 路径：Support > Support Wall Line Count。 来源：Cura/resources/definitions/fdmprinter.def.json。 Cura 默认值表达式：1 if support_enable and support_structure == 'tree' else (1 if (support_pattern == 'grid' or support_pattern == 'triangles' or support_pattern == 'concentric') else 0)。 Cura 启用表达式：support_enable or support_meshes_present。","false","","support_enable or support_meshes_present","1 if support_enable and support_structure == 'tree' else (1 if (support_pattern == 'grid' or support_pattern == 'triangles' or support_pattern == 'concentric') else 0)","cura","8","0",""
"support_infill_multiplier","支撑 填充 Line Multiplier","支撑","常规","19","VT_INT","NUMERIC_BOX","1","","","1","","","Cura 路径：Support > Support Infill Line Multiplier。 来源：Cura/resources/definitions/fdmprinter.def.json。 Cura 启用表达式：(support_enable or support_meshes_present) and support_line_distance > 0 and support_pattern != 'zigzag'。","false","","(support_enable or support_meshes_present) and support_line_distance > 0 and support_pattern != 'zigzag'","","cura","8","0",""
"zig_zaggify_support","Connect 支撑 Lines","支撑","常规","20","VT_BOOL","CHECK_BOX","false","","","","","","Cura 路径：Support > Connect Support Lines。 来源：Cura/resources/definitions/fdmprinter.def.json。 Cura 默认值表达式：support_pattern == 'cross' or support_pattern == 'gyroid' or support_pattern == 'honeycomb' or support_pattern == 'octagon'。 Cura 启用表达式：(support_enable or support_meshes_present) and (support_pattern == 'lines' or support_pattern == 'grid' or support_pattern == 'triangles' or support_pattern == 'cross' or support_pattern == 'gyroid' or support_pattern == 'honeycomb' or support_pattern == 'octagon')。","false","","(support_enable or support_meshes_present) and (support_pattern == 'lines' or support_pattern == 'grid' or support_pattern == 'triangles' or support_pattern == 'cross' or support_pattern == 'gyroid' or support_pattern == 'honeycomb' or support_pattern == 'octagon')","support_pattern == 'cross' or support_pattern == 'gyroid' or support_pattern == 'honeycomb' or support_pattern == 'octagon'","cura","8","0",""
"support_connect_zigzags","Connect 支撑 ZigZags","支撑","常规","21","VT_BOOL","CHECK_BOX","true","","","","","","Cura 路径：Support > Connect Support ZigZags。 来源：Cura/resources/definitions/fdmprinter.def.json。 Cura 启用表达式：(support_enable or support_meshes_present) and support_pattern == 'zigzag'。","false","","(support_enable or support_meshes_present) and support_pattern == 'zigzag'","","cura","8","0",""
"support_infill_density_multiplier_initial_layer","支撑 填充密度 Multiplier 首层","支撑","常规","22","VT_INT","NUMERIC_BOX","1","","","1","","","Cura 路径：Support > Support Infill Density Multiplier Initial Layer。 来源：Cura/resources/definitions/fdmprinter.def.json。 Cura 启用表达式：(support_enable or support_meshes_present) and support_line_distance > 0 and support_pattern != 'lightning'。","false","","(support_enable or support_meshes_present) and support_line_distance > 0 and support_pattern != 'lightning'","","cura","8","0",""
"support_infill_angles","支撑 填充走线方向","支撑","常规","23","VT_STRING","TEXT_BOX","[ ]","","","","","","Cura 路径：Support > Support Infill Line Directions。 来源：Cura/resources/definitions/fdmprinter.def.json。 列表值按文本编码到 ParameterValue。string_value。 Cura 启用表达式：(support_enable or support_meshes_present) and support_pattern != 'concentric' and support_infill_rate > 0。","false","","(support_enable or support_meshes_present) and support_pattern != 'concentric' and support_infill_rate > 0","","cura","8","0",""
"support_brim_enable","Enable 支撑 Brim","支撑","常规","24","VT_BOOL","CHECK_BOX","true","","","","","","Cura 路径：Support > Enable Support Brim。 来源：Cura/resources/definitions/fdmprinter.def.json。 Cura 启用表达式：support_enable or support_meshes_present。","false","","support_enable or support_meshes_present","","cura","8","0",""
"support_brim_minimum_hole_area","Minimum hole area in brim support","支撑","常规","25","VT_FLOAT","NUMERIC_BOX","16","","","0.01","","mm²","Cura 路径：Support > Minimum hole area in brim support。 来源：Cura/resources/definitions/fdmprinter.def.json。 Cura 默认值表达式：skirt_brim_line_width * skirt_brim_line_width * 100。 Cura 启用表达式：support_brim_enable。","false","","support_brim_enable","skirt_brim_line_width * skirt_brim_line_width * 100","cura","8","0",""
"support_xy_distance","支撑 X/Y 距离","支撑","常规","26","VT_FLOAT","NUMERIC_BOX","0.7","","","0.01","","mm","Cura 路径：Support > Support X/Y Distance。 来源：Cura/resources/definitions/fdmprinter.def.json。 Cura 启用表达式：support_enable or support_meshes_present。","false","","support_enable or support_meshes_present","","cura","8","0",""
"support_xy_overrides_z","支撑距离优先级","支撑","常规","27","VT_ENUM","COMBO_BOX","z_overrides_xy","","","","z_overrides_xy;xy_overrides_z","","Cura 路径：Support > Support Distance Priority。 来源：Cura/resources/definitions/fdmprinter.def.json。 Cura 启用表达式：support_enable or support_meshes_present。","false","","support_enable or support_meshes_present","","cura","8","0","z_overrides_xy|Z 覆盖 XY|;xy_overrides_z|XY 覆盖 Z|"
"support_xy_distance_overhang","Minimum 支撑 X/Y 距离","支撑","常规","28","VT_FLOAT","NUMERIC_BOX","0.2","","","0.01","","mm","Cura 路径：Support > Minimum Support X/Y Distance。 来源：Cura/resources/definitions/fdmprinter.def.json。 Cura 默认值表达式：machine_nozzle_size / 2。 Cura 启用表达式：(support_enable or support_meshes_present) and support_xy_overrides_z == 'z_overrides_xy'。","false","","(support_enable or support_meshes_present) and support_xy_overrides_z == 'z_overrides_xy'","machine_nozzle_size / 2","cura","8","0",""
"support_bottom_stair_step_height","支撑 Stair Step 高度","支撑","常规","29","VT_FLOAT","NUMERIC_BOX","0.3","","","0.01","","mm","Cura 路径：Support > Support Stair Step Height。 来源：Cura/resources/definitions/fdmprinter.def.json。 Cura 默认值表达式：0 if support_bottom_enable else 0。3。 Cura 启用表达式：(support_enable and support_structure == 'normal') or support_meshes_present。","false","","(support_enable and support_structure == 'normal') or support_meshes_present","0 if support_bottom_enable else 0.3","cura","8","0",""
"support_bottom_stair_step_width","支撑 Stair Step Maximum 宽度","支撑","常规","30","VT_FLOAT","NUMERIC_BOX","5.0","","","0.01","","mm","Cura 路径：Support > Support Stair Step Maximum Width。 来源：Cura/resources/definitions/fdmprinter.def.json。 Cura 启用表达式：((support_enable and support_structure == 'normal') or support_meshes_present) and support_bottom_stair_step_height > 0。","false","","((support_enable and support_structure == 'normal') or support_meshes_present) and support_bottom_stair_step_height > 0","","cura","8","0",""
"support_bottom_stair_step_min_slope","支撑 Stair Step Minimum Slope Angle","支撑","常规","31","VT_FLOAT","NUMERIC_BOX","10.0","","","0.01","","°","Cura 路径：Support > Support Stair Step Minimum Slope Angle。 来源：Cura/resources/definitions/fdmprinter.def.json。 Cura 启用表达式：((support_enable and support_structure == 'normal') or support_meshes_present) and support_bottom_stair_step_height > 0。","false","","((support_enable and support_structure == 'normal') or support_meshes_present) and support_bottom_stair_step_height > 0","","cura","8","0",""
"support_join_distance","支撑 Join 距离","支撑","常规","32","VT_FLOAT","NUMERIC_BOX","2.0","","","0.01","","mm","Cura 路径：Support > Support Join Distance。 来源：Cura/resources/definitions/fdmprinter.def.json。 Cura 启用表达式：(support_enable and support_structure == 'normal') or support_meshes_present。","false","","(support_enable and support_structure == 'normal') or support_meshes_present","","cura","8","0",""
"support_offset","支撑 Horizontal Expansion","支撑","常规","33","VT_FLOAT","NUMERIC_BOX","0.8","","","0.01","","mm","Cura 路径：Support > Support Horizontal Expansion。 来源：Cura/resources/definitions/fdmprinter.def.json。 Cura 默认值表达式：support_line_width + 0。4 if support_structure == 'normal' else 0。0。 Cura 启用表达式：(support_enable or support_meshes_present) and support_structure == 'normal'。","false","","(support_enable or support_meshes_present) and support_structure == 'normal'","support_line_width + 0.4 if support_structure == 'normal' else 0.0","cura","8","0",""
"support_infill_sparse_thickness","支撑 填充 层 Thickness","支撑","常规","34","VT_FLOAT","NUMERIC_BOX","0.1","","","0.01","","mm","Cura 路径：Support > Support Infill Layer Thickness。 来源：Cura/resources/definitions/fdmprinter.def.json。 Cura 默认值表达式：resolveOrValue('layer_height')。 Cura 启用表达式：(support_enable or support_meshes_present) and support_infill_rate > 0。","false","","(support_enable or support_meshes_present) and support_infill_rate > 0","resolveOrValue('layer_height')","cura","8","0",""
"gradual_support_infill_steps","Gradual 支撑 填充 Steps","支撑","常规","35","VT_INT","NUMERIC_BOX","0","","","1","","","Cura 路径：Support > Gradual Support Infill Steps。 来源：Cura/resources/definitions/fdmprinter.def.json。 Cura 启用表达式：(support_enable or support_meshes_present) and support_infill_rate > 0。","false","","(support_enable or support_meshes_present) and support_infill_rate > 0","","cura","8","0",""
"gradual_support_infill_step_height","Gradual 支撑 填充 Step 高度","支撑","常规","36","VT_FLOAT","NUMERIC_BOX","1","","","0.01","","mm","Cura 路径：Support > Gradual Support Infill Step Height。 来源：Cura/resources/definitions/fdmprinter.def.json。 Cura 启用表达式：(support_enable or support_meshes_present) and support_infill_rate > 0 and gradual_support_infill_steps > 0。","false","","(support_enable or support_meshes_present) and support_infill_rate > 0 and gradual_support_infill_steps > 0","","cura","8","0",""
"minimum_support_area","Minimum 支撑 Area","支撑","常规","37","VT_FLOAT","NUMERIC_BOX","0.0","","","0.01","","mm²","Cura 路径：Support > Minimum Support Area。 来源：Cura/resources/definitions/fdmprinter.def.json。 Cura 启用表达式：support_enable or support_meshes_present。","false","","support_enable or support_meshes_present","","cura","8","0",""
"support_interface_priority","支撑接触面优先级","支撑","常规","38","VT_ENUM","COMBO_BOX","interface_area_overwrite_support_area","","","","interface_lines_overwrite_support_area;interface_area_overwrite_support_area;support_area_overwrite_interface_area","","Cura 路径：Support > Support Interface Priority。 来源：Cura/resources/definitions/fdmprinter.def.json。 Cura 启用表达式：support_enable and support_structure=='tree' and support_roof_enable。","false","","support_enable and support_structure=='tree' and support_roof_enable","","cura","8","0","interface_lines_overwrite_support_area|界面线覆盖支撑区域|;interface_area_overwrite_support_area|界面区域覆盖支撑区域|;support_area_overwrite_interface_area|支撑区域覆盖界面区域|"
"support_fan_enable","风扇速度 Override","支撑","常规","39","VT_BOOL","CHECK_BOX","false","","","","","","Cura 路径：Support > Fan Speed Override。 来源：Cura/resources/definitions/fdmprinter.def.json。 Cura 启用表达式：support_enable or support_meshes_present。","false","","support_enable or support_meshes_present","","cura","8","0",""
"support_supported_skin_fan_speed","支撑ed Skin 风扇速度","支撑","常规","40","VT_FLOAT","NUMERIC_BOX","100","","","0.01","","%","Cura 路径：Support > Supported Skin Fan Speed。 来源：Cura/resources/definitions/fdmprinter.def.json。 Cura 启用表达式：(support_enable or support_meshes_present) and support_fan_enable。","false","","(support_enable or support_meshes_present) and support_fan_enable","","cura","8","0",""
"support_use_towers","Use Towers","支撑","常规","41","VT_BOOL","CHECK_BOX","true","","","","","","Cura 路径：Support > Use Towers。 来源：Cura/resources/definitions/fdmprinter.def.json。 Cura 启用表达式：support_enable and support_structure == 'normal'。","false","","support_enable and support_structure == 'normal'","","cura","8","0",""
"support_tower_diameter","Tower Diameter","支撑","常规","42","VT_FLOAT","NUMERIC_BOX","3.0","","","0.01","","mm","Cura 路径：Support > Tower Diameter。 来源：Cura/resources/definitions/fdmprinter.def.json。 Cura 启用表达式：support_enable and support_structure == 'normal' and support_use_towers。","false","","support_enable and support_structure == 'normal' and support_use_towers","","cura","8","0",""
"support_tower_maximum_supported_diameter","Maximum Tower-支撑ed Diameter","支撑","常规","43","VT_FLOAT","NUMERIC_BOX","3.0","","","0.01","","mm","Cura 路径：Support > Maximum Tower-Supported Diameter。 来源：Cura/resources/definitions/fdmprinter.def.json。 Cura 启用表达式：support_enable and support_structure == 'normal' and support_use_towers。","false","","support_enable and support_structure == 'normal' and support_use_towers","","cura","8","0",""
"support_tower_roof_angle","Tower 顶面 Angle","支撑","常规","44","VT_INT","NUMERIC_BOX","65","","","1","","°","Cura 路径：Support > Tower Roof Angle。 来源：Cura/resources/definitions/fdmprinter.def.json。 Cura 启用表达式：support_enable and support_structure == 'normal' and support_use_towers。","false","","support_enable and support_structure == 'normal' and support_use_towers","","cura","8","0",""
"support_mesh_drop_down","Drop Down 支撑 Mesh","支撑","常规","45","VT_BOOL","CHECK_BOX","true","","","","","","Cura 路径：Support > Drop Down Support Mesh。 来源：Cura/resources/definitions/fdmprinter.def.json。 Cura 启用表达式：support_mesh。","false","","support_mesh","","cura","8","0",""
"support_meshes_present","Scene Has 支撑 Meshes","支撑","常规","46","VT_BOOL","CHECK_BOX","false","","","","","","Cura 路径：Support > Scene Has Support Meshes。 来源：Cura/resources/definitions/fdmprinter.def.json。 Cura 启用表达式：False。","false","","False","","cura","8","0",""
"support_extruder_nr","支撑挤出机","支撑","支撑挤出机","0","VT_INT","COMBO_BOX","0","","","1","0;1;2;3;4","","Cura 路径：Support > Support Extruder。 来源：Cura/resources/definitions/fdmprinter.def.json。 Cura 默认值表达式：int(anyExtruderWithMaterial('material_is_support_material'))。 Cura 启用表达式：(support_enable or support_meshes_present) and extruders_enabled_count > 1。","false","","(support_enable or support_meshes_present) and extruders_enabled_count > 1","int(anyExtruderWithMaterial('material_is_support_material'))","cura","8","1","0|0|;1|1|;2|2|;3|3|;4|4|"
"support_infill_extruder_nr","支撑 填充挤出机","支撑","支撑挤出机","1","VT_INT","COMBO_BOX","0","","","1","0;1;2;3;4","","Cura 路径：Support > Support Extruder > Support Infill Extruder。 来源：Cura/resources/definitions/fdmprinter.def.json。 Cura 默认值表达式：support_extruder_nr。 Cura 启用表达式：(support_enable or support_meshes_present) and extruders_enabled_count > 1。","false","","(support_enable or support_meshes_present) and extruders_enabled_count > 1","support_extruder_nr","cura","8","1","0|0|;1|1|;2|2|;3|3|;4|4|"
"support_extruder_nr_layer_0","First 层 支撑挤出机","支撑","支撑挤出机","2","VT_INT","COMBO_BOX","0","","","1","0;1;2;3;4","","Cura 路径：Support > Support Extruder > First Layer Support Extruder。 来源：Cura/resources/definitions/fdmprinter.def.json。 Cura 默认值表达式：support_extruder_nr。 Cura 启用表达式：(support_enable or support_meshes_present) and extruders_enabled_count > 1。","false","","(support_enable or support_meshes_present) and extruders_enabled_count > 1","support_extruder_nr","cura","8","1","0|0|;1|1|;2|2|;3|3|;4|4|"
"support_interface_extruder_nr","支撑 接触面 挤出机","支撑","支撑挤出机","3","VT_INT","COMBO_BOX","0","","","1","0;1;2;3;4","","Cura 路径：Support > Support Extruder > Support Interface Extruder。 来源：Cura/resources/definitions/fdmprinter.def.json。 Cura 默认值表达式：support_extruder_nr。 Cura 启用表达式：(support_enable or support_meshes_present) and extruders_enabled_count > 1 and support_interface_enable。","false","","(support_enable or support_meshes_present) and extruders_enabled_count > 1 and support_interface_enable","support_extruder_nr","cura","8","1","0|0|;1|1|;2|2|;3|3|;4|4|"
"support_roof_extruder_nr","支撑 顶面 挤出机","支撑","支撑挤出机","4","VT_INT","COMBO_BOX","0","","","1","0;1;2;3;4","","Cura 路径：Support > Support Extruder > Support Interface Extruder > Support Roof Extruder。 来源：Cura/resources/definitions/fdmprinter.def.json。 Cura 默认值表达式：support_interface_extruder_nr。 Cura 启用表达式：(support_enable or support_meshes_present) and extruders_enabled_count > 1 and support_roof_enable。","false","","(support_enable or support_meshes_present) and extruders_enabled_count > 1 and support_roof_enable","support_interface_extruder_nr","cura","8","1","0|0|;1|1|;2|2|;3|3|;4|4|"
"support_bottom_extruder_nr","支撑 底面 挤出机","支撑","支撑挤出机","5","VT_INT","COMBO_BOX","0","","","1","0;1;2;3;4","","Cura 路径：Support > Support Extruder > Support Interface Extruder > Support Floor Extruder。 来源：Cura/resources/definitions/fdmprinter.def.json。 Cura 默认值表达式：support_interface_extruder_nr。 Cura 启用表达式：(support_enable or support_meshes_present) and extruders_enabled_count > 1 and support_bottom_enable。","false","","(support_enable or support_meshes_present) and extruders_enabled_count > 1 and support_bottom_enable","support_interface_extruder_nr","cura","8","1","0|0|;1|1|;2|2|;3|3|;4|4|"
"support_z_seam_away_from_model","支撑 Z Seam Away from Model","支撑","支撑 Z Seam Away from Model","0","VT_BOOL","CHECK_BOX","true","","","","","","Cura 路径：Support > Support Z Seam Away from Model。 来源：Cura/resources/definitions/fdmprinter.def.json。 Cura 启用表达式：support_enable。","false","","support_enable","","cura","8","2",""
"support_z_seam_min_distance","Min Z Seam 距离 from Model","支撑","支撑 Z Seam Away from Model","1","VT_FLOAT","NUMERIC_BOX","0.8","","","0.01","","mm","Cura 路径：Support > Support Z Seam Away from Model > Min Z Seam Distance from Model。 来源：Cura/resources/definitions/fdmprinter.def.json。 Cura 默认值表达式：line_width * 2。 Cura 启用表达式：support_z_seam_away_from_model and support_enable。","false","","support_z_seam_away_from_model and support_enable","line_width * 2","cura","8","2",""
"support_interface_wall_count","支撑 接触面 壁线数量","支撑","支撑 接触面 壁线数量","0","VT_INT","NUMERIC_BOX","0","","","1","","","Cura 路径：Support > Support Interface Wall Line Count。 来源：Cura/resources/definitions/fdmprinter.def.json。 Cura 默认值表达式：1 if (support_interface_pattern == 'zigzag') else 0。 Cura 启用表达式：(support_enable and support_interface_enable) or support_meshes_present。","false","","(support_enable and support_interface_enable) or support_meshes_present","1 if (support_interface_pattern == 'zigzag') else 0","cura","8","3",""
"support_roof_wall_count","支撑 顶面 壁线数量","支撑","支撑 接触面 壁线数量","1","VT_INT","NUMERIC_BOX","0","","","1","","","Cura 路径：Support > Support Interface Wall Line Count > Support Roof Wall Line Count。 来源：Cura/resources/definitions/fdmprinter.def.json。 Cura 默认值表达式：support_interface_wall_count。 Cura 启用表达式：(support_enable and support_interface_enable) or support_meshes_present。","false","","(support_enable and support_interface_enable) or support_meshes_present","support_interface_wall_count","cura","8","3",""
"support_bottom_wall_count","支撑 Bottom 壁线数量","支撑","支撑 接触面 壁线数量","2","VT_INT","NUMERIC_BOX","0","","","1","","","Cura 路径：Support > Support Interface Wall Line Count > Support Bottom Wall Line Count。 来源：Cura/resources/definitions/fdmprinter.def.json。 Cura 默认值表达式：support_interface_wall_count。 Cura 启用表达式：(support_enable and support_interface_enable) or support_meshes_present。","false","","(support_enable and support_interface_enable) or support_meshes_present","support_interface_wall_count","cura","8","3",""
"support_lightning_angle","支撑 Lightning Angle","支撑","支撑 Lightning Angle","0","VT_FLOAT","NUMERIC_BOX","40","","","0.01","","°","Cura 路径：Support > Support Lightning Angle。 来源：Cura/resources/definitions/fdmprinter.def.json。 Cura 启用表达式：(support_enable or support_meshes_present) and support_line_distance > 0 and support_pattern == 'lightning'。","false","","(support_enable or support_meshes_present) and support_line_distance > 0 and support_pattern == 'lightning'","","cura","8","4",""
"support_lightning_overhang_angle","支撑 Lightning Overhang Angle","支撑","支撑 Lightning Angle","1","VT_FLOAT","NUMERIC_BOX","40","","","0.01","","°","Cura 路径：Support > Support Lightning Angle > Support Lightning Overhang Angle。 来源：Cura/resources/definitions/fdmprinter.def.json。 Cura 默认值表达式：support_lightning_angle。 Cura 启用表达式：(support_enable or support_meshes_present) and support_line_distance > 0 and support_pattern == 'lightning'。","false","","(support_enable or support_meshes_present) and support_line_distance > 0 and support_pattern == 'lightning'","support_lightning_angle","cura","8","4",""
"support_lightning_prune_angle","支撑 Lightning Prune Angle","支撑","支撑 Lightning Angle","2","VT_FLOAT","NUMERIC_BOX","40","","","0.01","","°","Cura 路径：Support > Support Lightning Angle > Support Lightning Prune Angle。 来源：Cura/resources/definitions/fdmprinter.def.json。 Cura 默认值表达式：support_lightning_angle。 Cura 启用表达式：(support_enable or support_meshes_present) and support_line_distance > 0 and support_pattern == 'lightning'。","false","","(support_enable or support_meshes_present) and support_line_distance > 0 and support_pattern == 'lightning'","support_lightning_angle","cura","8","4",""
"support_lightning_straightening_angle","支撑 Lightning Straightening Angle","支撑","支撑 Lightning Angle","3","VT_FLOAT","NUMERIC_BOX","40","","","0.01","","°","Cura 路径：Support > Support Lightning Angle > Support Lightning Straightening Angle。 来源：Cura/resources/definitions/fdmprinter.def.json。 Cura 默认值表达式：support_lightning_angle。 Cura 启用表达式：(support_enable or support_meshes_present) and support_line_distance > 0 and support_pattern == 'lightning'。","false","","(support_enable or support_meshes_present) and support_line_distance > 0 and support_pattern == 'lightning'","support_lightning_angle","cura","8","4",""
"support_infill_rate","支撑密度","支撑","支撑密度","0","VT_FLOAT","NUMERIC_BOX","15","","","0.01","","%","Cura 路径：Support > Support Density。 来源：Cura/resources/definitions/fdmprinter.def.json。 Cura 默认值表达式：15 if support_enable and support_structure == 'normal' else 0 if support_enable and support_structure == 'tree' else 15。 Cura 启用表达式：support_enable or support_meshes_present。","false","","support_enable or support_meshes_present","15 if support_enable and support_structure == 'normal' else 0 if support_enable and support_structure == 'tree' else 15","cura","8","5",""
"support_line_distance","支撑 Line 距离","支撑","支撑密度","1","VT_FLOAT","NUMERIC_BOX","2.66","","","0.01","","mm","Cura 路径：Support > Support Density > Support Line Distance。 来源：Cura/resources/definitions/fdmprinter.def.json。 Cura 默认值表达式：0 if support_infill_rate == 0 else (support_line_width * 100) / support_infill_rate * (2 if support_pattern == 'grid' else (3 if support_pattern == 'triangles' else 1))。 Cura 启用表达式：support_enable or support_meshes_present。","false","","support_enable or support_meshes_present","0 if support_infill_rate == 0 else (support_line_width * 100) / support_infill_rate * (2 if support_pattern == 'grid' else (3 if support_pattern == 'triangles' else 1))","cura","8","5",""
"support_initial_layer_line_distance","首层 支撑 Line 距离","支撑","支撑密度","2","VT_FLOAT","NUMERIC_BOX","2.66","","","0.01","","mm","Cura 路径：Support > Support Density > Initial Layer Support Line Distance。 来源：Cura/resources/definitions/fdmprinter.def.json。 Cura 默认值表达式：support_line_distance。 Cura 启用表达式：support_enable or support_meshes_present。","false","","support_enable or support_meshes_present","support_line_distance","cura","8","5",""
"support_brim_width","支撑 Brim 宽度","支撑","支撑 Brim 宽度","0","VT_FLOAT","NUMERIC_BOX","1.2","","","0.01","","mm","Cura 路径：Support > Support Brim Width。 来源：Cura/resources/definitions/fdmprinter.def.json。 Cura 默认值表达式：(skirt_brim_line_width * initial_layer_line_width_factor / 100。0) * 3。 Cura 启用表达式：(support_enable or support_meshes_present) and support_brim_enable。","false","","(support_enable or support_meshes_present) and support_brim_enable","(skirt_brim_line_width * initial_layer_line_width_factor / 100.0) * 3","cura","8","6",""
"support_brim_line_count","支撑 Brim Line Count","支撑","支撑 Brim 宽度","1","VT_INT","NUMERIC_BOX","3","","","1","","","Cura 路径：Support > Support Brim Width > Support Brim Line Count。 来源：Cura/resources/definitions/fdmprinter.def.json。 Cura 默认值表达式：round(support_brim_width / (skirt_brim_line_width * initial_layer_line_width_factor / 100。0))。 Cura 启用表达式：(support_enable or support_meshes_present) and support_brim_enable。","false","","(support_enable or support_meshes_present) and support_brim_enable","round(support_brim_width / (skirt_brim_line_width * initial_layer_line_width_factor / 100.0))","cura","8","6",""
"support_z_distance","支撑 Z 距离","支撑","支撑 Z 距离","0","VT_FLOAT","NUMERIC_BOX","0.1","","","0.01","","mm","Cura 路径：Support > Support Z Distance。 来源：Cura/resources/definitions/fdmprinter.def.json。 Cura 启用表达式：support_enable or support_meshes_present。","false","","support_enable or support_meshes_present","","cura","8","7",""
"support_top_distance","支撑 Top 距离","支撑","支撑 Z 距离","1","VT_FLOAT","NUMERIC_BOX","0.1","","","0.01","","mm","Cura 路径：Support > Support Z Distance > Support Top Distance。 来源：Cura/resources/definitions/fdmprinter.def.json。 Cura 默认值表达式：extruderValue(support_roof_extruder_nr if support_roof_enable else support_infill_extruder_nr, 'support_z_distance')。 Cura 启用表达式：support_enable or support_meshes_present。","false","","support_enable or support_meshes_present","extruderValue(support_roof_extruder_nr if support_roof_enable else support_infill_extruder_nr, 'support_z_distance')","cura","8","7",""
"support_bottom_distance","支撑 Bottom 距离","支撑","支撑 Z 距离","2","VT_FLOAT","NUMERIC_BOX","0.1","","","0.01","","mm","Cura 路径：Support > Support Z Distance > Support Bottom Distance。 来源：Cura/resources/definitions/fdmprinter.def.json。 Cura 默认值表达式：extruderValue(support_bottom_extruder_nr if support_bottom_enable else support_infill_extruder_nr, 'support_z_distance') if support_type == 'everywhere' else 0。 Cura 启用表达式：(support_enable or support_meshes_present) and resolveOrValue('support_type') == 'everywhere'。","false","","(support_enable or support_meshes_present) and resolveOrValue('support_type') == 'everywhere'","extruderValue(support_bottom_extruder_nr if support_bottom_enable else support_infill_extruder_nr, 'support_z_distance') if support_type == 'everywhere' else 0","cura","8","7",""
"support_interface_enable","Enable 支撑 接触面","支撑","Enable 支撑 接触面","0","VT_BOOL","CHECK_BOX","false","","","","","","Cura 路径：Support > Enable Support Interface。 来源：Cura/resources/definitions/fdmprinter.def.json。 Cura 启用表达式：support_enable or support_meshes_present。","false","","support_enable or support_meshes_present","","cura","8","8",""
"support_roof_enable","Enable 支撑 顶面","支撑","Enable 支撑 接触面","1","VT_BOOL","CHECK_BOX","false","","","","","","Cura 路径：Support > Enable Support Interface > Enable Support Roof。 来源：Cura/resources/definitions/fdmprinter.def.json。 Cura 默认值表达式：extruderValue(support_roof_extruder_nr, 'support_interface_enable')。 Cura 启用表达式：(support_enable or support_meshes_present) and support_interface_enable。","false","","(support_enable or support_meshes_present) and support_interface_enable","extruderValue(support_roof_extruder_nr, 'support_interface_enable')","cura","8","8",""
"support_bottom_enable","Enable 支撑 底面","支撑","Enable 支撑 接触面","2","VT_BOOL","CHECK_BOX","false","","","","","","Cura 路径：Support > Enable Support Interface > Enable Support Floor。 来源：Cura/resources/definitions/fdmprinter.def.json。 Cura 默认值表达式：extruderValue(support_bottom_extruder_nr, 'support_interface_enable')。 Cura 启用表达式：(support_enable or support_meshes_present) and support_interface_enable。","false","","(support_enable or support_meshes_present) and support_interface_enable","extruderValue(support_bottom_extruder_nr, 'support_interface_enable')","cura","8","8",""
"support_interface_height","支撑 接触面 Thickness","支撑","支撑 接触面 Thickness","0","VT_FLOAT","NUMERIC_BOX","1","","","0.01","","mm","Cura 路径：Support > Support Interface Thickness。 来源：Cura/resources/definitions/fdmprinter.def.json。 Cura 启用表达式：support_interface_enable and (support_enable or support_meshes_present)。","false","","support_interface_enable and (support_enable or support_meshes_present)","","cura","8","9",""
"support_roof_height","支撑 顶面 Thickness","支撑","支撑 接触面 Thickness","1","VT_FLOAT","NUMERIC_BOX","1","","","0.01","","mm","Cura 路径：Support > Support Interface Thickness > Support Roof Thickness。 来源：Cura/resources/definitions/fdmprinter.def.json。 Cura 默认值表达式：extruderValue(support_roof_extruder_nr, 'support_interface_height')。 Cura 启用表达式：support_roof_enable and (support_enable or support_meshes_present)。","false","","support_roof_enable and (support_enable or support_meshes_present)","extruderValue(support_roof_extruder_nr, 'support_interface_height')","cura","8","9",""
"support_bottom_height","支撑 底面 Thickness","支撑","支撑 接触面 Thickness","2","VT_FLOAT","NUMERIC_BOX","1","","","0.01","","mm","Cura 路径：Support > Support Interface Thickness > Support Floor Thickness。 来源：Cura/resources/definitions/fdmprinter.def.json。 Cura 默认值表达式：extruderValue(support_bottom_extruder_nr, 'support_interface_height')。 Cura 启用表达式：support_bottom_enable and (support_enable or support_meshes_present)。","false","","support_bottom_enable and (support_enable or support_meshes_present)","extruderValue(support_bottom_extruder_nr, 'support_interface_height')","cura","8","9",""
"support_interface_density","支撑 接触面 密度","支撑","支撑 接触面 密度","0","VT_FLOAT","NUMERIC_BOX","100","","","0.01","","%","Cura 路径：Support > Support Interface Density。 来源：Cura/resources/definitions/fdmprinter.def.json。 Cura 启用表达式：support_interface_enable and (support_enable or support_meshes_present)。","false","","support_interface_enable and (support_enable or support_meshes_present)","","cura","8","10",""
"support_roof_density","支撑 顶面 密度","支撑","支撑 接触面 密度","1","VT_FLOAT","NUMERIC_BOX","100","","","0.01","","%","Cura 路径：Support > Support Interface Density > Support Roof Density。 来源：Cura/resources/definitions/fdmprinter.def.json。 Cura 默认值表达式：extruderValue(support_roof_extruder_nr, 'support_interface_density')。 Cura 启用表达式：support_roof_enable and (support_enable or support_meshes_present)。","false","","support_roof_enable and (support_enable or support_meshes_present)","extruderValue(support_roof_extruder_nr, 'support_interface_density')","cura","8","10",""
"support_roof_line_distance","支撑 顶面 Line 距离","支撑","支撑 接触面 密度","2","VT_FLOAT","NUMERIC_BOX","0.4","","","0.01","","mm","Cura 路径：Support > Support Interface Density > Support Roof Density > Support Roof Line Distance。 来源：Cura/resources/definitions/fdmprinter.def.json。 Cura 默认值表达式：0 if support_roof_density == 0 else (support_roof_line_width * 100) / support_roof_density * (2 if support_roof_pattern == 'grid' else (3 if support_roof_pattern == 'triangles' else 1))。 Cura 启用表达式：support_roof_enable and (support_enable or support_meshes_present)。","false","","support_roof_enable and (support_enable or support_meshes_present)","0 if support_roof_density == 0 else (support_roof_line_width * 100) / support_roof_density * (2 if support_roof_pattern == 'grid' else (3 if support_roof_pattern == 'triangles' else 1))","cura","8","10",""
"support_bottom_density","支撑 底面 密度","支撑","支撑 接触面 密度","3","VT_FLOAT","NUMERIC_BOX","100","","","0.01","","%","Cura 路径：Support > Support Interface Density > Support Floor Density。 来源：Cura/resources/definitions/fdmprinter.def.json。 Cura 默认值表达式：extruderValue(support_bottom_extruder_nr, 'support_interface_density')。 Cura 启用表达式：support_bottom_enable and (support_enable or support_meshes_present)。","false","","support_bottom_enable and (support_enable or support_meshes_present)","extruderValue(support_bottom_extruder_nr, 'support_interface_density')","cura","8","10",""
"support_bottom_line_distance","支撑 底面 Line 距离","支撑","支撑 接触面 密度","4","VT_FLOAT","NUMERIC_BOX","0.4","","","0.01","","mm","Cura 路径：Support > Support Interface Density > Support Floor Density > Support Floor Line Distance。 来源：Cura/resources/definitions/fdmprinter.def.json。 Cura 默认值表达式：0 if support_bottom_density == 0 else (support_bottom_line_width * 100) / support_bottom_density * (2 if support_bottom_pattern == 'grid' else (3 if support_bottom_pattern == 'triangles' else 1))。 Cura 启用表达式：support_bottom_enable and (support_enable or support_meshes_present)。","false","","support_bottom_enable and (support_enable or support_meshes_present)","0 if support_bottom_density == 0 else (support_bottom_line_width * 100) / support_bottom_density * (2 if support_bottom_pattern == 'grid' else (3 if support_bottom_pattern == 'triangles' else 1))","cura","8","10",""
"support_interface_pattern","支撑接触面图案","支撑","支撑接触面图案","0","VT_ENUM","COMBO_BOX","concentric","","","","lines;grid;triangles;concentric;zigzag","","Cura 路径：Support > Support Interface Pattern。 来源：Cura/resources/definitions/fdmprinter.def.json。 Cura 启用表达式：support_interface_enable and (support_enable or support_meshes_present)。","false","","support_interface_enable and (support_enable or support_meshes_present)","","cura","8","11","lines|线|;grid|网格|;triangles|三角形|;concentric|同心|;zigzag|锯齿|"
"support_roof_pattern","支撑顶面图案","支撑","支撑接触面图案","1","VT_ENUM","COMBO_BOX","concentric","","","","lines;grid;triangles;concentric;zigzag","","Cura 路径：Support > Support Interface Pattern > Support Roof Pattern。 来源：Cura/resources/definitions/fdmprinter.def.json。 Cura 默认值表达式：extruderValue(support_roof_extruder_nr, 'support_interface_pattern')。 Cura 启用表达式：support_roof_enable and (support_enable or support_meshes_present)。","false","","support_roof_enable and (support_enable or support_meshes_present)","extruderValue(support_roof_extruder_nr, 'support_interface_pattern')","cura","8","11","lines|线|;grid|网格|;triangles|三角形|;concentric|同心|;zigzag|锯齿|"
"support_bottom_pattern","支撑底面图案","支撑","支撑接触面图案","2","VT_ENUM","COMBO_BOX","concentric","","","","lines;grid;triangles;concentric;zigzag","","Cura 路径：Support > Support Interface Pattern > Support Floor Pattern。 来源：Cura/resources/definitions/fdmprinter.def.json。 Cura 默认值表达式：extruderValue(support_bottom_extruder_nr, 'support_interface_pattern')。 Cura 启用表达式：support_bottom_enable and (support_enable or support_meshes_present)。","false","","support_bottom_enable and (support_enable or support_meshes_present)","extruderValue(support_bottom_extruder_nr, 'support_interface_pattern')","cura","8","11","lines|线|;grid|网格|;triangles|三角形|;concentric|同心|;zigzag|锯齿|"
"minimum_interface_area","Minimum 支撑 接触面 Area","支撑","Minimum 支撑 接触面 Area","0","VT_FLOAT","NUMERIC_BOX","1.0","","","0.01","","mm²","Cura 路径：Support > Minimum Support Interface Area。 来源：Cura/resources/definitions/fdmprinter.def.json。 Cura 启用表达式：support_interface_enable and (support_enable or support_meshes_present)。","false","","support_interface_enable and (support_enable or support_meshes_present)","","cura","8","12",""
"minimum_roof_area","Minimum 支撑 顶面 Area","支撑","Minimum 支撑 接触面 Area","1","VT_FLOAT","NUMERIC_BOX","1.0","","","0.01","","mm²","Cura 路径：Support > Minimum Support Interface Area > Minimum Support Roof Area。 来源：Cura/resources/definitions/fdmprinter.def.json。 Cura 默认值表达式：extruderValue(support_roof_extruder_nr, 'minimum_interface_area')。 Cura 启用表达式：support_roof_enable and (support_enable or support_meshes_present)。","false","","support_roof_enable and (support_enable or support_meshes_present)","extruderValue(support_roof_extruder_nr, 'minimum_interface_area')","cura","8","12",""
"minimum_bottom_area","Minimum 支撑 底面 Area","支撑","Minimum 支撑 接触面 Area","2","VT_FLOAT","NUMERIC_BOX","1.0","","","0.01","","mm²","Cura 路径：Support > Minimum Support Interface Area > Minimum Support Floor Area。 来源：Cura/resources/definitions/fdmprinter.def.json。 Cura 默认值表达式：extruderValue(support_bottom_extruder_nr, 'minimum_interface_area')。 Cura 启用表达式：support_bottom_enable and ((support_enable and support_structure == 'normal') or support_meshes_present)。","false","","support_bottom_enable and ((support_enable and support_structure == 'normal') or support_meshes_present)","extruderValue(support_bottom_extruder_nr, 'minimum_interface_area')","cura","8","12",""
"support_interface_offset","支撑 接触面 Horizontal Expansion","支撑","支撑 接触面 Horizontal Expansion","0","VT_FLOAT","NUMERIC_BOX","0.0","","","0.01","","mm","Cura 路径：Support > Support Interface Horizontal Expansion。 来源：Cura/resources/definitions/fdmprinter.def.json。 Cura 启用表达式：support_interface_enable and (support_enable or support_meshes_present)。","false","","support_interface_enable and (support_enable or support_meshes_present)","","cura","8","13",""
"support_roof_offset","支撑 顶面 Horizontal Expansion","支撑","支撑 接触面 Horizontal Expansion","1","VT_FLOAT","NUMERIC_BOX","0.0","","","0.01","","mm","Cura 路径：Support > Support Interface Horizontal Expansion > Support Roof Horizontal Expansion。 来源：Cura/resources/definitions/fdmprinter.def.json。 Cura 默认值表达式：extruderValue(support_roof_extruder_nr, 'support_interface_offset')。 Cura 启用表达式：support_roof_enable and (support_enable or support_meshes_present)。","false","","support_roof_enable and (support_enable or support_meshes_present)","extruderValue(support_roof_extruder_nr, 'support_interface_offset')","cura","8","13",""
"support_bottom_offset","支撑 底面 Horizontal Expansion","支撑","支撑 接触面 Horizontal Expansion","2","VT_FLOAT","NUMERIC_BOX","0.0","","","0.01","","mm","Cura 路径：Support > Support Interface Horizontal Expansion > Support Floor Horizontal Expansion。 来源：Cura/resources/definitions/fdmprinter.def.json。 Cura 默认值表达式：extruderValue(support_bottom_extruder_nr, 'support_interface_offset')。 Cura 启用表达式：support_bottom_enable and (support_enable or support_meshes_present)。","false","","support_bottom_enable and (support_enable or support_meshes_present)","extruderValue(support_bottom_extruder_nr, 'support_interface_offset')","cura","8","13",""
"support_interface_angles","支撑接触面走线方向","支撑","支撑接触面走线方向","0","VT_STRING","TEXT_BOX","[ ]","","","","","","Cura 路径：Support > Support Interface Line Directions。 来源：Cura/resources/definitions/fdmprinter.def.json。 列表值按文本编码到 ParameterValue。string_value。 Cura 启用表达式：(support_enable or support_meshes_present) and support_interface_enable and support_interface_pattern != 'concentric'。","false","","(support_enable or support_meshes_present) and support_interface_enable and support_interface_pattern != 'concentric'","","cura","8","14",""
"support_roof_angles","支撑顶面走线方向","支撑","支撑接触面走线方向","1","VT_STRING","TEXT_BOX","[ ]","","","","","","Cura 路径：Support > Support Interface Line Directions > Support Roof Line Directions。 来源：Cura/resources/definitions/fdmprinter.def.json。 列表值按文本编码到 ParameterValue。string_value。 Cura 默认值表达式：support_interface_angles。 Cura 启用表达式：(support_enable or support_meshes_present) and support_roof_enable and support_roof_pattern != 'concentric'。","false","","(support_enable or support_meshes_present) and support_roof_enable and support_roof_pattern != 'concentric'","support_interface_angles","cura","8","14",""
"support_bottom_angles","支撑底面走线方向","支撑","支撑接触面走线方向","2","VT_STRING","TEXT_BOX","[ ]","","","","","","Cura 路径：Support > Support Interface Line Directions > Support Floor Line Directions。 来源：Cura/resources/definitions/fdmprinter.def.json。 列表值按文本编码到 ParameterValue。string_value。 Cura 默认值表达式：support_interface_angles。 Cura 启用表达式：(support_enable or support_meshes_present) and support_bottom_enable and support_bottom_pattern != 'concentric'。","false","","(support_enable or support_meshes_present) and support_bottom_enable and support_bottom_pattern != 'concentric'","support_interface_angles","cura","8","14",""
"prime_blob_enable","Enable Prime Blob","平台附着","常规","0","VT_BOOL","CHECK_BOX","false","","","","","","Cura 路径：Build Plate Adhesion > Enable Prime Blob。 来源：Cura/resources/definitions/fdmprinter.def.json。 Cura 启用表达式：False。","false","","False","","cura","9","0",""
"extruder_prime_pos_x","挤出机 Prime X Position","平台附着","常规","1","VT_FLOAT","NUMERIC_BOX","0","","","0.01","","mm","Cura 路径：Build Plate Adhesion > Extruder Prime X Position。 来源：Cura/resources/definitions/fdmprinter.def.json。 Cura 启用表达式：False。","false","","False","","cura","9","0",""
"extruder_prime_pos_y","挤出机 Prime Y Position","平台附着","常规","2","VT_FLOAT","NUMERIC_BOX","0","","","0.01","","mm","Cura 路径：Build Plate Adhesion > Extruder Prime Y Position。 来源：Cura/resources/definitions/fdmprinter.def.json。 Cura 启用表达式：False。","false","","False","","cura","9","0",""
"adhesion_type","平台附着类型","平台附着","常规","3","VT_ENUM","COMBO_BOX","brim","","","","none;skirt;brim;raft","","Cura 路径：Build Plate Adhesion > Build Plate Adhesion Type。 来源：Cura/resources/definitions/fdmprinter.def.json。","false","","","","","9","0","none|无|;skirt|裙边|;brim|边缘|;raft|筏层|"
"skirt_line_count","Skirt Line Count","平台附着","常规","4","VT_INT","NUMERIC_BOX","1","","","1","","","Cura 路径：Build Plate Adhesion > Skirt Line Count。 来源：Cura/resources/definitions/fdmprinter.def.json。 Cura 启用表达式：resolveOrValue('adhesion_type') == 'skirt'。","false","","resolveOrValue('adhesion_type') == 'skirt'","","cura","9","0",""
"skirt_height","Skirt 高度","平台附着","常规","5","VT_INT","NUMERIC_BOX","3","","","1","","","Cura 路径：Build Plate Adhesion > Skirt Height。 来源：Cura/resources/definitions/fdmprinter.def.json。 Cura 默认值表达式：3 if resolveOrValue('skirt_gap') > 0。0 else 1。 Cura 启用表达式：resolveOrValue('adhesion_type') == 'skirt'。","false","","resolveOrValue('adhesion_type') == 'skirt'","3 if resolveOrValue('skirt_gap') > 0.0 else 1","cura","9","0",""
"skirt_gap","Skirt 距离","平台附着","常规","6","VT_FLOAT","NUMERIC_BOX","3","","","0.01","","mm","Cura 路径：Build Plate Adhesion > Skirt Distance。 来源：Cura/resources/definitions/fdmprinter.def.json。 Cura 启用表达式：resolveOrValue('adhesion_type') == 'skirt'。","false","","resolveOrValue('adhesion_type') == 'skirt'","","cura","9","0",""
"skirt_brim_minimal_length","裙边/边缘 Minimum Length","平台附着","常规","7","VT_FLOAT","NUMERIC_BOX","250","","","0.01","","mm","Cura 路径：Build Plate Adhesion > Skirt/Brim Minimum Length。 来源：Cura/resources/definitions/fdmprinter.def.json。 Cura 启用表达式：resolveOrValue('adhesion_type') == 'skirt' or resolveOrValue('adhesion_type') == 'brim'。","false","","resolveOrValue('adhesion_type') == 'skirt' or resolveOrValue('adhesion_type') == 'brim'","","cura","9","0",""
"brim_gap","Brim 距离","平台附着","常规","8","VT_FLOAT","NUMERIC_BOX","0","","","0.01","","mm","Cura 路径：Build Plate Adhesion > Brim Distance。 来源：Cura/resources/definitions/fdmprinter.def.json。 Cura 启用表达式：resolveOrValue('adhesion_type') == 'brim'。","false","","resolveOrValue('adhesion_type') == 'brim'","","cura","9","0",""
"brim_replaces_support","Brim Replaces 支撑","平台附着","常规","9","VT_BOOL","CHECK_BOX","true","","","","","","Cura 路径：Build Plate Adhesion > Brim Replaces Support。 来源：Cura/resources/definitions/fdmprinter.def.json。 Cura 启用表达式：resolveOrValue('adhesion_type') == 'brim' and (support_enable or support_meshes_present)。","false","","resolveOrValue('adhesion_type') == 'brim' and (support_enable or support_meshes_present)","","cura","9","0",""
"brim_location","边缘位置","平台附着","常规","10","VT_ENUM","COMBO_BOX","outside","","","","outside;inside;everywhere","","Cura 路径：Build Plate Adhesion > Brim Location。 来源：Cura/resources/definitions/fdmprinter.def.json。 Cura 启用表达式：resolveOrValue('adhesion_type') == 'brim'。","false","","resolveOrValue('adhesion_type') == 'brim'","","cura","9","0","outside|外侧|;inside|内侧|;everywhere|全部位置|"
"brim_inside_margin","Brim Avoid Margin","平台附着","常规","11","VT_FLOAT","NUMERIC_BOX","1.6","","","0.01","","mm","Cura 路径：Build Plate Adhesion > Brim Avoid Margin。 来源：Cura/resources/definitions/fdmprinter.def.json。 Cura 默认值表达式：line_width * 4。 Cura 启用表达式：resolveOrValue('adhesion_type') == 'brim'。","false","","resolveOrValue('adhesion_type') == 'brim'","line_width * 4","cura","9","0",""
"brim_smart_ordering","Smart Brim","平台附着","常规","12","VT_BOOL","CHECK_BOX","true","","","","","","Cura 路径：Build Plate Adhesion > Smart Brim。 来源：Cura/resources/definitions/fdmprinter.def.json。 Cura 启用表达式：resolveOrValue('adhesion_type') == 'brim'。","false","","resolveOrValue('adhesion_type') == 'brim'","","cura","9","0",""
"raft_airgap","Raft Air Gap","平台附着","常规","13","VT_FLOAT","NUMERIC_BOX","0.3","","","0.01","","mm","Cura 路径：Build Plate Adhesion > Raft Air Gap。 来源：Cura/resources/definitions/fdmprinter.def.json。 Cura 启用表达式：resolveOrValue('adhesion_type') == 'raft'。","false","","resolveOrValue('adhesion_type') == 'raft'","","cura","9","0",""
"layer_0_z_overlap","首层 Z Overlap","平台附着","常规","14","VT_FLOAT","NUMERIC_BOX","0.22","","","0.01","","mm","Cura 路径：Build Plate Adhesion > Initial Layer Z Overlap。 来源：Cura/resources/definitions/fdmprinter.def.json。 Cura 默认值表达式：raft_airgap / 2。 Cura 启用表达式：resolveOrValue('adhesion_type') == 'raft'。","false","","resolveOrValue('adhesion_type') == 'raft'","raft_airgap / 2","cura","9","0",""
"raft_base_thickness","Raft Base Thickness","平台附着","常规","15","VT_FLOAT","NUMERIC_BOX","0.3","","","0.01","","mm","Cura 路径：Build Plate Adhesion > Raft Base Thickness。 来源：Cura/resources/definitions/fdmprinter.def.json。 Cura 默认值表达式：resolveOrValue('layer_height_0') * 1。2。 Cura 启用表达式：resolveOrValue('adhesion_type') == 'raft'。","false","","resolveOrValue('adhesion_type') == 'raft'","resolveOrValue('layer_height_0') * 1.2","cura","9","0",""
"raft_base_line_width","Raft Base 线宽","平台附着","常规","16","VT_FLOAT","NUMERIC_BOX","0.8","","","0.01","","mm","Cura 路径：Build Plate Adhesion > Raft Base Line Width。 来源：Cura/resources/definitions/fdmprinter.def.json。 Cura 默认值表达式：machine_nozzle_size * 2。 Cura 启用表达式：resolveOrValue('adhesion_type') == 'raft'。","false","","resolveOrValue('adhesion_type') == 'raft'","machine_nozzle_size * 2","cura","9","0",""
"raft_base_line_spacing","Raft Base Line Spacing","平台附着","常规","17","VT_FLOAT","NUMERIC_BOX","1.6","","","0.01","","mm","Cura 路径：Build Plate Adhesion > Raft Base Line Spacing。 来源：Cura/resources/definitions/fdmprinter.def.json。 Cura 默认值表达式：raft_base_line_width * 2。 Cura 启用表达式：resolveOrValue('adhesion_type') == 'raft'。","false","","resolveOrValue('adhesion_type') == 'raft'","raft_base_line_width * 2","cura","9","0",""
"raft_interface_layers","Raft Middle 层s","平台附着","常规","18","VT_INT","NUMERIC_BOX","1","","","1","","","Cura 路径：Build Plate Adhesion > Raft Middle Layers。 来源：Cura/resources/definitions/fdmprinter.def.json。 Cura 启用表达式：resolveOrValue('adhesion_type') == 'raft'。","false","","resolveOrValue('adhesion_type') == 'raft'","","cura","9","0",""
"raft_interface_thickness","Raft Middle Thickness","平台附着","常规","19","VT_FLOAT","NUMERIC_BOX","0.15","","","0.01","","mm","Cura 路径：Build Plate Adhesion > Raft Middle Thickness。 来源：Cura/resources/definitions/fdmprinter.def.json。 Cura 默认值表达式：resolveOrValue('layer_height') * 1。5。 Cura 启用表达式：resolveOrValue('adhesion_type') == 'raft' and raft_interface_layers > 0。","false","","resolveOrValue('adhesion_type') == 'raft' and raft_interface_layers > 0","resolveOrValue('layer_height') * 1.5","cura","9","0",""
"raft_interface_line_width","Raft Middle 线宽","平台附着","常规","20","VT_FLOAT","NUMERIC_BOX","0.7","","","0.01","","mm","Cura 路径：Build Plate Adhesion > Raft Middle Line Width。 来源：Cura/resources/definitions/fdmprinter.def.json。 Cura 默认值表达式：line_width * 2。 Cura 启用表达式：resolveOrValue('adhesion_type') == 'raft' and raft_interface_layers > 0。","false","","resolveOrValue('adhesion_type') == 'raft' and raft_interface_layers > 0","line_width * 2","cura","9","0",""
"raft_interface_line_spacing","Raft Middle Spacing","平台附着","常规","21","VT_FLOAT","NUMERIC_BOX","0.9","","","0.01","","mm","Cura 路径：Build Plate Adhesion > Raft Middle Spacing。 来源：Cura/resources/definitions/fdmprinter.def.json。 Cura 默认值表达式：raft_interface_line_width + 0。2。 Cura 启用表达式：resolveOrValue('adhesion_type') == 'raft' and raft_interface_layers > 0。","false","","resolveOrValue('adhesion_type') == 'raft' and raft_interface_layers > 0","raft_interface_line_width + 0.2","cura","9","0",""
"raft_interface_z_offset","Raft 接触面 Z Offset","平台附着","常规","22","VT_FLOAT","NUMERIC_BOX","0.0","","","0.01","","mm","Cura 路径：Build Plate Adhesion > Raft Interface Z Offset。 来源：Cura/resources/definitions/fdmprinter.def.json。 Cura 启用表达式：resolveOrValue('adhesion_type') == 'raft' and raft_interface_layers > 0。","false","","resolveOrValue('adhesion_type') == 'raft' and raft_interface_layers > 0","","cura","9","0",""
"raft_surface_layers","Raft Top 层s","平台附着","常规","23","VT_INT","NUMERIC_BOX","2","","","1","","","Cura 路径：Build Plate Adhesion > Raft Top Layers。 来源：Cura/resources/definitions/fdmprinter.def.json。 Cura 启用表达式：resolveOrValue('adhesion_type') == 'raft'。","false","","resolveOrValue('adhesion_type') == 'raft'","","cura","9","0",""
"raft_surface_thickness","Raft Top 层 Thickness","平台附着","常规","24","VT_FLOAT","NUMERIC_BOX","0.1","","","0.01","","mm","Cura 路径：Build Plate Adhesion > Raft Top Layer Thickness。 来源：Cura/resources/definitions/fdmprinter.def.json。 Cura 默认值表达式：resolveOrValue('layer_height')。 Cura 启用表达式：resolveOrValue('adhesion_type') == 'raft' and raft_surface_layers > 0。","false","","resolveOrValue('adhesion_type') == 'raft' and raft_surface_layers > 0","resolveOrValue('layer_height')","cura","9","0",""
"raft_surface_line_width","Raft Top 线宽","平台附着","常规","25","VT_FLOAT","NUMERIC_BOX","0.4","","","0.01","","mm","Cura 路径：Build Plate Adhesion > Raft Top Line Width。 来源：Cura/resources/definitions/fdmprinter.def.json。 Cura 默认值表达式：line_width。 Cura 启用表达式：resolveOrValue('adhesion_type') == 'raft' and raft_surface_layers > 0。","false","","resolveOrValue('adhesion_type') == 'raft' and raft_surface_layers > 0","line_width","cura","9","0",""
"raft_surface_line_spacing","Raft Top Spacing","平台附着","常规","26","VT_FLOAT","NUMERIC_BOX","0.4","","","0.01","","mm","Cura 路径：Build Plate Adhesion > Raft Top Spacing。 来源：Cura/resources/definitions/fdmprinter.def.json。 Cura 默认值表达式：raft_surface_line_width。 Cura 启用表达式：resolveOrValue('adhesion_type') == 'raft' and raft_surface_layers > 0。","false","","resolveOrValue('adhesion_type') == 'raft' and raft_surface_layers > 0","raft_surface_line_width","cura","9","0",""
"raft_surface_z_offset","Raft Surface Z Offset","平台附着","常规","27","VT_FLOAT","NUMERIC_BOX","0.0","","","0.01","","mm","Cura 路径：Build Plate Adhesion > Raft Surface Z Offset。 来源：Cura/resources/definitions/fdmprinter.def.json。 Cura 启用表达式：resolveOrValue('adhesion_type') == 'raft' and raft_surface_layers > 0。","false","","resolveOrValue('adhesion_type') == 'raft' and raft_surface_layers > 0","","cura","9","0",""
"raft_surface_monotonic","Monotonic Raft Top Surface Order","平台附着","常规","28","VT_BOOL","CHECK_BOX","false","","","","","","Cura 路径：Build Plate Adhesion > Monotonic Raft Top Surface Order。 来源：Cura/resources/definitions/fdmprinter.def.json。 Cura 默认值表达式：skin_monotonic。 Cura 启用表达式：resolveOrValue('adhesion_type') == 'raft' and raft_surface_layers > 0。","false","","resolveOrValue('adhesion_type') == 'raft' and raft_surface_layers > 0","skin_monotonic","cura","9","0",""
"machine_scan_first_layer","Scan the first 层","平台附着","常规","29","VT_BOOL","CHECK_BOX","false","","","","","","Cura 路径：Build Plate Adhesion > Scan the first layer。 来源：Cura/resources/definitions/fdmprinter.def.json。 Cura 启用表达式：False。","false","","False","","cura","9","0",""
"adhesion_extruder_nr","平台附着挤出机","平台附着","平台附着挤出机","0","VT_INT","COMBO_BOX","-1","","","1","-1;0;1;2;3;4","","Cura 路径：Build Plate Adhesion > Build Plate Adhesion Extruder。 来源：Cura/resources/definitions/fdmprinter.def.json。 Cura 默认值表达式：int(defaultExtruderPosition()) if resolveOrValue('adhesion_type') == 'raft' else -1。 Cura 启用表达式：extruders_enabled_count > 1 and (resolveOrValue('adhesion_type') != 'none')。","false","","extruders_enabled_count > 1 and (resolveOrValue('adhesion_type') != 'none')","int(defaultExtruderPosition()) if resolveOrValue('adhesion_type') == 'raft' else -1","cura","9","1","-1|-1|;0|0|;1|1|;2|2|;3|3|;4|4|"
"skirt_brim_extruder_nr","裙边/边缘挤出机","平台附着","平台附着挤出机","1","VT_INT","COMBO_BOX","-1","","","1","-1;0;1;2;3;4","","Cura 路径：Build Plate Adhesion > Build Plate Adhesion Extruder > Skirt/Brim Extruder。 来源：Cura/resources/definitions/fdmprinter.def.json。 Cura 默认值表达式：adhesion_extruder_nr。 Cura 启用表达式：extruders_enabled_count > 1 and (resolveOrValue('adhesion_type') in ['skirt', 'brim'])。","false","","extruders_enabled_count > 1 and (resolveOrValue('adhesion_type') in ['skirt', 'brim'])","adhesion_extruder_nr","cura","9","1","-1|-1|;0|0|;1|1|;2|2|;3|3|;4|4|"
"raft_base_extruder_nr","Raft Base 挤出机","平台附着","平台附着挤出机","2","VT_INT","COMBO_BOX","0","","","1","0;1;2;3;4","","Cura 路径：Build Plate Adhesion > Build Plate Adhesion Extruder > Raft Base Extruder。 来源：Cura/resources/definitions/fdmprinter.def.json。 Cura 默认值表达式：0 if adhesion_extruder_nr == -1 else adhesion_extruder_nr。 Cura 启用表达式：extruders_enabled_count > 1 and resolveOrValue('adhesion_type') == 'raft'。","false","","extruders_enabled_count > 1 and resolveOrValue('adhesion_type') == 'raft'","0 if adhesion_extruder_nr == -1 else adhesion_extruder_nr","cura","9","1","0|0|;1|1|;2|2|;3|3|;4|4|"
"raft_interface_extruder_nr","Raft Middle 挤出机","平台附着","平台附着挤出机","3","VT_INT","COMBO_BOX","0","","","1","0;1;2;3;4","","Cura 路径：Build Plate Adhesion > Build Plate Adhesion Extruder > Raft Middle Extruder。 来源：Cura/resources/definitions/fdmprinter.def.json。 Cura 默认值表达式：0 if adhesion_extruder_nr == -1 else adhesion_extruder_nr。 Cura 启用表达式：extruders_enabled_count > 1 and resolveOrValue('adhesion_type') == 'raft'。","false","","extruders_enabled_count > 1 and resolveOrValue('adhesion_type') == 'raft'","0 if adhesion_extruder_nr == -1 else adhesion_extruder_nr","cura","9","1","0|0|;1|1|;2|2|;3|3|;4|4|"
"raft_surface_extruder_nr","Raft Top 挤出机","平台附着","平台附着挤出机","4","VT_INT","COMBO_BOX","0","","","1","0;1;2;3;4","","Cura 路径：Build Plate Adhesion > Build Plate Adhesion Extruder > Raft Top Extruder。 来源：Cura/resources/definitions/fdmprinter.def.json。 Cura 默认值表达式：0 if adhesion_extruder_nr == -1 else adhesion_extruder_nr。 Cura 启用表达式：extruders_enabled_count > 1 and resolveOrValue('adhesion_type') == 'raft'。","false","","extruders_enabled_count > 1 and resolveOrValue('adhesion_type') == 'raft'","0 if adhesion_extruder_nr == -1 else adhesion_extruder_nr","cura","9","1","0|0|;1|1|;2|2|;3|3|;4|4|"
"brim_width","Brim 宽度","平台附着","Brim 宽度","0","VT_FLOAT","NUMERIC_BOX","8.0","","","0.01","","mm","Cura 路径：Build Plate Adhesion > Brim Width。 来源：Cura/resources/definitions/fdmprinter.def.json。 Cura 启用表达式：resolveOrValue('adhesion_type') == 'brim'。","false","","resolveOrValue('adhesion_type') == 'brim'","","cura","9","2",""
"brim_line_count","Brim Line Count","平台附着","Brim 宽度","1","VT_INT","NUMERIC_BOX","20","","","1","","","Cura 路径：Build Plate Adhesion > Brim Width > Brim Line Count。 来源：Cura/resources/definitions/fdmprinter.def.json。 Cura 默认值表达式：math。ceil(brim_width / (skirt_brim_line_width * initial_layer_line_width_factor / 100。0))。 Cura 启用表达式：resolveOrValue('adhesion_type') == 'brim'。","false","","resolveOrValue('adhesion_type') == 'brim'","math.ceil(brim_width / (skirt_brim_line_width * initial_layer_line_width_factor / 100.0))","cura","9","2",""
"raft_margin","Raft Extra Margin","平台附着","Raft Extra Margin","0","VT_FLOAT","NUMERIC_BOX","15","","","0.01","","mm","Cura 路径：Build Plate Adhesion > Raft Extra Margin。 来源：Cura/resources/definitions/fdmprinter.def.json。 Cura 启用表达式：resolveOrValue('adhesion_type') == 'raft'。","false","","resolveOrValue('adhesion_type') == 'raft'","","cura","9","3",""
"raft_base_margin","Raft Base Extra Margin","平台附着","Raft Extra Margin","1","VT_FLOAT","NUMERIC_BOX","15","","","0.01","","mm","Cura 路径：Build Plate Adhesion > Raft Extra Margin > Raft Base Extra Margin。 来源：Cura/resources/definitions/fdmprinter.def.json。 Cura 默认值表达式：raft_margin。 Cura 启用表达式：resolveOrValue('adhesion_type') == 'raft'。","false","","resolveOrValue('adhesion_type') == 'raft'","raft_margin","cura","9","3",""
"raft_interface_margin","Raft Middle Extra Margin","平台附着","Raft Extra Margin","2","VT_FLOAT","NUMERIC_BOX","15","","","0.01","","mm","Cura 路径：Build Plate Adhesion > Raft Extra Margin > Raft Middle Extra Margin。 来源：Cura/resources/definitions/fdmprinter.def.json。 Cura 默认值表达式：raft_margin。 Cura 启用表达式：resolveOrValue('adhesion_type') == 'raft'。","false","","resolveOrValue('adhesion_type') == 'raft'","raft_margin","cura","9","3",""
"raft_surface_margin","Raft Top Extra Margin","平台附着","Raft Extra Margin","3","VT_FLOAT","NUMERIC_BOX","15","","","0.01","","mm","Cura 路径：Build Plate Adhesion > Raft Extra Margin > Raft Top Extra Margin。 来源：Cura/resources/definitions/fdmprinter.def.json。 Cura 默认值表达式：raft_margin。 Cura 启用表达式：resolveOrValue('adhesion_type') == 'raft'。","false","","resolveOrValue('adhesion_type') == 'raft'","raft_margin","cura","9","3",""
"raft_remove_inside_corners","Remove Raft Inside Corners","平台附着","Remove Raft Inside Corners","0","VT_BOOL","CHECK_BOX","false","","","","","","Cura 路径：Build Plate Adhesion > Remove Raft Inside Corners。 来源：Cura/resources/definitions/fdmprinter.def.json。 Cura 启用表达式：resolveOrValue('adhesion_type') == 'raft'。","false","","resolveOrValue('adhesion_type') == 'raft'","","cura","9","4",""
"raft_base_remove_inside_corners","Remove Raft Base Inside Corners","平台附着","Remove Raft Inside Corners","1","VT_BOOL","CHECK_BOX","false","","","","","","Cura 路径：Build Plate Adhesion > Remove Raft Inside Corners > Remove Raft Base Inside Corners。 来源：Cura/resources/definitions/fdmprinter.def.json。 Cura 默认值表达式：raft_remove_inside_corners。 Cura 启用表达式：resolveOrValue('adhesion_type') == 'raft'。","false","","resolveOrValue('adhesion_type') == 'raft'","raft_remove_inside_corners","cura","9","4",""
"raft_interface_remove_inside_corners","Remove Raft Middle Inside Corners","平台附着","Remove Raft Inside Corners","2","VT_BOOL","CHECK_BOX","false","","","","","","Cura 路径：Build Plate Adhesion > Remove Raft Inside Corners > Remove Raft Middle Inside Corners。 来源：Cura/resources/definitions/fdmprinter.def.json。 Cura 默认值表达式：raft_remove_inside_corners。 Cura 启用表达式：resolveOrValue('adhesion_type') == 'raft'。","false","","resolveOrValue('adhesion_type') == 'raft'","raft_remove_inside_corners","cura","9","4",""
"raft_surface_remove_inside_corners","Remove Raft Top Inside Corners","平台附着","Remove Raft Inside Corners","3","VT_BOOL","CHECK_BOX","false","","","","","","Cura 路径：Build Plate Adhesion > Remove Raft Inside Corners > Remove Raft Top Inside Corners。 来源：Cura/resources/definitions/fdmprinter.def.json。 Cura 默认值表达式：raft_remove_inside_corners。 Cura 启用表达式：resolveOrValue('adhesion_type') == 'raft'。","false","","resolveOrValue('adhesion_type') == 'raft'","raft_remove_inside_corners","cura","9","4",""
"raft_smoothing","Raft Smoothing","平台附着","Raft Smoothing","0","VT_FLOAT","NUMERIC_BOX","5","","","0.01","","mm","Cura 路径：Build Plate Adhesion > Raft Smoothing。 来源：Cura/resources/definitions/fdmprinter.def.json。 Cura 启用表达式：resolveOrValue('adhesion_type') == 'raft' and not raft_remove_inside_corners。","false","","resolveOrValue('adhesion_type') == 'raft' and not raft_remove_inside_corners","","cura","9","5",""
"raft_base_smoothing","Raft Base Smoothing","平台附着","Raft Smoothing","1","VT_FLOAT","NUMERIC_BOX","5","","","0.01","","mm","Cura 路径：Build Plate Adhesion > Raft Smoothing > Raft Base Smoothing。 来源：Cura/resources/definitions/fdmprinter.def.json。 Cura 默认值表达式：raft_smoothing。 Cura 启用表达式：resolveOrValue('adhesion_type') == 'raft' and not raft_base_remove_inside_corners。","false","","resolveOrValue('adhesion_type') == 'raft' and not raft_base_remove_inside_corners","raft_smoothing","cura","9","5",""
"raft_interface_smoothing","Raft Middle Smoothing","平台附着","Raft Smoothing","2","VT_FLOAT","NUMERIC_BOX","5","","","0.01","","mm","Cura 路径：Build Plate Adhesion > Raft Smoothing > Raft Middle Smoothing。 来源：Cura/resources/definitions/fdmprinter.def.json。 Cura 默认值表达式：raft_smoothing。 Cura 启用表达式：resolveOrValue('adhesion_type') == 'raft' and not raft_interface_remove_inside_corners。","false","","resolveOrValue('adhesion_type') == 'raft' and not raft_interface_remove_inside_corners","raft_smoothing","cura","9","5",""
"raft_surface_smoothing","Raft Top Smoothing","平台附着","Raft Smoothing","3","VT_FLOAT","NUMERIC_BOX","5","","","0.01","","mm","Cura 路径：Build Plate Adhesion > Raft Smoothing > Raft Top Smoothing。 来源：Cura/resources/definitions/fdmprinter.def.json。 Cura 默认值表达式：raft_smoothing。 Cura 启用表达式：resolveOrValue('adhesion_type') == 'raft' and not raft_surface_remove_inside_corners。","false","","resolveOrValue('adhesion_type') == 'raft' and not raft_surface_remove_inside_corners","raft_smoothing","cura","9","5",""
"raft_base_infill_overlap","Raft Base 填充 Overlap Percentage","平台附着","Raft Base 填充 Overlap Percentage","0","VT_FLOAT","NUMERIC_BOX","0","","","0.01","","%","Cura 路径：Build Plate Adhesion > Raft Base Infill Overlap Percentage。 来源：Cura/resources/definitions/fdmprinter.def.json。 Cura 启用表达式：resolveOrValue('adhesion_type') == 'raft'。","false","","resolveOrValue('adhesion_type') == 'raft'","","cura","9","6",""
"raft_base_infill_overlap_mm","Raft Base 填充 Overlap","平台附着","Raft Base 填充 Overlap Percentage","1","VT_FLOAT","NUMERIC_BOX","0.0","","","0.01","","mm","Cura 路径：Build Plate Adhesion > Raft Base Infill Overlap Percentage > Raft Base Infill Overlap。 来源：Cura/resources/definitions/fdmprinter.def.json。 Cura 默认值表达式：raft_base_line_width * raft_base_infill_overlap / 100。 Cura 启用表达式：resolveOrValue('adhesion_type') == 'raft'。","false","","resolveOrValue('adhesion_type') == 'raft'","raft_base_line_width * raft_base_infill_overlap / 100","cura","9","6",""
"raft_interface_infill_overlap","Raft 接触面 填充 Overlap Percentage","平台附着","Raft 接触面 填充 Overlap Percentage","0","VT_FLOAT","NUMERIC_BOX","0","","","0.01","","%","Cura 路径：Build Plate Adhesion > Raft Interface Infill Overlap Percentage。 来源：Cura/resources/definitions/fdmprinter.def.json。 Cura 启用表达式：resolveOrValue('adhesion_type') == 'raft'。","false","","resolveOrValue('adhesion_type') == 'raft'","","cura","9","7",""
"raft_interface_infill_overlap_mm","Raft 接触面 填充 Overlap","平台附着","Raft 接触面 填充 Overlap Percentage","1","VT_FLOAT","NUMERIC_BOX","0.0","","","0.01","","mm","Cura 路径：Build Plate Adhesion > Raft Interface Infill Overlap Percentage > Raft Interface Infill Overlap。 来源：Cura/resources/definitions/fdmprinter.def.json。 Cura 默认值表达式：raft_interface_line_width * raft_interface_infill_overlap / 100。 Cura 启用表达式：resolveOrValue('adhesion_type') == 'raft'。","false","","resolveOrValue('adhesion_type') == 'raft'","raft_interface_line_width * raft_interface_infill_overlap / 100","cura","9","7",""
"raft_surface_infill_overlap","Raft Surface 填充 Overlap Percentage","平台附着","Raft Surface 填充 Overlap Percentage","0","VT_FLOAT","NUMERIC_BOX","0","","","0.01","","%","Cura 路径：Build Plate Adhesion > Raft Surface Infill Overlap Percentage。 来源：Cura/resources/definitions/fdmprinter.def.json。 Cura 启用表达式：resolveOrValue('adhesion_type') == 'raft'。","false","","resolveOrValue('adhesion_type') == 'raft'","","cura","9","8",""
"raft_surface_infill_overlap_mm","Raft Surface 填充 Overlap","平台附着","Raft Surface 填充 Overlap Percentage","1","VT_FLOAT","NUMERIC_BOX","0.0","","","0.01","","mm","Cura 路径：Build Plate Adhesion > Raft Surface Infill Overlap Percentage > Raft Surface Infill Overlap。 来源：Cura/resources/definitions/fdmprinter.def.json。 Cura 默认值表达式：raft_surface_line_width * raft_surface_infill_overlap / 100。 Cura 启用表达式：resolveOrValue('adhesion_type') == 'raft'。","false","","resolveOrValue('adhesion_type') == 'raft'","raft_surface_line_width * raft_surface_infill_overlap / 100","cura","9","8",""
"raft_wall_count","Raft 壁 Count","平台附着","Raft 壁 Count","0","VT_INT","NUMERIC_BOX","1","","","1","","","Cura 路径：Build Plate Adhesion > Raft Wall Count。 来源：Cura/resources/definitions/fdmprinter.def.json。 Cura 启用表达式：resolveOrValue('adhesion_type') == 'raft'。","false","","resolveOrValue('adhesion_type') == 'raft'","","cura","9","9",""
"raft_base_wall_count","Raft Base 壁 Count","平台附着","Raft 壁 Count","1","VT_INT","NUMERIC_BOX","1","","","1","","","Cura 路径：Build Plate Adhesion > Raft Wall Count > Raft Base Wall Count。 来源：Cura/resources/definitions/fdmprinter.def.json。 Cura 默认值表达式：raft_wall_count。 Cura 启用表达式：resolveOrValue('adhesion_type') == 'raft'。","false","","resolveOrValue('adhesion_type') == 'raft'","raft_wall_count","cura","9","9",""
"raft_interface_wall_count","Raft Middle 壁 Count","平台附着","Raft 壁 Count","2","VT_INT","NUMERIC_BOX","0","","","1","","","Cura 路径：Build Plate Adhesion > Raft Wall Count > Raft Middle Wall Count。 来源：Cura/resources/definitions/fdmprinter.def.json。 Cura 启用表达式：resolveOrValue('adhesion_type') == 'raft'。","false","","resolveOrValue('adhesion_type') == 'raft'","","cura","9","9",""
"raft_surface_wall_count","Raft Top 壁 Count","平台附着","Raft 壁 Count","3","VT_INT","NUMERIC_BOX","0","","","1","","","Cura 路径：Build Plate Adhesion > Raft Wall Count > Raft Top Wall Count。 来源：Cura/resources/definitions/fdmprinter.def.json。 Cura 启用表达式：resolveOrValue('adhesion_type') == 'raft'。","false","","resolveOrValue('adhesion_type') == 'raft'","","cura","9","9",""
"raft_speed","Raft 打印速度","平台附着","Raft 打印速度","0","VT_FLOAT","NUMERIC_BOX","20","","","0.01","","mm/s","Cura 路径：Build Plate Adhesion > Raft Print Speed。 来源：Cura/resources/definitions/fdmprinter.def.json。 Cura 默认值表达式：speed_print / 60 * 30。 Cura 启用表达式：resolveOrValue('adhesion_type') == 'raft'。","false","","resolveOrValue('adhesion_type') == 'raft'","speed_print / 60 * 30","cura","9","10",""
"raft_base_speed","Raft Base 打印速度","平台附着","Raft 打印速度","1","VT_FLOAT","NUMERIC_BOX","15","","","0.01","","mm/s","Cura 路径：Build Plate Adhesion > Raft Print Speed > Raft Base Print Speed。 来源：Cura/resources/definitions/fdmprinter.def.json。 Cura 默认值表达式：0。75 * raft_speed。 Cura 启用表达式：resolveOrValue('adhesion_type') == 'raft'。","false","","resolveOrValue('adhesion_type') == 'raft'","0.75 * raft_speed","cura","9","10",""
"raft_interface_speed","Raft Middle 打印速度","平台附着","Raft 打印速度","2","VT_FLOAT","NUMERIC_BOX","15","","","0.01","","mm/s","Cura 路径：Build Plate Adhesion > Raft Print Speed > Raft Middle Print Speed。 来源：Cura/resources/definitions/fdmprinter.def.json。 Cura 默认值表达式：raft_speed * 0。75。 Cura 启用表达式：resolveOrValue('adhesion_type') == 'raft' and raft_interface_layers > 0。","false","","resolveOrValue('adhesion_type') == 'raft' and raft_interface_layers > 0","raft_speed * 0.75","cura","9","10",""
"raft_surface_speed","Raft Top 打印速度","平台附着","Raft 打印速度","3","VT_FLOAT","NUMERIC_BOX","20","","","0.01","","mm/s","Cura 路径：Build Plate Adhesion > Raft Print Speed > Raft Top Print Speed。 来源：Cura/resources/definitions/fdmprinter.def.json。 Cura 默认值表达式：raft_speed。 Cura 启用表达式：resolveOrValue('adhesion_type') == 'raft' and raft_surface_layers > 0。","false","","resolveOrValue('adhesion_type') == 'raft' and raft_surface_layers > 0","raft_speed","cura","9","10",""
"raft_acceleration","Raft Print Acceleration","平台附着","Raft Print Acceleration","0","VT_FLOAT","NUMERIC_BOX","3000","","","0.01","","mm/s²","Cura 路径：Build Plate Adhesion > Raft Print Acceleration。 来源：Cura/resources/definitions/fdmprinter.def.json。 Cura 默认值表达式：acceleration_print。 Cura 启用表达式：resolveOrValue('adhesion_type') == 'raft' and resolveOrValue('acceleration_enabled')。","false","","resolveOrValue('adhesion_type') == 'raft' and resolveOrValue('acceleration_enabled')","acceleration_print","cura","9","11",""
"raft_base_acceleration","Raft Base Print Acceleration","平台附着","Raft Print Acceleration","1","VT_FLOAT","NUMERIC_BOX","3000","","","0.01","","mm/s²","Cura 路径：Build Plate Adhesion > Raft Print Acceleration > Raft Base Print Acceleration。 来源：Cura/resources/definitions/fdmprinter.def.json。 Cura 默认值表达式：raft_acceleration。 Cura 启用表达式：resolveOrValue('adhesion_type') == 'raft' and resolveOrValue('acceleration_enabled')。","false","","resolveOrValue('adhesion_type') == 'raft' and resolveOrValue('acceleration_enabled')","raft_acceleration","cura","9","11",""
"raft_interface_acceleration","Raft Middle Print Acceleration","平台附着","Raft Print Acceleration","2","VT_FLOAT","NUMERIC_BOX","3000","","","0.01","","mm/s²","Cura 路径：Build Plate Adhesion > Raft Print Acceleration > Raft Middle Print Acceleration。 来源：Cura/resources/definitions/fdmprinter.def.json。 Cura 默认值表达式：raft_acceleration。 Cura 启用表达式：resolveOrValue('adhesion_type') == 'raft' and resolveOrValue('acceleration_enabled') and raft_interface_layers > 0。","false","","resolveOrValue('adhesion_type') == 'raft' and resolveOrValue('acceleration_enabled') and raft_interface_layers > 0","raft_acceleration","cura","9","11",""
"raft_surface_acceleration","Raft Top Print Acceleration","平台附着","Raft Print Acceleration","3","VT_FLOAT","NUMERIC_BOX","3000","","","0.01","","mm/s²","Cura 路径：Build Plate Adhesion > Raft Print Acceleration > Raft Top Print Acceleration。 来源：Cura/resources/definitions/fdmprinter.def.json。 Cura 默认值表达式：raft_acceleration。 Cura 启用表达式：resolveOrValue('adhesion_type') == 'raft' and resolveOrValue('acceleration_enabled') and raft_surface_layers > 0。","false","","resolveOrValue('adhesion_type') == 'raft' and resolveOrValue('acceleration_enabled') and raft_surface_layers > 0","raft_acceleration","cura","9","11",""
"raft_jerk","Raft Print Jerk","平台附着","Raft Print Jerk","0","VT_FLOAT","NUMERIC_BOX","20","","","0.01","","mm/s","Cura 路径：Build Plate Adhesion > Raft Print Jerk。 来源：Cura/resources/definitions/fdmprinter.def.json。 Cura 默认值表达式：jerk_print。 Cura 启用表达式：resolveOrValue('adhesion_type') == 'raft' and resolveOrValue('jerk_enabled')。","false","","resolveOrValue('adhesion_type') == 'raft' and resolveOrValue('jerk_enabled')","jerk_print","cura","9","12",""
"raft_base_jerk","Raft Base Print Jerk","平台附着","Raft Print Jerk","1","VT_FLOAT","NUMERIC_BOX","20","","","0.01","","mm/s","Cura 路径：Build Plate Adhesion > Raft Print Jerk > Raft Base Print Jerk。 来源：Cura/resources/definitions/fdmprinter.def.json。 Cura 默认值表达式：raft_jerk。 Cura 启用表达式：resolveOrValue('adhesion_type') == 'raft' and resolveOrValue('jerk_enabled')。","false","","resolveOrValue('adhesion_type') == 'raft' and resolveOrValue('jerk_enabled')","raft_jerk","cura","9","12",""
"raft_interface_jerk","Raft Middle Print Jerk","平台附着","Raft Print Jerk","2","VT_FLOAT","NUMERIC_BOX","20","","","0.01","","mm/s","Cura 路径：Build Plate Adhesion > Raft Print Jerk > Raft Middle Print Jerk。 来源：Cura/resources/definitions/fdmprinter.def.json。 Cura 默认值表达式：raft_jerk。 Cura 启用表达式：resolveOrValue('adhesion_type') == 'raft' and resolveOrValue('jerk_enabled') and raft_interface_layers > 0。","false","","resolveOrValue('adhesion_type') == 'raft' and resolveOrValue('jerk_enabled') and raft_interface_layers > 0","raft_jerk","cura","9","12",""
"raft_surface_jerk","Raft Top Print Jerk","平台附着","Raft Print Jerk","3","VT_FLOAT","NUMERIC_BOX","20","","","0.01","","mm/s","Cura 路径：Build Plate Adhesion > Raft Print Jerk > Raft Top Print Jerk。 来源：Cura/resources/definitions/fdmprinter.def.json。 Cura 默认值表达式：raft_jerk。 Cura 启用表达式：resolveOrValue('adhesion_type') == 'raft' and resolveOrValue('jerk_enabled') and raft_surface_layers > 0。","false","","resolveOrValue('adhesion_type') == 'raft' and resolveOrValue('jerk_enabled') and raft_surface_layers > 0","raft_jerk","cura","9","12",""
"raft_fan_speed","Raft 风扇速度","平台附着","Raft 风扇速度","0","VT_FLOAT","NUMERIC_BOX","0","","","0.01","","%","Cura 路径：Build Plate Adhesion > Raft Fan Speed。 来源：Cura/resources/definitions/fdmprinter.def.json。 Cura 启用表达式：resolveOrValue('adhesion_type') == 'raft'。","false","","resolveOrValue('adhesion_type') == 'raft'","","cura","9","13",""
"raft_base_fan_speed","Raft Base 风扇速度","平台附着","Raft 风扇速度","1","VT_FLOAT","NUMERIC_BOX","0","","","0.01","","%","Cura 路径：Build Plate Adhesion > Raft Fan Speed > Raft Base Fan Speed。 来源：Cura/resources/definitions/fdmprinter.def.json。 Cura 默认值表达式：raft_fan_speed。 Cura 启用表达式：resolveOrValue('adhesion_type') == 'raft'。","false","","resolveOrValue('adhesion_type') == 'raft'","raft_fan_speed","cura","9","13",""
"raft_interface_fan_speed","Raft Middle 风扇速度","平台附着","Raft 风扇速度","2","VT_FLOAT","NUMERIC_BOX","0","","","0.01","","%","Cura 路径：Build Plate Adhesion > Raft Fan Speed > Raft Middle Fan Speed。 来源：Cura/resources/definitions/fdmprinter.def.json。 Cura 默认值表达式：raft_fan_speed。 Cura 启用表达式：resolveOrValue('adhesion_type') == 'raft' and raft_interface_layers > 0。","false","","resolveOrValue('adhesion_type') == 'raft' and raft_interface_layers > 0","raft_fan_speed","cura","9","13",""
"raft_surface_fan_speed","Raft Top 风扇速度","平台附着","Raft 风扇速度","3","VT_FLOAT","NUMERIC_BOX","0","","","0.01","","%","Cura 路径：Build Plate Adhesion > Raft Fan Speed > Raft Top Fan Speed。 来源：Cura/resources/definitions/fdmprinter.def.json。 Cura 默认值表达式：raft_fan_speed。 Cura 启用表达式：resolveOrValue('adhesion_type') == 'raft' and raft_surface_layers > 0。","false","","resolveOrValue('adhesion_type') == 'raft' and raft_surface_layers > 0","raft_fan_speed","cura","9","13",""
"raft_flow","Raft 流量","平台附着","Raft 流量","0","VT_FLOAT","NUMERIC_BOX","100.0","","","0.01","","%","Cura 路径：Build Plate Adhesion > Raft Flow。 来源：Cura/resources/definitions/fdmprinter.def.json。 Cura 启用表达式：resolveOrValue('adhesion_type') == 'raft'。","false","","resolveOrValue('adhesion_type') == 'raft'","","cura","9","14",""
"raft_base_flow","Raft Base 流量","平台附着","Raft 流量","1","VT_FLOAT","NUMERIC_BOX","100.0","","","0.01","","%","Cura 路径：Build Plate Adhesion > Raft Flow > Raft Base Flow。 来源：Cura/resources/definitions/fdmprinter.def.json。 Cura 默认值表达式：raft_flow。 Cura 启用表达式：resolveOrValue('adhesion_type') == 'raft'。","false","","resolveOrValue('adhesion_type') == 'raft'","raft_flow","cura","9","14",""
"raft_interface_flow","Raft 接触面 流量","平台附着","Raft 流量","2","VT_FLOAT","NUMERIC_BOX","100.0","","","0.01","","%","Cura 路径：Build Plate Adhesion > Raft Flow > Raft Interface Flow。 来源：Cura/resources/definitions/fdmprinter.def.json。 Cura 默认值表达式：raft_flow。 Cura 启用表达式：resolveOrValue('adhesion_type') == 'raft'。","false","","resolveOrValue('adhesion_type') == 'raft'","raft_flow","cura","9","14",""
"raft_surface_flow","Raft Surface 流量","平台附着","Raft 流量","3","VT_FLOAT","NUMERIC_BOX","100.0","","","0.01","","%","Cura 路径：Build Plate Adhesion > Raft Flow > Raft Surface Flow。 来源：Cura/resources/definitions/fdmprinter.def.json。 Cura 默认值表达式：raft_flow。 Cura 启用表达式：resolveOrValue('adhesion_type') == 'raft'。","false","","resolveOrValue('adhesion_type') == 'raft'","raft_flow","cura","9","14",""
"prime_tower_enable","Enable 擦拭塔","双挤出","常规","0","VT_BOOL","CHECK_BOX","false","","","","","","Cura 路径：Dual Extrusion > Enable Prime Tower。 来源：Cura/resources/definitions/fdmprinter.def.json。 Cura 启用表达式：extruders_enabled_count > 1。","true","","extruders_enabled_count > 1","","cura","10","0",""
"prime_tower_mode","擦拭塔类型","双挤出","常规","1","VT_ENUM","COMBO_BOX","normal","","","","normal;interleaved","","Cura 路径：Dual Extrusion > Prime Tower Type。 来源：Cura/resources/definitions/fdmprinter.def.json。 Cura 启用表达式：prime_tower_enable。","true","","prime_tower_enable","","cura","10","0","normal|普通|;interleaved|交错|"
"prime_tower_size","擦拭塔 Size","双挤出","常规","2","VT_FLOAT","NUMERIC_BOX","20","","","0.01","","mm","Cura 路径：Dual Extrusion > Prime Tower Size。 来源：Cura/resources/definitions/fdmprinter.def.json。 Cura 启用表达式：prime_tower_enable。","true","","prime_tower_enable","","cura","10","0",""
"prime_tower_min_volume","擦拭塔 Minimum Volume","双挤出","常规","3","VT_FLOAT","NUMERIC_BOX","6","","","0.01","","mm³","Cura 路径：Dual Extrusion > Prime Tower Minimum Volume。 来源：Cura/resources/definitions/fdmprinter.def.json。 Cura 启用表达式：prime_tower_enable。","true","","prime_tower_enable","","cura","10","0",""
"prime_tower_max_bridging_distance","擦拭塔 Maximum Bridging 距离","双挤出","常规","4","VT_FLOAT","NUMERIC_BOX","5","","","0.01","","mm","Cura 路径：Dual Extrusion > Prime Tower Maximum Bridging Distance。 来源：Cura/resources/definitions/fdmprinter.def.json。 Cura 启用表达式：prime_tower_enable。","true","","prime_tower_enable","","cura","10","0",""
"prime_tower_min_shell_thickness","擦拭塔 Minimum Shell Thickness","双挤出","常规","5","VT_FLOAT","NUMERIC_BOX","0.4","","","0.01","","mm","Cura 路径：Dual Extrusion > Prime Tower Minimum Shell Thickness。 来源：Cura/resources/definitions/fdmprinter.def.json。 Cura 启用表达式：prime_tower_enable and resolveOrValue('prime_tower_mode') == 'interleaved'。","true","","prime_tower_enable and resolveOrValue('prime_tower_mode') == 'interleaved'","","cura","10","0",""
"prime_tower_position_x","擦拭塔 X Position","双挤出","常规","6","VT_FLOAT","NUMERIC_BOX","200","","","0.01","","mm","Cura 路径：Dual Extrusion > Prime Tower X Position。 来源：Cura/resources/definitions/fdmprinter.def.json。 Cura 默认值表达式：((resolveOrValue('machine_width') / 2 + resolveOrValue('prime_tower_size') / 2) if resolveOrValue('machine_shape') == 'elliptic' else (resolveOrValue('machine_width') - (resolveOrValue('prime_tower_base_size') if (resolveOrValue('adhesion_type') == 'raft' or resolveOrValue('prime_tower_brim_enable')) else 0) - max(max(extruderValues('travel_avoid_distance')) + max(extruderValues('machine_nozzle_offset_x')) + max(extruderValues('support_offset')) + (extruderValue(skirt_brim_extruder_nr, 'skirt_brim_line_width') * extruderValue(skirt_brim_extruder_nr, 'skirt_line_count') * extruderValue(skirt_brim_extruder_nr, 'initial_layer_line_width_factor') / 100 + extruderValue(skirt_brim_extruder_nr, 'skirt_gap') if resolveOrValue('adhesion_type') == 'skirt' else 0) + (resolveOrValue('draft_shield_dist') if resolveOrValue('draft_shield_enabled') else 0), max(map(abs, extruderValues('machine_nozzle_offset_x'))), 1))) - (resolveOrValue('machine_width') / 2 if resolveOrValue('machine_center_is_zero') else 0)。 Cura 启用表达式：prime_tower_enable。","true","","prime_tower_enable","((resolveOrValue('machine_width') / 2 + resolveOrValue('prime_tower_size') / 2) if resolveOrValue('machine_shape') == 'elliptic' else (resolveOrValue('machine_width') - (resolveOrValue('prime_tower_base_size') if (resolveOrValue('adhesion_type') == 'raft' or resolveOrValue('prime_tower_brim_enable')) else 0) - max(max(extruderValues('travel_avoid_distance')) + max(extruderValues('machine_nozzle_offset_x')) + max(extruderValues('support_offset')) + (extruderValue(skirt_brim_extruder_nr, 'skirt_brim_line_width') * extruderValue(skirt_brim_extruder_nr, 'skirt_line_count') * extruderValue(skirt_brim_extruder_nr, 'initial_layer_line_width_factor') / 100 + extruderValue(skirt_brim_extruder_nr, 'skirt_gap') if resolveOrValue('adhesion_type') == 'skirt' else 0) + (resolveOrValue('draft_shield_dist') if resolveOrValue('draft_shield_enabled') else 0), max(map(abs, extruderValues('machine_nozzle_offset_x'))), 1))) - (resolveOrValue('machine_width') / 2 if resolveOrValue('machine_center_is_zero') else 0)","cura","10","0",""
"prime_tower_position_y","擦拭塔 Y Position","双挤出","常规","7","VT_FLOAT","NUMERIC_BOX","200","","","0.01","","mm","Cura 路径：Dual Extrusion > Prime Tower Y Position。 来源：Cura/resources/definitions/fdmprinter.def.json。 Cura 默认值表达式：machine_depth - prime_tower_size - (resolveOrValue('prime_tower_base_size') if (resolveOrValue('adhesion_type') == 'raft' or resolveOrValue('prime_tower_brim_enable')) else 0) - max(max(extruderValues('travel_avoid_distance')) + max(extruderValues('machine_nozzle_offset_y')) + max(extruderValues('support_offset')) + (extruderValue(skirt_brim_extruder_nr, 'skirt_brim_line_width') * extruderValue(skirt_brim_extruder_nr, 'skirt_line_count') * extruderValue(skirt_brim_extruder_nr, 'initial_layer_line_width_factor') / 100 + extruderValue(skirt_brim_extruder_nr, 'skirt_gap') if resolveOrValue('adhesion_type') == 'skirt' else 0) + (resolveOrValue('draft_shield_dist') if resolveOrValue('draft_shield_enabled') else 0), max(map(abs, extruderValues('machine_nozzle_offset_y'))), 1) - (resolveOrValue('machine_depth') / 2 if resolveOrValue('machine_center_is_zero') else 0)。 Cura 启用表达式：prime_tower_enable。","true","","prime_tower_enable","machine_depth - prime_tower_size - (resolveOrValue('prime_tower_base_size') if (resolveOrValue('adhesion_type') == 'raft' or resolveOrValue('prime_tower_brim_enable')) else 0) - max(max(extruderValues('travel_avoid_distance')) + max(extruderValues('machine_nozzle_offset_y')) + max(extruderValues('support_offset')) + (extruderValue(skirt_brim_extruder_nr, 'skirt_brim_line_width') * extruderValue(skirt_brim_extruder_nr, 'skirt_line_count') * extruderValue(skirt_brim_extruder_nr, 'initial_layer_line_width_factor') / 100 + extruderValue(skirt_brim_extruder_nr, 'skirt_gap') if resolveOrValue('adhesion_type') == 'skirt' else 0) + (resolveOrValue('draft_shield_dist') if resolveOrValue('draft_shield_enabled') else 0), max(map(abs, extruderValues('machine_nozzle_offset_y'))), 1) - (resolveOrValue('machine_depth') / 2 if resolveOrValue('machine_center_is_zero') else 0)","cura","10","0",""
"prime_tower_wipe_enabled","Wipe Inactive Nozzle on 擦拭塔","双挤出","常规","8","VT_BOOL","CHECK_BOX","true","","","","","","Cura 路径：Dual Extrusion > Wipe Inactive Nozzle on Prime Tower。 来源：Cura/resources/definitions/fdmprinter.def.json。 Cura 启用表达式：prime_tower_enable。","true","","prime_tower_enable","","cura","10","0",""
"prime_tower_brim_enable","擦拭塔 Base","双挤出","常规","9","VT_BOOL","CHECK_BOX","false","","","","","","Cura 路径：Dual Extrusion > Prime Tower Base。 来源：Cura/resources/definitions/fdmprinter.def.json。 Cura 默认值表达式：resolveOrValue('adhesion_type') in ['raft', 'brim']。 Cura 启用表达式：prime_tower_enable and resolveOrValue('adhesion_type') != 'raft'。","true","","prime_tower_enable and resolveOrValue('adhesion_type') != 'raft'","resolveOrValue('adhesion_type') in ['raft', 'brim']","cura","10","0",""
"prime_tower_base_size","擦拭塔 Base Size","双挤出","常规","10","VT_FLOAT","NUMERIC_BOX","1.2","","","0.01","","mm","Cura 路径：Dual Extrusion > Prime Tower Base Size。 来源：Cura/resources/definitions/fdmprinter.def.json。 Cura 默认值表达式：resolveOrValue('raft_margin') if resolveOrValue('adhesion_type') == 'raft' else resolveOrValue('brim_width')。 Cura 启用表达式：prime_tower_enable and (resolveOrValue('prime_tower_brim_enable') or resolveOrValue('adhesion_type') == 'raft')。","true","","prime_tower_enable and (resolveOrValue('prime_tower_brim_enable') or resolveOrValue('adhesion_type') == 'raft')","resolveOrValue('raft_margin') if resolveOrValue('adhesion_type') == 'raft' else resolveOrValue('brim_width')","cura","10","0",""
"prime_tower_base_height","擦拭塔 Base 高度","双挤出","常规","11","VT_FLOAT","NUMERIC_BOX","0","","","0.01","","mm","Cura 路径：Dual Extrusion > Prime Tower Base Height。 来源：Cura/resources/definitions/fdmprinter.def.json。 Cura 默认值表达式：resolveOrValue('layer_height')。 Cura 启用表达式：prime_tower_enable and (resolveOrValue('prime_tower_brim_enable') or resolveOrValue('adhesion_type') == 'raft')。","true","","prime_tower_enable and (resolveOrValue('prime_tower_brim_enable') or resolveOrValue('adhesion_type') == 'raft')","resolveOrValue('layer_height')","cura","10","0",""
"prime_tower_base_curve_magnitude","擦拭塔 Base Slope","双挤出","常规","12","VT_FLOAT","NUMERIC_BOX","4","","","0.01","","","Cura 路径：Dual Extrusion > Prime Tower Base Slope。 来源：Cura/resources/definitions/fdmprinter.def.json。 Cura 启用表达式：prime_tower_enable and (resolveOrValue('prime_tower_brim_enable') or resolveOrValue('adhesion_type') == 'raft')。","true","","prime_tower_enable and (resolveOrValue('prime_tower_brim_enable') or resolveOrValue('adhesion_type') == 'raft')","","cura","10","0",""
"prime_tower_raft_base_line_spacing","擦拭塔 Raft Line Spacing","双挤出","常规","13","VT_FLOAT","NUMERIC_BOX","1.6","","","0.01","","mm","Cura 路径：Dual Extrusion > Prime Tower Raft Line Spacing。 来源：Cura/resources/definitions/fdmprinter.def.json。 Cura 默认值表达式：raft_base_line_spacing。 Cura 启用表达式：prime_tower_enable and resolveOrValue('adhesion_type') == 'raft'。","true","","prime_tower_enable and resolveOrValue('adhesion_type') == 'raft'","raft_base_line_spacing","cura","10","0",""
"ooze_shield_enabled","Enable Ooze Shield","双挤出","常规","14","VT_BOOL","CHECK_BOX","false","","","","","","Cura 路径：Dual Extrusion > Enable Ooze Shield。 来源：Cura/resources/definitions/fdmprinter.def.json。 Cura 启用表达式：extruders_enabled_count > 1。","true","","extruders_enabled_count > 1","","cura","10","0",""
"ooze_shield_angle","Ooze Shield Angle","双挤出","常规","15","VT_FLOAT","NUMERIC_BOX","60","","","0.01","","°","Cura 路径：Dual Extrusion > Ooze Shield Angle。 来源：Cura/resources/definitions/fdmprinter.def.json。 Cura 启用表达式：resolveOrValue('ooze_shield_enabled')。","true","","resolveOrValue('ooze_shield_enabled')","","cura","10","0",""
"ooze_shield_dist","Ooze Shield 距离","双挤出","常规","16","VT_FLOAT","NUMERIC_BOX","2","","","0.01","","mm","Cura 路径：Dual Extrusion > Ooze Shield Distance。 来源：Cura/resources/definitions/fdmprinter.def.json。 Cura 启用表达式：resolveOrValue('ooze_shield_enabled')。","true","","resolveOrValue('ooze_shield_enabled')","","cura","10","0",""
"switch_extruder_retraction_amount","Nozzle Switch Retraction 距离","双挤出","常规","17","VT_FLOAT","NUMERIC_BOX","20","","","0.01","","mm","Cura 路径：Dual Extrusion > Nozzle Switch Retraction Distance。 来源：Cura/resources/definitions/fdmprinter.def.json。 Cura 默认值表达式：machine_heat_zone_length。 Cura 启用表达式：retraction_enable and extruders_enabled_count > 1。","true","","retraction_enable and extruders_enabled_count > 1","machine_heat_zone_length","cura","10","0",""
"switch_extruder_extra_prime_amount","Nozzle Switch Extra Prime Amount","双挤出","常规","18","VT_FLOAT","NUMERIC_BOX","0","","","0.01","","mm³","Cura 路径：Dual Extrusion > Nozzle Switch Extra Prime Amount。 来源：Cura/resources/definitions/fdmprinter.def.json。 Cura 启用表达式：retraction_enable and extruders_enabled_count > 1。","true","","retraction_enable and extruders_enabled_count > 1","","cura","10","0",""
"interlocking_enable","Generate Interlocking Structure","双挤出","常规","19","VT_BOOL","CHECK_BOX","false","","","","","","Cura 路径：Dual Extrusion > Generate Interlocking Structure。 来源：Cura/resources/definitions/fdmprinter.def.json。 Cura 启用表达式：extruders_enabled_count > 1。","true","","extruders_enabled_count > 1","","cura","10","0",""
"interlocking_beam_width","Interlocking Beam 宽度","双挤出","常规","20","VT_FLOAT","NUMERIC_BOX","0.8","","","0.01","","mm","Cura 路径：Dual Extrusion > Interlocking Beam Width。 来源：Cura/resources/definitions/fdmprinter.def.json。 Cura 默认值表达式：2 * wall_line_width_0。 Cura 启用表达式：extruders_enabled_count > 1 and resolveOrValue('interlocking_enable')。","true","","extruders_enabled_count > 1 and resolveOrValue('interlocking_enable')","2 * wall_line_width_0","cura","10","0",""
"interlocking_orientation","Interlocking Structure Orientation","双挤出","常规","21","VT_FLOAT","NUMERIC_BOX","22.5","","","0.01","","°","Cura 路径：Dual Extrusion > Interlocking Structure Orientation。 来源：Cura/resources/definitions/fdmprinter.def.json。 Cura 启用表达式：extruders_enabled_count > 1 and resolveOrValue('interlocking_enable')。","true","","extruders_enabled_count > 1 and resolveOrValue('interlocking_enable')","","cura","10","0",""
"interlocking_beam_layer_count","Interlocking Beam 层 Count","双挤出","常规","22","VT_INT","NUMERIC_BOX","2","","","1","","","Cura 路径：Dual Extrusion > Interlocking Beam Layer Count。 来源：Cura/resources/definitions/fdmprinter.def.json。 Cura 启用表达式：extruders_enabled_count > 1 and resolveOrValue('interlocking_enable')。","true","","extruders_enabled_count > 1 and resolveOrValue('interlocking_enable')","","cura","10","0",""
"interlocking_depth","Interlocking Depth","双挤出","常规","23","VT_INT","NUMERIC_BOX","2","","","1","","","Cura 路径：Dual Extrusion > Interlocking Depth。 来源：Cura/resources/definitions/fdmprinter.def.json。 Cura 启用表达式：extruders_enabled_count > 1 and resolveOrValue('interlocking_enable')。","true","","extruders_enabled_count > 1 and resolveOrValue('interlocking_enable')","","cura","10","0",""
"interlocking_boundary_avoidance","Interlocking Boundary Avoidance","双挤出","常规","24","VT_INT","NUMERIC_BOX","2","","","1","","","Cura 路径：Dual Extrusion > Interlocking Boundary Avoidance。 来源：Cura/resources/definitions/fdmprinter.def.json。 Cura 启用表达式：extruders_enabled_count > 1 and resolveOrValue('interlocking_enable')。","true","","extruders_enabled_count > 1 and resolveOrValue('interlocking_enable')","","cura","10","0",""
"multi_material_paint_resolution","Multi-material Precision","双挤出","常规","25","VT_FLOAT","NUMERIC_BOX","0.2","","","0.01","","mm","Cura 路径：Dual Extrusion > Multi-material Precision。 来源：Cura/resources/definitions/fdmprinter.def.json。 Cura 默认值表达式：min(line_width / 2, layer_height)。 Cura 启用表达式：extruders_enabled_count > 1。","true","","extruders_enabled_count > 1","min(line_width / 2, layer_height)","cura","10","0",""
"multi_material_paint_depth","Multi-material Depth","双挤出","常规","26","VT_FLOAT","NUMERIC_BOX","4","","","0.01","","mm","Cura 路径：Dual Extrusion > Multi-material Depth。 来源：Cura/resources/definitions/fdmprinter.def.json。 Cura 默认值表达式：line_width * 10。 Cura 启用表达式：extruders_enabled_count > 1。","true","","extruders_enabled_count > 1","line_width * 10","cura","10","0",""
"switch_extruder_retraction_speeds","Nozzle Switch 回抽速度","双挤出","Nozzle Switch 回抽速度","0","VT_FLOAT","NUMERIC_BOX","20","","","0.01","","mm/s","Cura 路径：Dual Extrusion > Nozzle Switch Retraction Speed。 来源：Cura/resources/definitions/fdmprinter.def.json。 Cura 启用表达式：retraction_enable and extruders_enabled_count > 1。","true","","retraction_enable and extruders_enabled_count > 1","","cura","10","1",""
"switch_extruder_retraction_speed","Nozzle Switch Retract 速度","双挤出","Nozzle Switch 回抽速度","1","VT_FLOAT","NUMERIC_BOX","20","","","0.01","","mm/s","Cura 路径：Dual Extrusion > Nozzle Switch Retraction Speed > Nozzle Switch Retract Speed。 来源：Cura/resources/definitions/fdmprinter.def.json。 Cura 默认值表达式：switch_extruder_retraction_speeds。 Cura 启用表达式：retraction_enable and extruders_enabled_count > 1。","true","","retraction_enable and extruders_enabled_count > 1","switch_extruder_retraction_speeds","cura","10","1",""
"switch_extruder_prime_speed","Nozzle Switch Prime 速度","双挤出","Nozzle Switch 回抽速度","2","VT_FLOAT","NUMERIC_BOX","20","","","0.01","","mm/s","Cura 路径：Dual Extrusion > Nozzle Switch Retraction Speed > Nozzle Switch Prime Speed。 来源：Cura/resources/definitions/fdmprinter.def.json。 Cura 默认值表达式：switch_extruder_retraction_speeds。 Cura 启用表达式：retraction_enable and extruders_enabled_count > 1。","true","","retraction_enable and extruders_enabled_count > 1","switch_extruder_retraction_speeds","cura","10","1",""
"meshfix_union_all","Union Overlapping Volumes","网格修复","常规","0","VT_BOOL","CHECK_BOX","true","","","","","","Cura 路径：Mesh Fixes > Union Overlapping Volumes。 来源：Cura/resources/definitions/fdmprinter.def.json。 Cura 默认值表达式：magic_mesh_surface_mode != 'surface'。","true","","","magic_mesh_surface_mode != 'surface'","cura","11","0",""
"meshfix_union_all_remove_holes","Remove All Holes","网格修复","常规","1","VT_BOOL","CHECK_BOX","false","","","","","","Cura 路径：Mesh Fixes > Remove All Holes。 来源：Cura/resources/definitions/fdmprinter.def.json。 Cura 默认值表达式：magic_spiralize。","true","","","magic_spiralize","cura","11","0",""
"meshfix_extensive_stitching","Extensive Stitching","网格修复","常规","2","VT_BOOL","CHECK_BOX","false","","","","","","Cura 路径：Mesh Fixes > Extensive Stitching。 来源：Cura/resources/definitions/fdmprinter.def.json。","true","","","","","11","0",""
"meshfix_keep_open_polygons","Keep Disconnected Faces","网格修复","常规","3","VT_BOOL","CHECK_BOX","false","","","","","","Cura 路径：Mesh Fixes > Keep Disconnected Faces。 来源：Cura/resources/definitions/fdmprinter.def.json。","true","","","","","11","0",""
"multiple_mesh_overlap","Merged Meshes Overlap","网格修复","常规","4","VT_FLOAT","NUMERIC_BOX","0.15","","","0.01","","mm","Cura 路径：Mesh Fixes > Merged Meshes Overlap。 来源：Cura/resources/definitions/fdmprinter.def.json。","true","","","","","11","0",""
"carve_multiple_volumes","Remove Mesh Intersection","网格修复","常规","5","VT_BOOL","CHECK_BOX","true","","","","","","Cura 路径：Mesh Fixes > Remove Mesh Intersection。 来源：Cura/resources/definitions/fdmprinter.def.json。 Cura 默认值表达式：extruders_enabled_count > 1。 Cura 启用表达式：all(p != 'surface' for p in extruderValues('magic_mesh_surface_mode'))。","true","","all(p != 'surface' for p in extruderValues('magic_mesh_surface_mode'))","extruders_enabled_count > 1","cura","11","0",""
"alternate_carve_order","Alternate Mesh Removal","网格修复","常规","6","VT_BOOL","CHECK_BOX","true","","","","","","Cura 路径：Mesh Fixes > Alternate Mesh Removal。 来源：Cura/resources/definitions/fdmprinter.def.json。 Cura 启用表达式：carve_multiple_volumes and all(p != 'surface' for p in extruderValues('magic_mesh_surface_mode'))。","true","","carve_multiple_volumes and all(p != 'surface' for p in extruderValues('magic_mesh_surface_mode'))","","cura","11","0",""
"remove_empty_first_layers","Remove Empty First 层s","网格修复","常规","7","VT_BOOL","CHECK_BOX","true","","","","","","Cura 路径：Mesh Fixes > Remove Empty First Layers。 来源：Cura/resources/definitions/fdmprinter.def.json。 Cura 启用表达式：not (support_enable or support_meshes_present)。","true","","not (support_enable or support_meshes_present)","","cura","11","0",""
"meshfix_maximum_resolution","Maximum Resolution","网格修复","常规","8","VT_FLOAT","NUMERIC_BOX","0.5","","","0.01","","mm","Cura 路径：Mesh Fixes > Maximum Resolution。 来源：Cura/resources/definitions/fdmprinter.def.json。","true","","","","","11","0",""
"meshfix_maximum_travel_resolution","Maximum 移动 Resolution","网格修复","常规","9","VT_FLOAT","NUMERIC_BOX","1.0","","","0.01","","mm","Cura 路径：Mesh Fixes > Maximum Travel Resolution。 来源：Cura/resources/definitions/fdmprinter.def.json。 Cura 默认值表达式：min(meshfix_maximum_resolution * speed_travel / speed_print, 2 * line_width)。","true","","","min(meshfix_maximum_resolution * speed_travel / speed_print, 2 * line_width)","cura","11","0",""
"meshfix_maximum_deviation","Maximum Deviation","网格修复","常规","10","VT_FLOAT","NUMERIC_BOX","0.025","","","0.01","","mm","Cura 路径：Mesh Fixes > Maximum Deviation。 来源：Cura/resources/definitions/fdmprinter.def.json。","true","","","","","11","0",""
"meshfix_maximum_extrusion_area_deviation","Maximum Extrusion Area Deviation","网格修复","常规","11","VT_FLOAT","NUMERIC_BOX","50000","","","0.01","","μm²","Cura 路径：Mesh Fixes > Maximum Extrusion Area Deviation。 来源：Cura/resources/definitions/fdmprinter.def.json。","true","","","","","11","0",""
"meshfix_fluid_motion_enabled","Enable Fluid Motion","网格修复","常规","12","VT_BOOL","CHECK_BOX","true","","","","","","Cura 路径：Mesh Fixes > Enable Fluid Motion。 来源：Cura/resources/definitions/fdmprinter.def.json。","true","","","","","11","0",""
"meshfix_fluid_motion_shift_distance","Fluid Motion Shift 距离","网格修复","常规","13","VT_FLOAT","NUMERIC_BOX","0.1","","","0.01","","mm","Cura 路径：Mesh Fixes > Fluid Motion Shift Distance。 来源：Cura/resources/definitions/fdmprinter.def.json。 Cura 启用表达式：meshfix_fluid_motion_enabled。","true","","meshfix_fluid_motion_enabled","","cura","11","0",""
"meshfix_fluid_motion_small_distance","Fluid Motion Small 距离","网格修复","常规","14","VT_FLOAT","NUMERIC_BOX","0.01","","","0.01","","mm","Cura 路径：Mesh Fixes > Fluid Motion Small Distance。 来源：Cura/resources/definitions/fdmprinter.def.json。 Cura 启用表达式：meshfix_fluid_motion_enabled。","true","","meshfix_fluid_motion_enabled","","cura","11","0",""
"meshfix_fluid_motion_angle","Fluid Motion Angle","网格修复","常规","15","VT_FLOAT","NUMERIC_BOX","15","","","0.01","","°","Cura 路径：Mesh Fixes > Fluid Motion Angle。 来源：Cura/resources/definitions/fdmprinter.def.json。 Cura 启用表达式：meshfix_fluid_motion_enabled。","true","","meshfix_fluid_motion_enabled","","cura","11","0",""
"print_sequence","打印顺序","特殊模式","常规","0","VT_ENUM","COMBO_BOX","all_at_once","","","","all_at_once;one_at_a_time","","Cura 路径：Special Modes > Print Sequence。 来源：Cura/resources/definitions/fdmprinter.def.json。 Cura 启用表达式：extruders_enabled_count == 1。","true","","extruders_enabled_count == 1","","cura","12","0","all_at_once|一次全部|;one_at_a_time|逐个|"
"user_defined_print_order_enabled","Set 打印顺序 Manually","特殊模式","常规","1","VT_BOOL","CHECK_BOX","false","","","","","","Cura 路径：Special Modes > Set Print Sequence Manually。 来源：Cura/resources/definitions/fdmprinter.def.json。 Cura 启用表达式：print_sequence == 'one_at_a_time'。","true","","print_sequence == 'one_at_a_time'","","cura","12","0",""
"infill_mesh","填充 Mesh","特殊模式","常规","2","VT_BOOL","CHECK_BOX","false","","","","","","Cura 路径：Special Modes > Infill Mesh。 来源：Cura/resources/definitions/fdmprinter.def.json。","true","","","","","12","0",""
"infill_mesh_order","Mesh Processing Rank","特殊模式","常规","3","VT_INT","NUMERIC_BOX","0","","","1","","","Cura 路径：Special Modes > Mesh Processing Rank。 来源：Cura/resources/definitions/fdmprinter.def.json。 Cura 默认值表达式：1 if infill_mesh else 0。","true","","","1 if infill_mesh else 0","cura","12","0",""
"cutting_mesh","Cutting Mesh","特殊模式","常规","4","VT_BOOL","CHECK_BOX","false","","","","","","Cura 路径：Special Modes > Cutting Mesh。 来源：Cura/resources/definitions/fdmprinter.def.json。","true","","","","","12","0",""
"mold_enabled","Mold","特殊模式","常规","5","VT_BOOL","CHECK_BOX","false","","","","","","Cura 路径：Special Modes > Mold。 来源：Cura/resources/definitions/fdmprinter.def.json。","true","","","","","12","0",""
"mold_width","Minimal Mold 宽度","特殊模式","常规","6","VT_FLOAT","NUMERIC_BOX","5","","","0.01","","mm","Cura 路径：Special Modes > Minimal Mold Width。 来源：Cura/resources/definitions/fdmprinter.def.json。 Cura 启用表达式：mold_enabled。","true","","mold_enabled","","cura","12","0",""
"mold_roof_height","Mold 顶面 高度","特殊模式","常规","7","VT_FLOAT","NUMERIC_BOX","0.5","","","0.01","","mm","Cura 路径：Special Modes > Mold Roof Height。 来源：Cura/resources/definitions/fdmprinter.def.json。 Cura 启用表达式：mold_enabled。","true","","mold_enabled","","cura","12","0",""
"mold_angle","Mold Angle","特殊模式","常规","8","VT_FLOAT","NUMERIC_BOX","40","","","0.01","","°","Cura 路径：Special Modes > Mold Angle。 来源：Cura/resources/definitions/fdmprinter.def.json。 Cura 启用表达式：mold_enabled。","true","","mold_enabled","","cura","12","0",""
"support_mesh","支撑 Mesh","特殊模式","常规","9","VT_BOOL","CHECK_BOX","false","","","","","","Cura 路径：Special Modes > Support Mesh。 来源：Cura/resources/definitions/fdmprinter.def.json。","true","","","","","12","0",""
"anti_overhang_mesh","Anti Overhang Mesh","特殊模式","常规","10","VT_BOOL","CHECK_BOX","false","","","","","","Cura 路径：Special Modes > Anti Overhang Mesh。 来源：Cura/resources/definitions/fdmprinter.def.json。","true","","","","","12","0",""
"magic_mesh_surface_mode","表面模式","特殊模式","常规","11","VT_ENUM","COMBO_BOX","normal","","","","normal;surface;both","","Cura 路径：Special Modes > Surface Mode。 来源：Cura/resources/definitions/fdmprinter.def.json。","true","","","","","12","0","normal|普通|;surface|表面|;both|两者|"
"magic_spiralize","Spiralize Outer Contour","特殊模式","常规","12","VT_BOOL","CHECK_BOX","false","","","","","","Cura 路径：Special Modes > Spiralize Outer Contour。 来源：Cura/resources/definitions/fdmprinter.def.json。","true","","","","","12","0",""
"smooth_spiralized_contours","Smooth Spiralized Contours","特殊模式","常规","13","VT_BOOL","CHECK_BOX","true","","","","","","Cura 路径：Special Modes > Smooth Spiralized Contours。 来源：Cura/resources/definitions/fdmprinter.def.json。 Cura 启用表达式：magic_spiralize。","true","","magic_spiralize","","cura","12","0",""
"relative_extrusion","Relative Extrusion","特殊模式","常规","14","VT_BOOL","CHECK_BOX","false","","","","","","Cura 路径：Special Modes > Relative Extrusion。 来源：Cura/resources/definitions/fdmprinter.def.json。 Cura 默认值表达式：machine_gcode_flavor==""RepRap (RepRap)""。","true","","","machine_gcode_flavor==""RepRap (RepRap)""","cura","12","0",""
"slicing_tolerance","切片容差","实验","常规","0","VT_ENUM","COMBO_BOX","middle","","","","middle;exclusive;inclusive","","Cura 路径：Experimental > Slicing Tolerance。 来源：Cura/resources/definitions/fdmprinter.def.json。","true","","","","","13","0","middle|中间|;exclusive|排除|;inclusive|包含|"
"infill_enable_travel_optimization","填充 移动 Optimization","实验","常规","1","VT_BOOL","CHECK_BOX","false","","","","","","Cura 路径：Experimental > Infill Travel Optimization。 来源：Cura/resources/definitions/fdmprinter.def.json。 Cura 启用表达式：resolveOrValue('retraction_combing') != 'off'。","true","","resolveOrValue('retraction_combing') != 'off'","","cura","13","0",""
"minimum_polygon_circumference","Minimum Polygon Circumference","实验","常规","2","VT_FLOAT","NUMERIC_BOX","1.0","","","0.01","","mm","Cura 路径：Experimental > Minimum Polygon Circumference。 来源：Cura/resources/definitions/fdmprinter.def.json。","true","","","","","13","0",""
"support_skip_some_zags","Break Up 支撑 In Chunks","实验","常规","3","VT_BOOL","CHECK_BOX","false","","","","","","Cura 路径：Experimental > Break Up Support In Chunks。 来源：Cura/resources/definitions/fdmprinter.def.json。 Cura 启用表达式：(support_enable  or support_meshes_present) and support_pattern == 'zigzag'。","true","","(support_enable  or support_meshes_present) and support_pattern == 'zigzag'","","cura","13","0",""
"draft_shield_enabled","Enable Draft Shield","实验","常规","4","VT_BOOL","CHECK_BOX","false","","","","","","Cura 路径：Experimental > Enable Draft Shield。 来源：Cura/resources/definitions/fdmprinter.def.json。","true","","","","","13","0",""
"draft_shield_dist","Draft Shield X/Y 距离","实验","常规","5","VT_FLOAT","NUMERIC_BOX","10","","","0.01","","mm","Cura 路径：Experimental > Draft Shield X/Y Distance。 来源：Cura/resources/definitions/fdmprinter.def.json。 Cura 启用表达式：draft_shield_enabled。","true","","draft_shield_enabled","","cura","13","0",""
"draft_shield_height_limitation","防风罩限制","实验","常规","6","VT_ENUM","COMBO_BOX","full","","","","full;limited","","Cura 路径：Experimental > Draft Shield Limitation。 来源：Cura/resources/definitions/fdmprinter.def.json。 Cura 启用表达式：draft_shield_enabled。","true","","draft_shield_enabled","","cura","13","0","full|完整|;limited|限制|"
"draft_shield_height","Draft Shield 高度","实验","常规","7","VT_FLOAT","NUMERIC_BOX","10","","","0.01","","mm","Cura 路径：Experimental > Draft Shield Height。 来源：Cura/resources/definitions/fdmprinter.def.json。 Cura 默认值表达式：10。 Cura 启用表达式：draft_shield_enabled and draft_shield_height_limitation == 'limited'。","true","","draft_shield_enabled and draft_shield_height_limitation == 'limited'","10","cura","13","0",""
"conical_overhang_enabled","Make Overhang Printable","实验","常规","8","VT_BOOL","CHECK_BOX","false","","","","","","Cura 路径：Experimental > Make Overhang Printable。 来源：Cura/resources/definitions/fdmprinter.def.json。","true","","","","","13","0",""
"conical_overhang_angle","Maximum Model Angle","实验","常规","9","VT_FLOAT","NUMERIC_BOX","50","","","0.01","","°","Cura 路径：Experimental > Maximum Model Angle。 来源：Cura/resources/definitions/fdmprinter.def.json。 Cura 启用表达式：conical_overhang_enabled。","true","","conical_overhang_enabled","","cura","13","0",""
"conical_overhang_hole_size","Maximum Overhang Hole Area","实验","常规","10","VT_FLOAT","NUMERIC_BOX","0","","","0.01","","mm²","Cura 路径：Experimental > Maximum Overhang Hole Area。 来源：Cura/resources/definitions/fdmprinter.def.json。 Cura 启用表达式：conical_overhang_enabled。","true","","conical_overhang_enabled","","cura","13","0",""
"coasting_enable","Enable Coasting","实验","常规","11","VT_BOOL","CHECK_BOX","false","","","","","","Cura 路径：Experimental > Enable Coasting。 来源：Cura/resources/definitions/fdmprinter.def.json。","true","","","","","13","0",""
"coasting_volume","Coasting Volume","实验","常规","12","VT_FLOAT","NUMERIC_BOX","0.064","","","0.01","","mm³","Cura 路径：Experimental > Coasting Volume。 来源：Cura/resources/definitions/fdmprinter.def.json。 Cura 启用表达式：coasting_enable。","true","","coasting_enable","","cura","13","0",""
"coasting_min_volume","Minimum Volume Before Coasting","实验","常规","13","VT_FLOAT","NUMERIC_BOX","0.8","","","0.01","","mm³","Cura 路径：Experimental > Minimum Volume Before Coasting。 来源：Cura/resources/definitions/fdmprinter.def.json。 Cura 启用表达式：coasting_enable。","true","","coasting_enable","","cura","13","0",""
"coasting_speed","Coasting 速度","实验","常规","14","VT_FLOAT","NUMERIC_BOX","90","","","0.01","","%","Cura 路径：Experimental > Coasting Speed。 来源：Cura/resources/definitions/fdmprinter.def.json。 Cura 启用表达式：coasting_enable。","true","","coasting_enable","","cura","13","0",""
"cross_infill_pocket_size","Cross 3D Pocket Size","实验","常规","15","VT_FLOAT","NUMERIC_BOX","2.0","","","0.01","","mm","Cura 路径：Experimental > Cross 3D Pocket Size。 来源：Cura/resources/definitions/fdmprinter.def.json。 Cura 默认值表达式：infill_line_distance。 Cura 启用表达式：infill_pattern == 'cross_3d'。","true","","infill_pattern == 'cross_3d'","infill_line_distance","cura","13","0",""
"support_conical_enabled","Enable Conical 支撑","实验","常规","16","VT_BOOL","CHECK_BOX","false","","","","","","Cura 路径：Experimental > Enable Conical Support。 来源：Cura/resources/definitions/fdmprinter.def.json。 Cura 启用表达式：support_enable and support_structure != 'tree'。","true","","support_enable and support_structure != 'tree'","","cura","13","0",""
"support_conical_angle","Conical 支撑角度","实验","常规","17","VT_FLOAT","NUMERIC_BOX","30","","","0.01","","°","Cura 路径：Experimental > Conical Support Angle。 来源：Cura/resources/definitions/fdmprinter.def.json。 Cura 启用表达式：support_conical_enabled and support_enable and support_structure != 'tree'。","true","","support_conical_enabled and support_enable and support_structure != 'tree'","","cura","13","0",""
"support_conical_min_width","Conical 支撑 Minimum 宽度","实验","常规","18","VT_FLOAT","NUMERIC_BOX","5.0","","","0.01","","mm","Cura 路径：Experimental > Conical Support Minimum Width。 来源：Cura/resources/definitions/fdmprinter.def.json。 Cura 启用表达式：support_conical_enabled and support_enable and support_structure != 'tree' and support_conical_angle > 0。","true","","support_conical_enabled and support_enable and support_structure != 'tree' and support_conical_angle > 0","","cura","13","0",""
"magic_fuzzy_skin_enabled","Fuzzy Skin","实验","常规","19","VT_BOOL","CHECK_BOX","false","","","","","","Cura 路径：Experimental > Fuzzy Skin。 来源：Cura/resources/definitions/fdmprinter.def.json。 Cura 启用表达式：not interlocking_enable。","true","","not interlocking_enable","","cura","13","0",""
"magic_fuzzy_skin_outside_only","Fuzzy Skin Outside Only","实验","常规","20","VT_BOOL","CHECK_BOX","false","","","","","","Cura 路径：Experimental > Fuzzy Skin Outside Only。 来源：Cura/resources/definitions/fdmprinter.def.json。 Cura 启用表达式：magic_fuzzy_skin_enabled and not interlocking_enable。","true","","magic_fuzzy_skin_enabled and not interlocking_enable","","cura","13","0",""
"magic_fuzzy_skin_thickness","Fuzzy Skin Thickness","实验","常规","21","VT_FLOAT","NUMERIC_BOX","0.3","","","0.01","","mm","Cura 路径：Experimental > Fuzzy Skin Thickness。 来源：Cura/resources/definitions/fdmprinter.def.json。 Cura 启用表达式：magic_fuzzy_skin_enabled and not interlocking_enable。","true","","magic_fuzzy_skin_enabled and not interlocking_enable","","cura","13","0",""
"flow_rate_max_extrusion_offset","流量 Rate Compensation Max Extrusion Offset","实验","常规","22","VT_FLOAT","NUMERIC_BOX","0","","","0.01","","mm","Cura 路径：Experimental > Flow Rate Compensation Max Extrusion Offset。 来源：Cura/resources/definitions/fdmprinter.def.json。","true","","","","","13","0",""
"flow_rate_extrusion_offset_factor","流量 Rate Compensation Factor","实验","常规","23","VT_FLOAT","NUMERIC_BOX","100","","","0.01","","%","Cura 路径：Experimental > Flow Rate Compensation Factor。 来源：Cura/resources/definitions/fdmprinter.def.json。","true","","","","","13","0",""
"adaptive_layer_height_enabled","Use Adaptive 层s","实验","常规","24","VT_BOOL","CHECK_BOX","false","","","","","","Cura 路径：Experimental > Use Adaptive Layers。 来源：Cura/resources/definitions/fdmprinter.def.json。","true","","","","","13","0",""
"adaptive_layer_height_variation","Adaptive 层s Maximum Variation","实验","常规","25","VT_FLOAT","NUMERIC_BOX","0.1","","","0.01","","mm","Cura 路径：Experimental > Adaptive Layers Maximum Variation。 来源：Cura/resources/definitions/fdmprinter.def.json。 Cura 启用表达式：adaptive_layer_height_enabled。","true","","adaptive_layer_height_enabled","","cura","13","0",""
"adaptive_layer_height_variation_step","Adaptive 层s Variation Step Size","实验","常规","26","VT_FLOAT","NUMERIC_BOX","0.01","","","0.01","","mm","Cura 路径：Experimental > Adaptive Layers Variation Step Size。 来源：Cura/resources/definitions/fdmprinter.def.json。 Cura 启用表达式：adaptive_layer_height_enabled。","true","","adaptive_layer_height_enabled","","cura","13","0",""
"adaptive_layer_height_threshold","Adaptive 层s Topography Size","实验","常规","27","VT_FLOAT","NUMERIC_BOX","0.2","","","0.01","","mm","Cura 路径：Experimental > Adaptive Layers Topography Size。 来源：Cura/resources/definitions/fdmprinter.def.json。 Cura 启用表达式：adaptive_layer_height_enabled。","true","","adaptive_layer_height_enabled","","cura","13","0",""
"wall_overhang_angle","Overhanging 壁 Angle","实验","常规","28","VT_FLOAT","NUMERIC_BOX","90","","","0.01","","°","Cura 路径：Experimental > Overhanging Wall Angle。 来源：Cura/resources/definitions/fdmprinter.def.json。","true","","","","","13","0",""
"cool_min_layer_time_overhang","最小层时间 with Overhang","实验","常规","29","VT_FLOAT","NUMERIC_BOX","5","","","0.01","","s","Cura 路径：Experimental > Minimum Layer Time with Overhang。 来源：Cura/resources/definitions/fdmprinter.def.json。 Cura 默认值表达式：cool_min_layer_time。 Cura 启用表达式：wall_overhang_angle < 90。","true","","wall_overhang_angle < 90","cool_min_layer_time","cura","13","0",""
"cool_min_layer_time_overhang_min_segment_length","Minimum Overhang Segment Length","实验","常规","30","VT_FLOAT","NUMERIC_BOX","5","","","0.01","","mm","Cura 路径：Experimental > Minimum Overhang Segment Length。 来源：Cura/resources/definitions/fdmprinter.def.json。 Cura 启用表达式：wall_overhang_angle < 90。","true","","wall_overhang_angle < 90","","cura","13","0",""
"seam_overhang_angle","Seam Overhanging 壁 Angle","实验","常规","31","VT_FLOAT","NUMERIC_BOX","90","","","0.01","","°","Cura 路径：Experimental > Seam Overhanging Wall Angle。 来源：Cura/resources/definitions/fdmprinter.def.json。 Cura 默认值表达式：support_angle。","true","","","support_angle","cura","13","0",""
"wall_overhang_speed_factors","悬垂壁速度","实验","常规","32","VT_STRING","TEXT_BOX","[100]","","","","","%","Cura 路径：Experimental > Overhanging Wall Speeds。 来源：Cura/resources/definitions/fdmprinter.def.json。 列表值按文本编码到 ParameterValue。string_value。 Cura 启用表达式：wall_overhang_angle < 90。","true","","wall_overhang_angle < 90","","cura","13","0",""
"bridge_settings_enabled","Enable Bridge Settings","实验","常规","33","VT_BOOL","CHECK_BOX","false","","","","","","Cura 路径：Experimental > Enable Bridge Settings。 来源：Cura/resources/definitions/fdmprinter.def.json。","true","","","","","13","0",""
"bridge_wall_min_length","Minimum Bridge 壁 Length","实验","常规","34","VT_FLOAT","NUMERIC_BOX","5","","","0.01","","mm","Cura 路径：Experimental > Minimum Bridge Wall Length。 来源：Cura/resources/definitions/fdmprinter.def.json。 Cura 默认值表达式：line_width + support_xy_distance + 1。0。 Cura 启用表达式：bridge_settings_enabled。","true","","bridge_settings_enabled","line_width + support_xy_distance + 1.0","cura","13","0",""
"bridge_skin_support_threshold","Bridge Skin 支撑 Threshold","实验","常规","35","VT_FLOAT","NUMERIC_BOX","50","","","0.01","","%","Cura 路径：Experimental > Bridge Skin Support Threshold。 来源：Cura/resources/definitions/fdmprinter.def.json。 Cura 启用表达式：bridge_settings_enabled。","true","","bridge_settings_enabled","","cura","13","0",""
"bridge_wall_coast","Bridge 壁 Coasting","实验","常规","36","VT_FLOAT","NUMERIC_BOX","100","","","0.01","","%","Cura 路径：Experimental > Bridge Wall Coasting。 来源：Cura/resources/definitions/fdmprinter.def.json。 Cura 启用表达式：bridge_settings_enabled。","true","","bridge_settings_enabled","","cura","13","0",""
"bridge_wall_speed","Bridge 壁 速度","实验","常规","37","VT_FLOAT","NUMERIC_BOX","15","","","0.01","","mm/s","Cura 路径：Experimental > Bridge Wall Speed。 来源：Cura/resources/definitions/fdmprinter.def.json。 Cura 默认值表达式：max(cool_min_speed, speed_wall_0 / 2)。 Cura 启用表达式：bridge_settings_enabled。","true","","bridge_settings_enabled","max(cool_min_speed, speed_wall_0 / 2)","cura","13","0",""
"bridge_wall_material_flow","Bridge 壁 流量","实验","常规","38","VT_FLOAT","NUMERIC_BOX","50","","","0.01","","%","Cura 路径：Experimental > Bridge Wall Flow。 来源：Cura/resources/definitions/fdmprinter.def.json。 Cura 启用表达式：bridge_settings_enabled。","true","","bridge_settings_enabled","","cura","13","0",""
"bridge_skin_speed","Bridge Skin 速度","实验","常规","39","VT_FLOAT","NUMERIC_BOX","15","","","0.01","","mm/s","Cura 路径：Experimental > Bridge Skin Speed。 来源：Cura/resources/definitions/fdmprinter.def.json。 Cura 默认值表达式：max(cool_min_speed, speed_topbottom / 2)。 Cura 启用表达式：bridge_settings_enabled。","true","","bridge_settings_enabled","max(cool_min_speed, speed_topbottom / 2)","cura","13","0",""
"bridge_skin_material_flow","Bridge Skin 流量","实验","常规","40","VT_FLOAT","NUMERIC_BOX","60","","","0.01","","%","Cura 路径：Experimental > Bridge Skin Flow。 来源：Cura/resources/definitions/fdmprinter.def.json。 Cura 启用表达式：bridge_settings_enabled。","true","","bridge_settings_enabled","","cura","13","0",""
"bridge_skin_density","Bridge Skin 密度","实验","常规","41","VT_FLOAT","NUMERIC_BOX","100","","","0.01","","%","Cura 路径：Experimental > Bridge Skin Density。 来源：Cura/resources/definitions/fdmprinter.def.json。 Cura 启用表达式：bridge_settings_enabled。","true","","bridge_settings_enabled","","cura","13","0",""
"bridge_fan_speed","Bridge 风扇速度","实验","常规","42","VT_FLOAT","NUMERIC_BOX","100","","","0.01","","%","Cura 路径：Experimental > Bridge Fan Speed。 来源：Cura/resources/definitions/fdmprinter.def.json。 Cura 启用表达式：bridge_settings_enabled。","true","","bridge_settings_enabled","","cura","13","0",""
"bridge_interlace_lines","Interlace Bridge Lines","实验","常规","43","VT_BOOL","CHECK_BOX","false","","","","","","Cura 路径：Experimental > Interlace Bridge Lines。 来源：Cura/resources/definitions/fdmprinter.def.json。 Cura 启用表达式：bridge_settings_enabled。","true","","bridge_settings_enabled","","cura","13","0",""
"bridge_enable_more_layers","Bridge Has Multiple 层s","实验","常规","44","VT_BOOL","CHECK_BOX","true","","","","","","Cura 路径：Experimental > Bridge Has Multiple Layers。 来源：Cura/resources/definitions/fdmprinter.def.json。 Cura 启用表达式：bridge_settings_enabled。","true","","bridge_settings_enabled","","cura","13","0",""
"bridge_skin_speed_2","Bridge Second Skin 速度","实验","常规","45","VT_FLOAT","NUMERIC_BOX","25","","","0.01","","mm/s","Cura 路径：Experimental > Bridge Second Skin Speed。 来源：Cura/resources/definitions/fdmprinter.def.json。 Cura 默认值表达式：bridge_skin_speed。 Cura 启用表达式：bridge_settings_enabled and bridge_enable_more_layers。","true","","bridge_settings_enabled and bridge_enable_more_layers","bridge_skin_speed","cura","13","0",""
"bridge_skin_material_flow_2","Bridge Second Skin 流量","实验","常规","46","VT_FLOAT","NUMERIC_BOX","100","","","0.01","","%","Cura 路径：Experimental > Bridge Second Skin Flow。 来源：Cura/resources/definitions/fdmprinter.def.json。 Cura 启用表达式：bridge_settings_enabled and bridge_enable_more_layers。","true","","bridge_settings_enabled and bridge_enable_more_layers","","cura","13","0",""
"bridge_skin_density_2","Bridge Second Skin 密度","实验","常规","47","VT_FLOAT","NUMERIC_BOX","75","","","0.01","","%","Cura 路径：Experimental > Bridge Second Skin Density。 来源：Cura/resources/definitions/fdmprinter.def.json。 Cura 启用表达式：bridge_settings_enabled and bridge_enable_more_layers。","true","","bridge_settings_enabled and bridge_enable_more_layers","","cura","13","0",""
"bridge_fan_speed_2","Bridge Second Skin 风扇速度","实验","常规","48","VT_FLOAT","NUMERIC_BOX","0","","","0.01","","%","Cura 路径：Experimental > Bridge Second Skin Fan Speed。 来源：Cura/resources/definitions/fdmprinter.def.json。 Cura 启用表达式：bridge_settings_enabled and bridge_enable_more_layers。","true","","bridge_settings_enabled and bridge_enable_more_layers","","cura","13","0",""
"bridge_skin_speed_3","Bridge Third Skin 速度","实验","常规","49","VT_FLOAT","NUMERIC_BOX","15","","","0.01","","mm/s","Cura 路径：Experimental > Bridge Third Skin Speed。 来源：Cura/resources/definitions/fdmprinter.def.json。 Cura 默认值表达式：bridge_skin_speed。 Cura 启用表达式：bridge_settings_enabled and bridge_enable_more_layers。","true","","bridge_settings_enabled and bridge_enable_more_layers","bridge_skin_speed","cura","13","0",""
"bridge_skin_material_flow_3","Bridge Third Skin 流量","实验","常规","50","VT_FLOAT","NUMERIC_BOX","110","","","0.01","","%","Cura 路径：Experimental > Bridge Third Skin Flow。 来源：Cura/resources/definitions/fdmprinter.def.json。 Cura 启用表达式：bridge_settings_enabled and bridge_enable_more_layers。","true","","bridge_settings_enabled and bridge_enable_more_layers","","cura","13","0",""
"bridge_skin_density_3","Bridge Third Skin 密度","实验","常规","51","VT_FLOAT","NUMERIC_BOX","80","","","0.01","","%","Cura 路径：Experimental > Bridge Third Skin Density。 来源：Cura/resources/definitions/fdmprinter.def.json。 Cura 启用表达式：bridge_settings_enabled and bridge_enable_more_layers。","true","","bridge_settings_enabled and bridge_enable_more_layers","","cura","13","0",""
"bridge_fan_speed_3","Bridge Third Skin 风扇速度","实验","常规","52","VT_FLOAT","NUMERIC_BOX","0","","","0.01","","%","Cura 路径：Experimental > Bridge Third Skin Fan Speed。 来源：Cura/resources/definitions/fdmprinter.def.json。 Cura 启用表达式：bridge_settings_enabled and bridge_enable_more_layers。","true","","bridge_settings_enabled and bridge_enable_more_layers","","cura","13","0",""
"clean_between_layers","Wipe Nozzle Between 层s","实验","常规","53","VT_BOOL","CHECK_BOX","false","","","","","","Cura 路径：Experimental > Wipe Nozzle Between Layers。 来源：Cura/resources/definitions/fdmprinter.def.json。","true","","","","","13","0",""
"max_extrusion_before_wipe","材料 Volume Between Wipes","实验","常规","54","VT_FLOAT","NUMERIC_BOX","10","","","0.01","","mm³","Cura 路径：Experimental > Material Volume Between Wipes。 来源：Cura/resources/definitions/fdmprinter.def.json。 Cura 启用表达式：clean_between_layers。","true","","clean_between_layers","","cura","13","0",""
"wipe_retraction_enable","Wipe Retraction Enable","实验","常规","55","VT_BOOL","CHECK_BOX","true","","","","","","Cura 路径：Experimental > Wipe Retraction Enable。 来源：Cura/resources/definitions/fdmprinter.def.json。 Cura 默认值表达式：retraction_enable。 Cura 启用表达式：clean_between_layers。","true","","clean_between_layers","retraction_enable","cura","13","0",""
"wipe_retraction_amount","Wipe Retraction 距离","实验","常规","56","VT_FLOAT","NUMERIC_BOX","1","","","0.01","","mm","Cura 路径：Experimental > Wipe Retraction Distance。 来源：Cura/resources/definitions/fdmprinter.def.json。 Cura 默认值表达式：retraction_amount。 Cura 启用表达式：wipe_retraction_enable and clean_between_layers。","true","","wipe_retraction_enable and clean_between_layers","retraction_amount","cura","13","0",""
"wipe_retraction_extra_prime_amount","Wipe Retraction Extra Prime Amount","实验","常规","57","VT_FLOAT","NUMERIC_BOX","0","","","0.01","","mm³","Cura 路径：Experimental > Wipe Retraction Extra Prime Amount。 来源：Cura/resources/definitions/fdmprinter.def.json。 Cura 默认值表达式：retraction_extra_prime_amount。 Cura 启用表达式：wipe_retraction_enable and clean_between_layers。","true","","wipe_retraction_enable and clean_between_layers","retraction_extra_prime_amount","cura","13","0",""
"wipe_pause","Wipe Pause","实验","常规","58","VT_FLOAT","NUMERIC_BOX","0","","","0.01","","s","Cura 路径：Experimental > Wipe Pause。 来源：Cura/resources/definitions/fdmprinter.def.json。 Cura 启用表达式：clean_between_layers。","true","","clean_between_layers","","cura","13","0",""
"wipe_hop_enable","Wipe Z Hop","实验","常规","59","VT_BOOL","CHECK_BOX","true","","","","","","Cura 路径：Experimental > Wipe Z Hop。 来源：Cura/resources/definitions/fdmprinter.def.json。 Cura 默认值表达式：retraction_hop_enabled。 Cura 启用表达式：clean_between_layers。","true","","clean_between_layers","retraction_hop_enabled","cura","13","0",""
"wipe_hop_amount","Wipe Z Hop 高度","实验","常规","60","VT_FLOAT","NUMERIC_BOX","1","","","0.01","","mm","Cura 路径：Experimental > Wipe Z Hop Height。 来源：Cura/resources/definitions/fdmprinter.def.json。 Cura 默认值表达式：retraction_hop。 Cura 启用表达式：wipe_hop_enable and clean_between_layers。","true","","wipe_hop_enable and clean_between_layers","retraction_hop","cura","13","0",""
"wipe_hop_speed","Wipe Hop 速度","实验","常规","61","VT_FLOAT","NUMERIC_BOX","10","","","0.01","","mm/s","Cura 路径：Experimental > Wipe Hop Speed。 来源：Cura/resources/definitions/fdmprinter.def.json。 Cura 默认值表达式：speed_z_hop。 Cura 启用表达式：wipe_hop_enable and clean_between_layers。","true","","wipe_hop_enable and clean_between_layers","speed_z_hop","cura","13","0",""
"wipe_brush_pos_x","Wipe Brush X Position","实验","常规","62","VT_FLOAT","NUMERIC_BOX","100","","","0.01","","mm","Cura 路径：Experimental > Wipe Brush X Position。 来源：Cura/resources/definitions/fdmprinter.def.json。 Cura 启用表达式：clean_between_layers。","true","","clean_between_layers","","cura","13","0",""
"wipe_repeat_count","Wipe Repeat Count","实验","常规","63","VT_INT","NUMERIC_BOX","5","","","1","","","Cura 路径：Experimental > Wipe Repeat Count。 来源：Cura/resources/definitions/fdmprinter.def.json。 Cura 启用表达式：clean_between_layers。","true","","clean_between_layers","","cura","13","0",""
"wipe_move_distance","Wipe Move 距离","实验","常规","64","VT_FLOAT","NUMERIC_BOX","20","","","0.01","","mm","Cura 路径：Experimental > Wipe Move Distance。 来源：Cura/resources/definitions/fdmprinter.def.json。 Cura 启用表达式：clean_between_layers。","true","","clean_between_layers","","cura","13","0",""
"small_feature_speed_factor","Small Feature 速度","实验","常规","65","VT_FLOAT","NUMERIC_BOX","50","","","0.01","","%","Cura 路径：Experimental > Small Feature Speed。 来源：Cura/resources/definitions/fdmprinter.def.json。 Cura 启用表达式：small_hole_max_size > 0。","true","","small_hole_max_size > 0","","cura","13","0",""
"small_feature_speed_factor_0","Small Feature 首层速度","实验","常规","66","VT_FLOAT","NUMERIC_BOX","50","","","0.01","","%","Cura 路径：Experimental > Small Feature Initial Layer Speed。 来源：Cura/resources/definitions/fdmprinter.def.json。 Cura 默认值表达式：small_feature_speed_factor。 Cura 启用表达式：small_hole_max_size > 0。","true","","small_hole_max_size > 0","small_feature_speed_factor","cura","13","0",""
"material_alternate_walls","Alternate 壁 Directions","实验","常规","67","VT_BOOL","CHECK_BOX","false","","","","","","Cura 路径：Experimental > Alternate Wall Directions。 来源：Cura/resources/definitions/fdmprinter.def.json。 Cura 启用表达式：True。","true","","True","","cura","13","0",""
"group_outer_walls","Group Outer 壁","实验","常规","68","VT_BOOL","CHECK_BOX","true","","","","","","Cura 路径：Experimental > Group Outer Walls。 来源：Cura/resources/definitions/fdmprinter.def.json。","true","","","","","13","0",""
"retraction_during_travel_ratio","Retraction During 移动 Move","实验","常规","69","VT_FLOAT","NUMERIC_BOX","0","","","0.01","","%","Cura 路径：Experimental > Retraction During Travel Move。 来源：Cura/resources/definitions/fdmprinter.def.json。 Cura 启用表达式：retraction_enable and not machine_firmware_retract and machine_gcode_flavor != ""UltiGCode"" and machine_gcode_flavor != ""BFB""。","true","","retraction_enable and not machine_firmware_retract and machine_gcode_flavor != ""UltiGCode"" and machine_gcode_flavor != ""BFB""","","cura","13","0",""
"keep_retracting_during_travel","Keep Retracting During 移动","实验","常规","70","VT_BOOL","CHECK_BOX","false","","","","","","Cura 路径：Experimental > Keep Retracting During Travel。 来源：Cura/resources/definitions/fdmprinter.def.json。 Cura 启用表达式：retraction_enable and not machine_firmware_retract and machine_gcode_flavor != ""UltiGCode"" and machine_gcode_flavor != ""BFB"" and retraction_during_travel_ratio > 0。","true","","retraction_enable and not machine_firmware_retract and machine_gcode_flavor != ""UltiGCode"" and machine_gcode_flavor != ""BFB"" and retraction_during_travel_ratio > 0","","cura","13","0",""
"prime_during_travel_ratio","Prime During 移动 Move","实验","常规","71","VT_FLOAT","NUMERIC_BOX","0","","","0.01","","%","Cura 路径：Experimental > Prime During Travel Move。 来源：Cura/resources/definitions/fdmprinter.def.json。 Cura 启用表达式：retraction_enable and not machine_firmware_retract and machine_gcode_flavor != ""UltiGCode"" and machine_gcode_flavor != ""BFB""。","true","","retraction_enable and not machine_firmware_retract and machine_gcode_flavor != ""UltiGCode"" and machine_gcode_flavor != ""BFB""","","cura","13","0",""
"scarf_joint_seam_length","Scarf Seam Length","实验","常规","72","VT_FLOAT","NUMERIC_BOX","0","","","0.01","","mm","Cura 路径：Experimental > Scarf Seam Length。 来源：Cura/resources/definitions/fdmprinter.def.json。","true","","","","","13","0",""
"scarf_joint_seam_start_height_ratio","Scarf Seam Start 高度","实验","常规","73","VT_FLOAT","NUMERIC_BOX","0","","","0.01","","%","Cura 路径：Experimental > Scarf Seam Start Height。 来源：Cura/resources/definitions/fdmprinter.def.json。 Cura 启用表达式：scarf_joint_seam_length > 0。","true","","scarf_joint_seam_length > 0","","cura","13","0",""
"scarf_split_distance","Scarf Seam Step Length","实验","常规","74","VT_FLOAT","NUMERIC_BOX","1.0","","","0.01","","mm","Cura 路径：Experimental > Scarf Seam Step Length。 来源：Cura/resources/definitions/fdmprinter.def.json。 Cura 启用表达式：scarf_joint_seam_length > 0。","true","","scarf_joint_seam_length > 0","","cura","13","0",""
"wall_0_start_speed_ratio","外壁 Start 速度 Ratio","实验","常规","75","VT_FLOAT","NUMERIC_BOX","100.0","","","0.01","","%","Cura 路径：Experimental > Outer Wall Start Speed Ratio。 来源：Cura/resources/definitions/fdmprinter.def.json。","true","","","","","13","0",""
"wall_0_acceleration","外壁 Start Acceleration","实验","常规","76","VT_FLOAT","NUMERIC_BOX","20.0","","","0.01","","mm/s²","Cura 路径：Experimental > Outer Wall Start Acceleration。 来源：Cura/resources/definitions/fdmprinter.def.json。 Cura 启用表达式：wall_0_start_speed_ratio < 100。0。","true","","wall_0_start_speed_ratio < 100.0","","cura","13","0",""
"wall_0_end_speed_ratio","外壁 End 速度 Ratio","实验","常规","77","VT_FLOAT","NUMERIC_BOX","100.0","","","0.01","","%","Cura 路径：Experimental > Outer Wall End Speed Ratio。 来源：Cura/resources/definitions/fdmprinter.def.json。","true","","","","","13","0",""
"wall_0_deceleration","外壁 End Deceleration","实验","常规","78","VT_FLOAT","NUMERIC_BOX","20.0","","","0.01","","mm/s²","Cura 路径：Experimental > Outer Wall End Deceleration。 来源：Cura/resources/definitions/fdmprinter.def.json。 Cura 启用表达式：wall_0_end_speed_ratio < 100。0。","true","","wall_0_end_speed_ratio < 100.0","","cura","13","0",""
"wall_0_speed_split_distance","外壁 速度 Split 距离","实验","常规","79","VT_FLOAT","NUMERIC_BOX","1.0","","","0.01","","mm","Cura 路径：Experimental > Outer Wall Speed Split Distance。 来源：Cura/resources/definitions/fdmprinter.def.json。","true","","","","","13","0",""
"minimum_infill_line_length","Minimum 填充 Line Length","实验","常规","80","VT_FLOAT","NUMERIC_BOX","0.0","","","0.01","","mm","Cura 路径：Experimental > Minimum Infill Line Length。 来源：Cura/resources/definitions/fdmprinter.def.json。","true","","","","","13","0",""
"material_delta_temperature_roofing","温度 Delta Top Surface","实验","常规","81","VT_FLOAT","NUMERIC_BOX","0","","","0.01","","°C","Cura 路径：Experimental > Temperature Delta Top Surface。 来源：Cura/resources/definitions/fdmprinter.def.json。 Cura 启用表达式：machine_nozzle_temp_enabled and roofing_layer_count > 0 and top_layers > 0。","true","","machine_nozzle_temp_enabled and roofing_layer_count > 0 and top_layers > 0","","cura","13","0",""
"support_skip_zag_per_mm","支撑 Chunk Size","实验","支撑 Chunk Size","0","VT_FLOAT","NUMERIC_BOX","20","","","0.01","","mm","Cura 路径：Experimental > Support Chunk Size。 来源：Cura/resources/definitions/fdmprinter.def.json。 Cura 启用表达式：(support_enable or support_meshes_present) and support_pattern == 'zigzag' and support_skip_some_zags。","true","","(support_enable or support_meshes_present) and support_pattern == 'zigzag' and support_skip_some_zags","","cura","13","1",""
"support_zag_skip_count","支撑 Chunk Line Count","实验","支撑 Chunk Size","1","VT_INT","NUMERIC_BOX","5","","","1","","","Cura 路径：Experimental > Support Chunk Size > Support Chunk Line Count。 来源：Cura/resources/definitions/fdmprinter.def.json。 Cura 默认值表达式：0 if support_line_distance == 0 else round(support_skip_zag_per_mm / support_line_distance)。 Cura 启用表达式：(support_enable or support_meshes_present) and support_pattern == 'zigzag' and support_skip_some_zags。","true","","(support_enable or support_meshes_present) and support_pattern == 'zigzag' and support_skip_some_zags","0 if support_line_distance == 0 else round(support_skip_zag_per_mm / support_line_distance)","cura","13","1",""
"magic_fuzzy_skin_point_density","Fuzzy Skin 密度","实验","Fuzzy Skin 密度","0","VT_FLOAT","NUMERIC_BOX","1.25","","","0.01","","1/mm","Cura 路径：Experimental > Fuzzy Skin Density。 来源：Cura/resources/definitions/fdmprinter.def.json。 Cura 启用表达式：magic_fuzzy_skin_enabled and not interlocking_enable。","true","","magic_fuzzy_skin_enabled and not interlocking_enable","","cura","13","2",""
"magic_fuzzy_skin_point_dist","Fuzzy Skin Point 距离","实验","Fuzzy Skin 密度","1","VT_FLOAT","NUMERIC_BOX","0.8","","","0.01","","mm","Cura 路径：Experimental > Fuzzy Skin Density > Fuzzy Skin Point Distance。 来源：Cura/resources/definitions/fdmprinter.def.json。 Cura 默认值表达式：10000 if magic_fuzzy_skin_point_density == 0 else 1 / magic_fuzzy_skin_point_density。 Cura 启用表达式：magic_fuzzy_skin_enabled and not interlocking_enable。","true","","magic_fuzzy_skin_enabled and not interlocking_enable","10000 if magic_fuzzy_skin_point_density == 0 else 1 / magic_fuzzy_skin_point_density","cura","13","2",""
"wipe_retraction_speed","Wipe 回抽速度","实验","Wipe 回抽速度","0","VT_FLOAT","NUMERIC_BOX","5","","","0.01","","mm/s","Cura 路径：Experimental > Wipe Retraction Speed。 来源：Cura/resources/definitions/fdmprinter.def.json。 Cura 默认值表达式：retraction_speed。 Cura 启用表达式：wipe_retraction_enable and clean_between_layers。","true","","wipe_retraction_enable and clean_between_layers","retraction_speed","cura","13","3",""
"wipe_retraction_retract_speed","Wipe Retraction Retract 速度","实验","Wipe 回抽速度","1","VT_FLOAT","NUMERIC_BOX","3","","","0.01","","mm/s","Cura 路径：Experimental > Wipe Retraction Speed > Wipe Retraction Retract Speed。 来源：Cura/resources/definitions/fdmprinter.def.json。 Cura 默认值表达式：wipe_retraction_speed。 Cura 启用表达式：wipe_retraction_enable and clean_between_layers。","true","","wipe_retraction_enable and clean_between_layers","wipe_retraction_speed","cura","13","3",""
"wipe_retraction_prime_speed","Wipe Retraction Prime 速度","实验","Wipe 回抽速度","2","VT_FLOAT","NUMERIC_BOX","2","","","0.01","","mm/s","Cura 路径：Experimental > Wipe Retraction Speed > Wipe Retraction Prime Speed。 来源：Cura/resources/definitions/fdmprinter.def.json。 Cura 默认值表达式：wipe_retraction_speed。 Cura 启用表达式：wipe_retraction_enable and clean_between_layers。","true","","wipe_retraction_enable and clean_between_layers","wipe_retraction_speed","cura","13","3",""
"small_hole_max_size","Small Hole Max Size","实验","Small Hole Max Size","0","VT_FLOAT","NUMERIC_BOX","0","","","0.01","","mm","Cura 路径：Experimental > Small Hole Max Size。 来源：Cura/resources/definitions/fdmprinter.def.json。","true","","","","","13","4",""
"small_feature_max_length","Small Feature Max Length","实验","Small Hole Max Size","1","VT_FLOAT","NUMERIC_BOX","0","","","0.01","","mm","Cura 路径：Experimental > Small Hole Max Size > Small Feature Max Length。 来源：Cura/resources/definitions/fdmprinter.def.json。 Cura 默认值表达式：small_hole_max_size * math。pi。 Cura 启用表达式：small_hole_max_size > 0。","true","","small_hole_max_size > 0","small_hole_max_size * math.pi","cura","13","4",""
"build_volume_fan_nr","Build volume fan number","机器","常规","0","VT_INT","NUMERIC_BOX","0","","","1","","","Cura 路径：Machine > Build volume fan number。 来源：Cura/resources/definitions/fdmprinter.def.json。","true","","","","","14","0",""
"machine_show_variants","Show 机器 Variants","机器","常规","1","VT_BOOL","CHECK_BOX","false","","","","","","Cura 路径：Machine > Show Machine Variants。 来源：Cura/resources/definitions/fdmprinter.def.json。","true","","","","","14","0",""
"material_diameter","Diameter","机器","常规","2","VT_FLOAT","NUMERIC_BOX","2.85","","","0.01","","mm","Cura 路径：Machine > Diameter。 来源：Cura/resources/definitions/fdmprinter.def.json。 Cura 启用表达式：machine_gcode_flavor != ""UltiGCode""。","true","","machine_gcode_flavor != ""UltiGCode""","","cura","14","0",""
"material_bed_temp_wait","Wait for Build Plate Heatup","机器","常规","3","VT_BOOL","CHECK_BOX","true","","","","","","Cura 路径：Machine > Wait for Build Plate Heatup。 来源：Cura/resources/definitions/fdmprinter.def.json。","true","","","","","14","0",""
"material_print_temp_wait","Wait for Nozzle Heatup","机器","常规","4","VT_BOOL","CHECK_BOX","true","","","","","","Cura 路径：Machine > Wait for Nozzle Heatup。 来源：Cura/resources/definitions/fdmprinter.def.json。 Cura 启用表达式：machine_nozzle_temp_enabled。","true","","machine_nozzle_temp_enabled","","cura","14","0",""
"material_print_temp_prepend","Include 材料 温度s","机器","常规","5","VT_BOOL","CHECK_BOX","true","","","","","","Cura 路径：Machine > Include Material Temperatures。 来源：Cura/resources/definitions/fdmprinter.def.json。 Cura 启用表达式：machine_nozzle_temp_enabled。","true","","machine_nozzle_temp_enabled","","cura","14","0",""
"material_bed_temp_prepend","Include 热床温度","机器","常规","6","VT_BOOL","CHECK_BOX","true","","","","","","Cura 路径：Machine > Include Build Plate Temperature。 来源：Cura/resources/definitions/fdmprinter.def.json。","true","","","","","14","0",""
"machine_width","机器 宽度","机器","常规","7","VT_FLOAT","NUMERIC_BOX","100","","","0.01","","","Cura 路径：Machine > Machine Width。 来源：Cura/resources/definitions/fdmprinter.def.json。","true","","","","","14","0",""
"machine_depth","机器 Depth","机器","常规","8","VT_FLOAT","NUMERIC_BOX","100","","","0.01","","","Cura 路径：Machine > Machine Depth。 来源：Cura/resources/definitions/fdmprinter.def.json。","true","","","","","14","0",""
"machine_height","机器 高度","机器","常规","9","VT_FLOAT","NUMERIC_BOX","100","","","0.01","","","Cura 路径：Machine > Machine Height。 来源：Cura/resources/definitions/fdmprinter.def.json。","true","","","","","14","0",""
"machine_shape","平台形状","机器","常规","10","VT_ENUM","COMBO_BOX","rectangular","","","","rectangular;elliptic","","Cura 路径：Machine > Build Plate Shape。 来源：Cura/resources/definitions/fdmprinter.def.json。","true","","","","","14","0","rectangular|矩形|;elliptic|椭圆|"
"machine_buildplate_type","平台类型","机器","常规","11","VT_ENUM","COMBO_BOX","glass","","","","glass;aluminum;custom","","Cura 路径：Machine > Build Plate Type。 来源：Cura/resources/definitions/fdmprinter.def.json。","true","","","","","14","0","glass|玻璃|;aluminum|铝|;custom|自定义|"
"machine_heated_bed","Has Heated Build Plate","机器","常规","12","VT_BOOL","CHECK_BOX","false","","","","","","Cura 路径：Machine > Has Heated Build Plate。 来源：Cura/resources/definitions/fdmprinter.def.json。","true","","","","","14","0",""
"machine_heated_build_volume","Has Build Volume 温度 Stabilization","机器","常规","13","VT_BOOL","CHECK_BOX","false","","","","","","Cura 路径：Machine > Has Build Volume Temperature Stabilization。 来源：Cura/resources/definitions/fdmprinter.def.json。","true","","","","","14","0",""
"machine_always_write_active_tool","Always Write Active Tool","机器","常规","14","VT_BOOL","CHECK_BOX","false","","","","","","Cura 路径：Machine > Always Write Active Tool。 来源：Cura/resources/definitions/fdmprinter.def.json。","true","","","","","14","0",""
"machine_center_is_zero","Is Center Origin","机器","常规","15","VT_BOOL","CHECK_BOX","false","","","","","","Cura 路径：Machine > Is Center Origin。 来源：Cura/resources/definitions/fdmprinter.def.json。","true","","","","","14","0",""
"machine_extruder_count","Number of 挤出机s","机器","常规","16","VT_INT","NUMERIC_BOX","1","","","1","","","Cura 路径：Machine > Number of Extruders。 来源：Cura/resources/definitions/fdmprinter.def.json。","true","","","","","14","0",""
"extruders_enabled_count","Number of 挤出机s That Are Enabled","机器","常规","17","VT_INT","NUMERIC_BOX","1","","","1","","","Cura 路径：Machine > Number of Extruders That Are Enabled。 来源：Cura/resources/definitions/fdmprinter.def.json。 Cura 默认值表达式：machine_extruder_count。","true","","","machine_extruder_count","cura","14","0",""
"machine_nozzle_tip_outer_diameter","Outer 喷嘴直径","机器","常规","18","VT_FLOAT","NUMERIC_BOX","1","","","0.01","","mm","Cura 路径：Machine > Outer Nozzle Diameter。 来源：Cura/resources/definitions/fdmprinter.def.json。","true","","","","","14","0",""
"machine_nozzle_expansion_angle","Nozzle Angle","机器","常规","19","VT_INT","NUMERIC_BOX","45","","","1","","°","Cura 路径：Machine > Nozzle Angle。 来源：Cura/resources/definitions/fdmprinter.def.json。","true","","","","","14","0",""
"machine_heat_zone_length","Heat Zone Length","机器","常规","20","VT_FLOAT","NUMERIC_BOX","16","","","0.01","","mm","Cura 路径：Machine > Heat Zone Length。 来源：Cura/resources/definitions/fdmprinter.def.json。","true","","","","","14","0",""
"machine_nozzle_temp_enabled","Enable 喷嘴温度 Control","机器","常规","21","VT_BOOL","CHECK_BOX","true","","","","","","Cura 路径：Machine > Enable Nozzle Temperature Control。 来源：Cura/resources/definitions/fdmprinter.def.json。 Cura 默认值表达式：machine_gcode_flavor != ""UltiGCode""。","true","","","machine_gcode_flavor != ""UltiGCode""","cura","14","0",""
"machine_nozzle_heat_up_speed","Heat Up 速度","机器","常规","22","VT_FLOAT","NUMERIC_BOX","2.0","","","0.01","","°C/s","Cura 路径：Machine > Heat Up Speed。 来源：Cura/resources/definitions/fdmprinter.def.json。 Cura 启用表达式：machine_nozzle_temp_enabled。","true","","machine_nozzle_temp_enabled","","cura","14","0",""
"machine_nozzle_cool_down_speed","Cool Down 速度","机器","常规","23","VT_FLOAT","NUMERIC_BOX","2.0","","","0.01","","°C/s","Cura 路径：Machine > Cool Down Speed。 来源：Cura/resources/definitions/fdmprinter.def.json。 Cura 启用表达式：machine_nozzle_temp_enabled。","true","","machine_nozzle_temp_enabled","","cura","14","0",""
"machine_min_cool_heat_time_window","Minimal Time 待机温度","机器","常规","24","VT_FLOAT","NUMERIC_BOX","50.0","","","0.01","","s","Cura 路径：Machine > Minimal Time Standby Temperature。 来源：Cura/resources/definitions/fdmprinter.def.json。 Cura 启用表达式：machine_nozzle_temp_enabled。","true","","machine_nozzle_temp_enabled","","cura","14","0",""
"machine_gcode_flavor","G-code 风格","机器","常规","25","VT_ENUM","COMBO_BOX","RepRap (Marlin/Sprinter)","","","","RepRap (Marlin/Sprinter);Marlin;Griffin;RepRap (Volumetric);UltiGCode;MakerBot;BFB;Mach3;Repetier;RepRapFirmware","","Cura 路径：Machine > G-code Flavor。 来源：Cura/resources/definitions/fdmprinter.def.json。","true","","","","","14","0","RepRap (Marlin/Sprinter)|RepRap (Marlin/Sprinter)|;Marlin|Marlin|;Griffin|Griffin|;RepRap (Volumetric)|RepRap (Volumetric)|;UltiGCode|UltiGCode|;MakerBot|MakerBot|;BFB|BFB|;Mach3|Mach3|;Repetier|Repetier|;RepRapFirmware|RepRapFirmware|"
"machine_firmware_retract","Firmware Retraction","机器","常规","26","VT_BOOL","CHECK_BOX","false","","","","","","Cura 路径：Machine > Firmware Retraction。 来源：Cura/resources/definitions/fdmprinter.def.json。 Cura 默认值表达式：machine_gcode_flavor == 'RepRap (Volumetric)' or machine_gcode_flavor == 'UltiGCode' or machine_gcode_flavor == 'BFB'。","true","","","machine_gcode_flavor == 'RepRap (Volumetric)' or machine_gcode_flavor == 'UltiGCode' or machine_gcode_flavor == 'BFB'","cura","14","0",""
"machine_extruders_share_heater","挤出机s Share Heater","机器","常规","27","VT_BOOL","CHECK_BOX","false","","","","","","Cura 路径：Machine > Extruders Share Heater。 来源：Cura/resources/definitions/fdmprinter.def.json。","true","","","","","14","0",""
"machine_extruders_share_nozzle","挤出机s Share Nozzle","机器","常规","28","VT_BOOL","CHECK_BOX","false","","","","","","Cura 路径：Machine > Extruders Share Nozzle。 来源：Cura/resources/definitions/fdmprinter.def.json。","true","","","","","14","0",""
"machine_extruders_shared_nozzle_initial_retraction","Shared Nozzle Initial Retraction","机器","常规","29","VT_FLOAT","NUMERIC_BOX","0","","","0.01","","mm","Cura 路径：Machine > Shared Nozzle Initial Retraction。 来源：Cura/resources/definitions/fdmprinter.def.json。 Cura 启用表达式：machine_extruders_share_nozzle。","true","","machine_extruders_share_nozzle","","cura","14","0",""
"gantry_height","Gantry 高度","机器","常规","30","VT_FLOAT","NUMERIC_BOX","99999999999","","","0.01","","","Cura 路径：Machine > Gantry Height。 来源：Cura/resources/definitions/fdmprinter.def.json。 Cura 默认值表达式：machine_height。","true","","","machine_height","cura","14","0",""
"machine_time_estimation_factor","Print Time Estimation Factor","机器","常规","31","VT_FLOAT","NUMERIC_BOX","100","","","0.01","","%","Cura 路径：Machine > Print Time Estimation Factor。 来源：Cura/resources/definitions/fdmprinter.def.json。","true","","","","","14","0",""
"machine_nozzle_size","喷嘴直径","机器","常规","32","VT_FLOAT","NUMERIC_BOX","0.4","","","0.01","","mm","Cura 路径：Machine > Nozzle Diameter。 来源：Cura/resources/definitions/fdmprinter.def.json。","true","","","","","14","0",""
"machine_use_extruder_offset_to_offset_coords","Offset with 挤出机","机器","常规","33","VT_BOOL","CHECK_BOX","true","","","","","","Cura 路径：Machine > Offset with Extruder。 来源：Cura/resources/definitions/fdmprinter.def.json。","true","","","","","14","0",""
"machine_start_gcode_first","Start GCode must be first","机器","常规","34","VT_BOOL","CHECK_BOX","false","","","","","","Cura 路径：Machine > Start GCode must be first。 来源：Cura/resources/definitions/fdmprinter.def.json。","true","","","","","14","0",""
"extruder_prime_pos_z","挤出机 Prime Z Position","机器","常规","35","VT_FLOAT","NUMERIC_BOX","0","","","0.01","","mm","Cura 路径：Machine > Extruder Prime Z Position。 来源：Cura/resources/definitions/fdmprinter.def.json。","true","","","","","14","0",""
"extruder_prime_pos_abs","Absolute 挤出机 Prime Position","机器","常规","36","VT_BOOL","CHECK_BOX","false","","","","","","Cura 路径：Machine > Absolute Extruder Prime Position。 来源：Cura/resources/definitions/fdmprinter.def.json。","true","","","","","14","0",""
"machine_max_feedrate_x","Maximum 速度 X","机器","常规","37","VT_FLOAT","NUMERIC_BOX","299792458000","","","0.01","","mm/s","Cura 路径：Machine > Maximum Speed X。 来源：Cura/resources/definitions/fdmprinter.def.json。","true","","","","","14","0",""
"machine_max_feedrate_y","Maximum 速度 Y","机器","常规","38","VT_FLOAT","NUMERIC_BOX","299792458000","","","0.01","","mm/s","Cura 路径：Machine > Maximum Speed Y。 来源：Cura/resources/definitions/fdmprinter.def.json。","true","","","","","14","0",""
"machine_max_feedrate_z","Maximum 速度 Z","机器","常规","39","VT_FLOAT","NUMERIC_BOX","299792458000","","","0.01","","mm/s","Cura 路径：Machine > Maximum Speed Z。 来源：Cura/resources/definitions/fdmprinter.def.json。","true","","","","","14","0",""
"machine_max_feedrate_e","Maximum 速度 E","机器","常规","40","VT_FLOAT","NUMERIC_BOX","299792458000","","","0.01","","mm/s","Cura 路径：Machine > Maximum Speed E。 来源：Cura/resources/definitions/fdmprinter.def.json。","true","","","","","14","0",""
"machine_max_acceleration_x","Maximum Acceleration X","机器","常规","41","VT_FLOAT","NUMERIC_BOX","9000","","","0.01","","mm/s²","Cura 路径：Machine > Maximum Acceleration X。 来源：Cura/resources/definitions/fdmprinter.def.json。","true","","","","","14","0",""
"machine_max_acceleration_y","Maximum Acceleration Y","机器","常规","42","VT_FLOAT","NUMERIC_BOX","9000","","","0.01","","mm/s²","Cura 路径：Machine > Maximum Acceleration Y。 来源：Cura/resources/definitions/fdmprinter.def.json。","true","","","","","14","0",""
"machine_max_acceleration_z","Maximum Acceleration Z","机器","常规","43","VT_FLOAT","NUMERIC_BOX","100","","","0.01","","mm/s²","Cura 路径：Machine > Maximum Acceleration Z。 来源：Cura/resources/definitions/fdmprinter.def.json。","true","","","","","14","0",""
"machine_max_acceleration_e","Maximum Filament Acceleration","机器","常规","44","VT_FLOAT","NUMERIC_BOX","10000","","","0.01","","mm/s²","Cura 路径：Machine > Maximum Filament Acceleration。 来源：Cura/resources/definitions/fdmprinter.def.json。","true","","","","","14","0",""
"machine_acceleration","Default Acceleration","机器","常规","45","VT_FLOAT","NUMERIC_BOX","4000","","","0.01","","mm/s²","Cura 路径：Machine > Default Acceleration。 来源：Cura/resources/definitions/fdmprinter.def.json。","true","","","","","14","0",""
"machine_max_jerk_xy","Default X-Y Jerk","机器","常规","46","VT_FLOAT","NUMERIC_BOX","20.0","","","0.01","","mm/s","Cura 路径：Machine > Default X-Y Jerk。 来源：Cura/resources/definitions/fdmprinter.def.json。","true","","","","","14","0",""
"machine_max_jerk_z","Default Z Jerk","机器","常规","47","VT_FLOAT","NUMERIC_BOX","0.4","","","0.01","","mm/s","Cura 路径：Machine > Default Z Jerk。 来源：Cura/resources/definitions/fdmprinter.def.json。","true","","","","","14","0",""
"machine_max_jerk_e","Default Filament Jerk","机器","常规","48","VT_FLOAT","NUMERIC_BOX","5.0","","","0.01","","mm/s","Cura 路径：Machine > Default Filament Jerk。 来源：Cura/resources/definitions/fdmprinter.def.json。","true","","","","","14","0",""
"machine_steps_per_mm_x","Steps per Millimeter (X)","机器","常规","49","VT_FLOAT","NUMERIC_BOX","50","","","0.01","","","Cura 路径：Machine > Steps per Millimeter (X)。 来源：Cura/resources/definitions/fdmprinter.def.json。","true","","","","","14","0",""
"machine_steps_per_mm_y","Steps per Millimeter (Y)","机器","常规","50","VT_FLOAT","NUMERIC_BOX","50","","","0.01","","","Cura 路径：Machine > Steps per Millimeter (Y)。 来源：Cura/resources/definitions/fdmprinter.def.json。","true","","","","","14","0",""
"machine_steps_per_mm_z","Steps per Millimeter (Z)","机器","常规","51","VT_FLOAT","NUMERIC_BOX","50","","","0.01","","","Cura 路径：Machine > Steps per Millimeter (Z)。 来源：Cura/resources/definitions/fdmprinter.def.json。","true","","","","","14","0",""
"machine_steps_per_mm_e","Steps per Millimeter (E)","机器","常规","52","VT_FLOAT","NUMERIC_BOX","1600","","","0.01","","","Cura 路径：Machine > Steps per Millimeter (E)。 来源：Cura/resources/definitions/fdmprinter.def.json。","true","","","","","14","0",""
"machine_endstop_positive_direction_x","X Endstop in Positive Direction","机器","常规","53","VT_BOOL","CHECK_BOX","false","","","","","","Cura 路径：Machine > X Endstop in Positive Direction。 来源：Cura/resources/definitions/fdmprinter.def.json。","true","","","","","14","0",""
"machine_endstop_positive_direction_y","Y Endstop in Positive Direction","机器","常规","54","VT_BOOL","CHECK_BOX","false","","","","","","Cura 路径：Machine > Y Endstop in Positive Direction。 来源：Cura/resources/definitions/fdmprinter.def.json。","true","","","","","14","0",""
"machine_endstop_positive_direction_z","Z Endstop in Positive Direction","机器","常规","55","VT_BOOL","CHECK_BOX","true","","","","","","Cura 路径：Machine > Z Endstop in Positive Direction。 来源：Cura/resources/definitions/fdmprinter.def.json。","true","","","","","14","0",""
"machine_minimum_feedrate","Minimum Feedrate","机器","常规","56","VT_FLOAT","NUMERIC_BOX","0.0","","","0.01","","mm/s","Cura 路径：Machine > Minimum Feedrate。 来源：Cura/resources/definitions/fdmprinter.def.json。","true","","","","","14","0",""
"machine_feeder_wheel_diameter","Feeder Wheel Diameter","机器","常规","57","VT_FLOAT","NUMERIC_BOX","10.0","","","0.01","","mm","Cura 路径：Machine > Feeder Wheel Diameter。 来源：Cura/resources/definitions/fdmprinter.def.json。","true","","","","","14","0",""
"machine_scale_fan_speed_zero_to_one","Scale 风扇速度 To 0-1","机器","常规","58","VT_BOOL","CHECK_BOX","false","","","","","","Cura 路径：Machine > Scale Fan Speed To 0-1。 来源：Cura/resources/definitions/fdmprinter.def.json。","true","","","","","14","0",""
"reset_flow_duration","Reset 流量 duration","机器","常规","59","VT_FLOAT","NUMERIC_BOX","","","","0.01","","s","Cura 路径：Machine > Reset flow duration。 来源：Cura/resources/definitions/fdmprinter.def.json。 Cura 默认值表达式：2。0。 Cura 启用表达式：gradual_flow_enabled。","true","","gradual_flow_enabled","2.0","cura","14","0",""
"extruder_nr","挤出机","挤出机","常规","0","VT_INT","COMBO_BOX","0","","","1","0;1;2;3;4","","Cura 路径：Extruder > Extruder。 来源：Cura/resources/definitions/fdmextruder.def.json。","true","","","","","15","0","0|0|;1|1|;2|2|;3|3|;4|4|"
"extruder_settings_extruder_prime_pos_z","挤出机 Prime Z Position","挤出机","常规","1","VT_FLOAT","NUMERIC_BOX","0","","","0.01","","mm","Cura 路径：Extruder > Extruder Prime Z Position。 来源：Cura/resources/definitions/fdmextruder.def.json。","true","","","","","15","0",""
"machine_extruder_change_duration","挤出机 Change duration","挤出机","常规","2","VT_FLOAT","NUMERIC_BOX","0","","","0.01","","","Cura 路径：Extruder > Extruder Change duration。 来源：Cura/resources/definitions/fdmextruder.def.json。","true","","","","","15","0",""
"machine_extruder_cooling_fan_number","挤出机 Print 冷却 Fan","挤出机","常规","3","VT_INT","NUMERIC_BOX","0","","","1","","","Cura 路径：Extruder > Extruder Print Cooling Fan。 来源：Cura/resources/definitions/fdmextruder.def.json。","true","","","","","15","0",""
"machine_extruder_end_code_duration","挤出机 End G-Code Duration","挤出机","常规","4","VT_FLOAT","NUMERIC_BOX","0","","","0.01","","","Cura 路径：Extruder > Extruder End G-Code Duration。 来源：Cura/resources/definitions/fdmextruder.def.json。","true","","","","","15","0",""
"machine_extruder_end_pos_abs","挤出机 End Position Absolute","挤出机","常规","5","VT_BOOL","CHECK_BOX","false","","","","","","Cura 路径：Extruder > Extruder End Position Absolute。 来源：Cura/resources/definitions/fdmextruder.def.json。","true","","","","","15","0",""
"machine_extruder_end_pos_x","挤出机 End Position X","挤出机","常规","6","VT_FLOAT","NUMERIC_BOX","0","","","0.01","","mm","Cura 路径：Extruder > Extruder End Position X。 来源：Cura/resources/definitions/fdmextruder.def.json。","true","","","","","15","0",""
"machine_extruder_end_pos_y","挤出机 End Position Y","挤出机","常规","7","VT_FLOAT","NUMERIC_BOX","0","","","0.01","","mm","Cura 路径：Extruder > Extruder End Position Y。 来源：Cura/resources/definitions/fdmextruder.def.json。","true","","","","","15","0",""
"machine_extruder_start_code_duration","挤出机 Start G-Code Duration","挤出机","常规","8","VT_FLOAT","NUMERIC_BOX","0","","","0.01","","","Cura 路径：Extruder > Extruder Start G-Code Duration。 来源：Cura/resources/definitions/fdmextruder.def.json。","true","","","","","15","0",""
"machine_extruder_start_pos_abs","挤出机 Start Position Absolute","挤出机","常规","9","VT_BOOL","CHECK_BOX","false","","","","","","Cura 路径：Extruder > Extruder Start Position Absolute。 来源：Cura/resources/definitions/fdmextruder.def.json。","true","","","","","15","0",""
"machine_extruder_start_pos_x","挤出机 Start Position X","挤出机","常规","10","VT_FLOAT","NUMERIC_BOX","0","","","0.01","","mm","Cura 路径：Extruder > Extruder Start Position X。 来源：Cura/resources/definitions/fdmextruder.def.json。","true","","","","","15","0",""
"machine_extruder_start_pos_y","挤出机 Start Position Y","挤出机","常规","11","VT_FLOAT","NUMERIC_BOX","0","","","0.01","","mm","Cura 路径：Extruder > Extruder Start Position Y。 来源：Cura/resources/definitions/fdmextruder.def.json。","true","","","","","15","0",""
"machine_nozzle_head_distance","Nozzle Length","挤出机","常规","12","VT_FLOAT","NUMERIC_BOX","3","","","0.01","","mm","Cura 路径：Extruder > Nozzle Length。 来源：Cura/resources/definitions/fdmextruder.def.json。","true","","","","","15","0",""
"machine_nozzle_offset_x","Nozzle X Offset","挤出机","常规","13","VT_FLOAT","NUMERIC_BOX","0","","","0.01","","mm","Cura 路径：Extruder > Nozzle X Offset。 来源：Cura/resources/definitions/fdmextruder.def.json。","true","","","","","15","0",""
"machine_nozzle_offset_y","Nozzle Y Offset","挤出机","常规","14","VT_FLOAT","NUMERIC_BOX","0","","","0.01","","mm","Cura 路径：Extruder > Nozzle Y Offset。 来源：Cura/resources/definitions/fdmextruder.def.json。","true","","","","","15","0",""
"extruder_settings_machine_nozzle_size","喷嘴直径","挤出机","常规","15","VT_FLOAT","NUMERIC_BOX","0.4","","","0.01","","mm","Cura 路径：Extruder > Nozzle Diameter。 来源：Cura/resources/definitions/fdmextruder.def.json。","true","","","","","15","0",""
