"key","display_name","category","subcategory","order","value_type","control_type","default_value","min_value","max_value","step","options","unit","description","is_advanced","visible_if","enabled_if","value_expression","expression_language","category_order","subcategory_order","option_templates"
"layer_height","Layer Height","Quality","General","0","VT_FLOAT","NUMERIC_BOX","0.1","","","0.01","","mm","Cura path: Quality > Layer Height. Source: Cura/resources/definitions/fdmprinter.def.json.","false","","","","","0","0",""
"initial_layer_height","Initial Layer Height","Quality","General","1","VT_FLOAT","NUMERIC_BOX","0.3","","","0.01","","mm","Cura path: Quality > Initial Layer Height. Source: Cura/resources/definitions/fdmprinter.def.json.","false","","","","","0","0",""
"initial_layer_line_width_factor","Initial Layer Line Width","Quality","General","2","VT_FLOAT","NUMERIC_BOX","100.0","","","0.01","","%","Cura path: Quality > Initial Layer Line Width. Source: Cura/resources/definitions/fdmprinter.def.json.","false","","","","","0","0",""
"line_width","Line Width","Quality","Line Width","0","VT_FLOAT","NUMERIC_BOX","0.4","","","0.01","","mm","Cura path: Quality > Line Width. Source: Cura/resources/definitions/fdmprinter.def.json. Cura value expression: machine_nozzle_size.","false","","","machine_nozzle_size","cura","0","1",""
"wall_line_width","Wall Line Width","Quality","Line Width","1","VT_FLOAT","NUMERIC_BOX","0.4","","","0.01","","mm","Cura path: Quality > Line Width > Wall Line Width. Source: Cura/resources/definitions/fdmprinter.def.json. Cura value expression: line_width.","false","","","line_width","cura","0","1",""
"wall_line_width_0","Outer Wall Line Width","Quality","Line Width","2","VT_FLOAT","NUMERIC_BOX","0.4","","","0.01","","mm","Cura path: Quality > Line Width > Wall Line Width > Outer Wall Line Width. Source: Cura/resources/definitions/fdmprinter.def.json. Cura value expression: wall_line_width.","false","","","wall_line_width","cura","0","1",""
"wall_line_width_x","Inner Wall(s) Line Width","Quality","Line Width","3","VT_FLOAT","NUMERIC_BOX","0.4","","","0.01","","mm","Cura path: Quality > Line Width > Wall Line Width > Inner Wall(s) Line Width. Source: Cura/resources/definitions/fdmprinter.def.json. Cura value expression: wall_line_width.","false","","","wall_line_width","cura","0","1",""
"skin_line_width","Top/Bottom Line Width","Quality","Line Width","4","VT_FLOAT","NUMERIC_BOX","0.4","","","0.01","","mm","Cura path: Quality > Line Width > Top/Bottom Line Width. Source: Cura/resources/definitions/fdmprinter.def.json. Cura value expression: line_width. Cura enabled expression: top_layers > 0 or bottom_layers > 0.","false","","top_layers > 0 or bottom_layers > 0","line_width","cura","0","1",""
"infill_line_width","Infill Line Width","Quality","Line Width","5","VT_FLOAT","NUMERIC_BOX","0.4","","","0.01","","mm","Cura path: Quality > Line Width > Infill Line Width. Source: Cura/resources/definitions/fdmprinter.def.json. Cura value expression: line_width. Cura enabled expression: infill_sparse_density > 0.","false","","infill_sparse_density > 0","line_width","cura","0","1",""
"skirt_brim_line_width","Skirt/Brim Line Width","Quality","Line Width","6","VT_FLOAT","NUMERIC_BOX","0.4","","","0.01","","mm","Cura path: Quality > Line Width > Skirt/Brim Line Width. Source: Cura/resources/definitions/fdmprinter.def.json. Cura value expression: line_width. Cura enabled expression: resolveOrValue('adhesion_type') == 'skirt' or resolveOrValue('adhesion_type') == 'brim' or resolveOrValue('draft_shield_enabled') or resolveOrValue('ooze_shield_enabled').","false","","resolveOrValue('adhesion_type') == 'skirt' or resolveOrValue('adhesion_type') == 'brim' or resolveOrValue('draft_shield_enabled') or resolveOrValue('ooze_shield_enabled')","line_width","cura","0","1",""
"support_line_width","Support Line Width","Quality","Line Width","7","VT_FLOAT","NUMERIC_BOX","0.4","","","0.01","","mm","Cura path: Quality > Line Width > Support Line Width. Source: Cura/resources/definitions/fdmprinter.def.json. Cura value expression: line_width. Cura enabled expression: (support_enable or support_meshes_present).","false","","(support_enable or support_meshes_present)","line_width","cura","0","1",""
"support_interface_line_width","Support Interface Line Width","Quality","Line Width","8","VT_FLOAT","NUMERIC_BOX","0.4","","","0.01","","mm","Cura path: Quality > Line Width > Support Interface Line Width. Source: Cura/resources/definitions/fdmprinter.def.json. Cura value expression: line_width. Cura enabled expression: (support_enable or support_meshes_present) and support_interface_enable.","false","","(support_enable or support_meshes_present) and support_interface_enable","line_width","cura","0","1",""
"support_roof_line_width","Support Roof Line Width","Quality","Line Width","9","VT_FLOAT","NUMERIC_BOX","0.4","","","0.01","","mm","Cura path: Quality > Line Width > Support Interface Line Width > Support Roof Line Width. Source: Cura/resources/definitions/fdmprinter.def.json. Cura value expression: extruderValue(support_roof_extruder_nr, 'support_interface_line_width'). Cura enabled expression: (support_enable or support_meshes_present) and support_roof_enable.","false","","(support_enable or support_meshes_present) and support_roof_enable","extruderValue(support_roof_extruder_nr, 'support_interface_line_width')","cura","0","1",""
"support_bottom_line_width","Support Floor Line Width","Quality","Line Width","10","VT_FLOAT","NUMERIC_BOX","0.4","","","0.01","","mm","Cura path: Quality > Line Width > Support Interface Line Width > Support Floor Line Width. Source: Cura/resources/definitions/fdmprinter.def.json. Cura value expression: extruderValue(support_bottom_extruder_nr, 'support_interface_line_width'). Cura enabled expression: (support_enable or support_meshes_present) and support_bottom_enable.","false","","(support_enable or support_meshes_present) and support_bottom_enable","extruderValue(support_bottom_extruder_nr, 'support_interface_line_width')","cura","0","1",""
"prime_tower_line_width","Prime Tower Line Width","Quality","Line Width","11","VT_FLOAT","NUMERIC_BOX","0.4","","","0.01","","mm","Cura path: Quality > Line Width > Prime Tower Line Width. Source: Cura/resources/definitions/fdmprinter.def.json. Cura value expression: line_width. Cura enabled expression: prime_tower_enable.","false","","prime_tower_enable","line_width","cura","0","1",""
"wall_extruder_nr","Wall Extruder","Walls","Wall Extruder","0","VT_INT","COMBO_BOX","-1","","","1","-1;0;1;2;3;4","","Cura path: Walls > Wall Extruder. Source: Cura/resources/definitions/fdmprinter.def.json. Cura enabled expression: extruders_enabled_count > 1.","false","","extruders_enabled_count > 1","","cura","1","0","-1|- param($m) $m.Value.ToUpperInvariant() |;0| param($m) $m.Value.ToUpperInvariant() |;1| param($m) $m.Value.ToUpperInvariant() |;2| param($m) $m.Value.ToUpperInvariant() |;3| param($m) $m.Value.ToUpperInvariant() |;4| param($m) $m.Value.ToUpperInvariant() |"
"wall_0_extruder_nr","Outer Wall Extruder","Walls","Wall Extruder","1","VT_INT","COMBO_BOX","-1","","","1","-1;0;1;2;3;4","","Cura path: Walls > Wall Extruder > Outer Wall Extruder. Source: Cura/resources/definitions/fdmprinter.def.json. Cura value expression: wall_extruder_nr. Cura enabled expression: extruders_enabled_count > 1.","false","","extruders_enabled_count > 1","wall_extruder_nr","cura","1","0","-1|- param($m) $m.Value.ToUpperInvariant() |;0| param($m) $m.Value.ToUpperInvariant() |;1| param($m) $m.Value.ToUpperInvariant() |;2| param($m) $m.Value.ToUpperInvariant() |;3| param($m) $m.Value.ToUpperInvariant() |;4| param($m) $m.Value.ToUpperInvariant() |"
"wall_x_extruder_nr","Inner Wall Extruder","Walls","Wall Extruder","2","VT_INT","COMBO_BOX","-1","","","1","-1;0;1;2;3;4","","Cura path: Walls > Wall Extruder > Inner Wall Extruder. Source: Cura/resources/definitions/fdmprinter.def.json. Cura value expression: wall_extruder_nr. Cura enabled expression: extruders_enabled_count > 1.","false","","extruders_enabled_count > 1","wall_extruder_nr","cura","1","0","-1|- param($m) $m.Value.ToUpperInvariant() |;0| param($m) $m.Value.ToUpperInvariant() |;1| param($m) $m.Value.ToUpperInvariant() |;2| param($m) $m.Value.ToUpperInvariant() |;3| param($m) $m.Value.ToUpperInvariant() |;4| param($m) $m.Value.ToUpperInvariant() |"
"wall_thickness","Wall Thickness","Walls","Wall Thickness","0","VT_FLOAT","NUMERIC_BOX","0.8","","","0.01","","mm","Cura path: Walls > Wall Thickness. Source: Cura/resources/definitions/fdmprinter.def.json. Cura value expression: wall_line_width_0 if magic_spiralize else 0.8.","false","","","wall_line_width_0 if magic_spiralize else 0.8","cura","1","1",""
"wall_line_count","Wall Line Count","Walls","Wall Thickness","1","VT_INT","NUMERIC_BOX","2","","","1","","","Cura path: Walls > Wall Thickness > Wall Line Count. Source: Cura/resources/definitions/fdmprinter.def.json. Cura value expression: 1 if magic_spiralize else max(1, round((wall_thickness - wall_line_width_0) / wall_line_width_x) + 1) if wall_thickness != 0 else 0.","false","","","1 if magic_spiralize else max(1, round((wall_thickness - wall_line_width_0) / wall_line_width_x) + 1) if wall_thickness != 0 else 0","cura","1","1",""
"wall_transition_length","Wall Transition Length","Walls","General","0","VT_FLOAT","NUMERIC_BOX","0.4","","","0.01","","mm","Cura path: Walls > Wall Transition Length. Source: Cura/resources/definitions/fdmprinter.def.json. Cura value expression: line_width.","false","","","line_width","cura","1","2",""
"wall_distribution_count","Wall Distribution Count","Walls","General","1","VT_INT","NUMERIC_BOX","1","","","1","","","Cura path: Walls > Wall Distribution Count. Source: Cura/resources/definitions/fdmprinter.def.json.","false","","","","","1","2",""
"wall_transition_angle","Wall Transitioning Threshold Angle","Walls","General","2","VT_FLOAT","NUMERIC_BOX","10","","","0.01","","°","Cura path: Walls > Wall Transitioning Threshold Angle. Source: Cura/resources/definitions/fdmprinter.def.json.","false","","","","","1","2",""
"wall_transition_filter_distance","Wall Transitioning Filter Distance","Walls","General","3","VT_FLOAT","NUMERIC_BOX","100","","","0.01","","mm","Cura path: Walls > Wall Transitioning Filter Distance. Source: Cura/resources/definitions/fdmprinter.def.json. Cura value expression: 100. Cura enabled expression: False.","false","","False","100","cura","1","2",""
"wall_transition_filter_deviation","Wall Transitioning Filter Margin","Walls","General","4","VT_FLOAT","NUMERIC_BOX","0.1","","","0.01","","mm","Cura path: Walls > Wall Transitioning Filter Margin. Source: Cura/resources/definitions/fdmprinter.def.json. Cura value expression: .25 * machine_nozzle_size.","false","","",".25 * machine_nozzle_size","cura","1","2",""
"wall_0_wipe_dist","Outer Wall Wipe Distance","Walls","General","5","VT_FLOAT","NUMERIC_BOX","0.2","","","0.01","","mm","Cura path: Walls > Outer Wall Wipe Distance. Source: Cura/resources/definitions/fdmprinter.def.json. Cura value expression: machine_nozzle_size / 2.","false","","","machine_nozzle_size / 2","cura","1","2",""
"wall_0_inset","Outer Wall Inset","Walls","General","6","VT_FLOAT","NUMERIC_BOX","0.0","","","0.01","","mm","Cura path: Walls > Outer Wall Inset. Source: Cura/resources/definitions/fdmprinter.def.json. Cura value expression: (machine_nozzle_size - wall_line_width_0) / 2 if (wall_line_width_0 < machine_nozzle_size and inset_direction != ""outside_in"") else 0.","false","","","(machine_nozzle_size - wall_line_width_0) / 2 if (wall_line_width_0 < machine_nozzle_size and inset_direction != ""outside_in"") else 0","cura","1","2",""
"optimize_wall_printing_order","Optimize Wall Printing Order","Walls","General","7","VT_BOOL","CHECK_BOX","true","","","","","","Cura path: Walls > Optimize Wall Printing Order. Source: Cura/resources/definitions/fdmprinter.def.json.","false","","","","","1","2",""
"inset_direction","Wall Ordering","Walls","General","8","VT_ENUM","COMBO_BOX","inside_out","","","","inside_out;outside_in","","Cura path: Walls > Wall Ordering. Source: Cura/resources/definitions/fdmprinter.def.json.","false","","","","","1","2","inside_out| param($m) $m.Value.ToUpperInvariant() nside  param($m) $m.Value.ToUpperInvariant() ut|;outside_in| param($m) $m.Value.ToUpperInvariant() utside  param($m) $m.Value.ToUpperInvariant() n|"
"initial_layer_inset_direction","Initial Layer Wall Ordering","Walls","General","9","VT_ENUM","COMBO_BOX","inside_out","","","","inside_out;outside_in","","Cura path: Walls > Initial Layer Wall Ordering. Source: Cura/resources/definitions/fdmprinter.def.json. Cura value expression: inset_direction.","false","","","inset_direction","cura","1","2","inside_out| param($m) $m.Value.ToUpperInvariant() nside  param($m) $m.Value.ToUpperInvariant() ut|;outside_in| param($m) $m.Value.ToUpperInvariant() utside  param($m) $m.Value.ToUpperInvariant() n|"
"alternate_extra_perimeter","Alternate Extra Wall","Walls","General","10","VT_BOOL","CHECK_BOX","false","","","","","","Cura path: Walls > Alternate Extra Wall. Source: Cura/resources/definitions/fdmprinter.def.json.","false","","","","","1","2",""
"fill_outline_gaps","Print Thin Walls","Walls","General","11","VT_BOOL","CHECK_BOX","true","","","","","","Cura path: Walls > Print Thin Walls. Source: Cura/resources/definitions/fdmprinter.def.json.","false","","","","","1","2",""
"min_feature_size","Minimum Feature Size","Walls","General","12","VT_FLOAT","NUMERIC_BOX","0.1","","","0.01","","mm","Cura path: Walls > Minimum Feature Size. Source: Cura/resources/definitions/fdmprinter.def.json. Cura value expression: wall_line_width_0 / 4. Cura enabled expression: fill_outline_gaps.","false","","fill_outline_gaps","wall_line_width_0 / 4","cura","1","2",""
"min_bead_width","Minimum Thin Wall Line Width","Walls","General","13","VT_FLOAT","NUMERIC_BOX","0.2","","","0.01","","mm","Cura path: Walls > Minimum Thin Wall Line Width. Source: Cura/resources/definitions/fdmprinter.def.json. Cura value expression: min_wall_line_width. Cura enabled expression: fill_outline_gaps.","false","","fill_outline_gaps","min_wall_line_width","cura","1","2",""
"xy_offset","Horizontal Expansion","Walls","General","14","VT_FLOAT","NUMERIC_BOX","0","","","0.01","","mm","Cura path: Walls > Horizontal Expansion. Source: Cura/resources/definitions/fdmprinter.def.json.","false","","","","","1","2",""
"xy_offset_layer_0","Initial Layer Horizontal Expansion","Walls","General","15","VT_FLOAT","NUMERIC_BOX","0","","","0.01","","mm","Cura path: Walls > Initial Layer Horizontal Expansion. Source: Cura/resources/definitions/fdmprinter.def.json. Cura value expression: xy_offset.","false","","","xy_offset","cura","1","2",""
"hole_xy_offset","Hole Horizontal Expansion","Walls","General","16","VT_FLOAT","NUMERIC_BOX","0","","","0.01","","mm","Cura path: Walls > Hole Horizontal Expansion. Source: Cura/resources/definitions/fdmprinter.def.json.","false","","","","","1","2",""
"hole_xy_offset_max_diameter","Hole Horizontal Expansion Max Diameter","Walls","General","17","VT_FLOAT","NUMERIC_BOX","0","","","0.01","","mm","Cura path: Walls > Hole Horizontal Expansion Max Diameter. Source: Cura/resources/definitions/fdmprinter.def.json. Cura enabled expression: hole_xy_offset > 0.","false","","hole_xy_offset > 0","","cura","1","2",""
"z_seam_type","Z Seam Alignment","Walls","General","18","VT_ENUM","COMBO_BOX","sharpest_corner","","","","sharpest_corner;shortest;back;random;user_specified","","Cura path: Walls > Z Seam Alignment. Source: Cura/resources/definitions/fdmprinter.def.json.","false","","","","","1","2","sharpest_corner| param($m) $m.Value.ToUpperInvariant() harpest  param($m) $m.Value.ToUpperInvariant() orner|;shortest| param($m) $m.Value.ToUpperInvariant() hortest|;back| param($m) $m.Value.ToUpperInvariant() ack|;random| param($m) $m.Value.ToUpperInvariant() andom|;user_specified| param($m) $m.Value.ToUpperInvariant() ser  param($m) $m.Value.ToUpperInvariant() pecified|"
"z_seam_on_vertex","Z Seam On Vertex","Walls","General","19","VT_BOOL","CHECK_BOX","false","","","","","","Cura path: Walls > Z Seam On Vertex. Source: Cura/resources/definitions/fdmprinter.def.json. Cura enabled expression: z_seam_type == 'back' or z_seam_type == 'shortest'.","false","","z_seam_type == 'back' or z_seam_type == 'shortest'","","cura","1","2",""
"z_seam_corner","Seam Corner Preference","Walls","General","20","VT_ENUM","COMBO_BOX","z_seam_corner_inner","","","","z_seam_corner_inner;z_seam_corner_outer;z_seam_corner_any;z_seam_corner_weighted","","Cura path: Walls > Seam Corner Preference. Source: Cura/resources/definitions/fdmprinter.def.json. Cura enabled expression: z_seam_type == 'sharpest_corner'.","false","","z_seam_type == 'sharpest_corner'","","cura","1","2","z_seam_corner_inner| param($m) $m.Value.ToUpperInvariant() nner|;z_seam_corner_outer| param($m) $m.Value.ToUpperInvariant() uter|;z_seam_corner_any| param($m) $m.Value.ToUpperInvariant() ny|;z_seam_corner_weighted| param($m) $m.Value.ToUpperInvariant() eighted|"
"z_seam_relative","Z Seam Relative","Walls","General","21","VT_BOOL","CHECK_BOX","false","","","","","","Cura path: Walls > Z Seam Relative. Source: Cura/resources/definitions/fdmprinter.def.json. Cura enabled expression: z_seam_type == 'back'.","false","","z_seam_type == 'back'","","cura","1","2",""
"min_wall_line_width","Minimum Wall Line Width","Walls","Minimum Wall Line Width","0","VT_FLOAT","NUMERIC_BOX","0.3","","","0.01","","mm","Cura path: Walls > Minimum Wall Line Width. Source: Cura/resources/definitions/fdmprinter.def.json. Cura value expression: machine_nozzle_size * .85.","false","","","machine_nozzle_size * .85","cura","1","3",""
"min_even_wall_line_width","Minimum Even Wall Line Width","Walls","Minimum Wall Line Width","1","VT_FLOAT","NUMERIC_BOX","0.3","","","0.01","","mm","Cura path: Walls > Minimum Wall Line Width > Minimum Even Wall Line Width. Source: Cura/resources/definitions/fdmprinter.def.json. Cura value expression: min_wall_line_width.","false","","","min_wall_line_width","cura","1","3",""
"min_odd_wall_line_width","Minimum Odd Wall Line Width","Walls","Minimum Wall Line Width","2","VT_FLOAT","NUMERIC_BOX","0.3","","","0.01","","mm","Cura path: Walls > Minimum Wall Line Width > Minimum Odd Wall Line Width. Source: Cura/resources/definitions/fdmprinter.def.json. Cura value expression: min_wall_line_width.","false","","","min_wall_line_width","cura","1","3",""
"z_seam_position","Z Seam Position","Walls","Z Seam Position","0","VT_ENUM","COMBO_BOX","back","","","","back;front;left;right;frontleft;frontright;backleft;backright","","Cura path: Walls > Z Seam Position. Source: Cura/resources/definitions/fdmprinter.def.json. Cura enabled expression: z_seam_type == 'back'.","false","","z_seam_type == 'back'","","cura","1","4","back| param($m) $m.Value.ToUpperInvariant() ack|;front| param($m) $m.Value.ToUpperInvariant() ront|;left| param($m) $m.Value.ToUpperInvariant() eft|;right| param($m) $m.Value.ToUpperInvariant() ight|;frontleft| param($m) $m.Value.ToUpperInvariant() rontleft|;frontright| param($m) $m.Value.ToUpperInvariant() rontright|;backleft| param($m) $m.Value.ToUpperInvariant() ackleft|;backright| param($m) $m.Value.ToUpperInvariant() ackright|"
"z_seam_x","Z Seam X","Walls","Z Seam Position","1","VT_FLOAT","NUMERIC_BOX","100.0","","","0.01","","mm","Cura path: Walls > Z Seam Position > Z Seam X. Source: Cura/resources/definitions/fdmprinter.def.json. Cura value expression: (0 if (z_seam_position == 'frontleft' or z_seam_position == 'left' or z_seam_position == 'backleft') else machine_width / 2 if (z_seam_position == 'front' or z_seam_position == 'back' or z_seam_position == 'middle') else machine_width) - (machine_width / 2 if z_seam_relative or machine_center_is_zero else 0). Cura enabled expression: z_seam_type == 'back'.","false","","z_seam_type == 'back'","(0 if (z_seam_position == 'frontleft' or z_seam_position == 'left' or z_seam_position == 'backleft') else machine_width / 2 if (z_seam_position == 'front' or z_seam_position == 'back' or z_seam_position == 'middle') else machine_width) - (machine_width / 2 if z_seam_relative or machine_center_is_zero else 0)","cura","1","4",""
"z_seam_y","Z Seam Y","Walls","Z Seam Position","2","VT_FLOAT","NUMERIC_BOX","100.0","","","0.01","","mm","Cura path: Walls > Z Seam Position > Z Seam Y. Source: Cura/resources/definitions/fdmprinter.def.json. Cura value expression: (0 if (z_seam_position == 'frontleft' or z_seam_position == 'front' or z_seam_position == 'frontright') else machine_depth / 2 if (z_seam_position == 'left' or z_seam_position == 'right' or z_seam_position == 'middle') else machine_depth) - (machine_depth / 2 if z_seam_relative or machine_center_is_zero else 0). Cura enabled expression: z_seam_type == 'back'.","false","","z_seam_type == 'back'","(0 if (z_seam_position == 'frontleft' or z_seam_position == 'front' or z_seam_position == 'frontright') else machine_depth / 2 if (z_seam_position == 'left' or z_seam_position == 'right' or z_seam_position == 'middle') else machine_depth) - (machine_depth / 2 if z_seam_relative or machine_center_is_zero else 0)","cura","1","4",""
"roofing_extruder_nr","Top Surface Skin Extruder","Top/Bottom","General","0","VT_INT","COMBO_BOX","-1","","","1","-1;0;1;2;3;4","","Cura path: Top/Bottom > Top Surface Skin Extruder. Source: Cura/resources/definitions/fdmprinter.def.json. Cura value expression: top_bottom_extruder_nr. Cura enabled expression: extruders_enabled_count > 1 and max(extruderValues('roofing_layer_count')) > 0 and max(extruderValues('top_layers')) > 0.","false","","extruders_enabled_count > 1 and max(extruderValues('roofing_layer_count')) > 0 and max(extruderValues('top_layers')) > 0","top_bottom_extruder_nr","cura","2","0","-1|- param($m) $m.Value.ToUpperInvariant() |;0| param($m) $m.Value.ToUpperInvariant() |;1| param($m) $m.Value.ToUpperInvariant() |;2| param($m) $m.Value.ToUpperInvariant() |;3| param($m) $m.Value.ToUpperInvariant() |;4| param($m) $m.Value.ToUpperInvariant() |"
"flooring_extruder_nr","Bottom Surface Skin Extruder","Top/Bottom","General","1","VT_INT","COMBO_BOX","-1","","","1","-1;0;1;2;3;4","","Cura path: Top/Bottom > Bottom Surface Skin Extruder. Source: Cura/resources/definitions/fdmprinter.def.json. Cura value expression: top_bottom_extruder_nr. Cura enabled expression: extruders_enabled_count > 1 and max(extruderValues('flooring_layer_count')) > 0 and max(extruderValues('bottom_layers')) > 0.","false","","extruders_enabled_count > 1 and max(extruderValues('flooring_layer_count')) > 0 and max(extruderValues('bottom_layers')) > 0","top_bottom_extruder_nr","cura","2","0","-1|- param($m) $m.Value.ToUpperInvariant() |;0| param($m) $m.Value.ToUpperInvariant() |;1| param($m) $m.Value.ToUpperInvariant() |;2| param($m) $m.Value.ToUpperInvariant() |;3| param($m) $m.Value.ToUpperInvariant() |;4| param($m) $m.Value.ToUpperInvariant() |"
"top_bottom_extruder_nr","Top/Bottom Extruder","Top/Bottom","General","2","VT_INT","COMBO_BOX","-1","","","1","-1;0;1;2;3;4","","Cura path: Top/Bottom > Top/Bottom Extruder. Source: Cura/resources/definitions/fdmprinter.def.json. Cura enabled expression: extruders_enabled_count > 1.","false","","extruders_enabled_count > 1","","cura","2","0","-1|- param($m) $m.Value.ToUpperInvariant() |;0| param($m) $m.Value.ToUpperInvariant() |;1| param($m) $m.Value.ToUpperInvariant() |;2| param($m) $m.Value.ToUpperInvariant() |;3| param($m) $m.Value.ToUpperInvariant() |;4| param($m) $m.Value.ToUpperInvariant() |"
"top_bottom_pattern","Top/Bottom Pattern","Top/Bottom","General","3","VT_ENUM","COMBO_BOX","lines","","","","lines;zigzag;concentric","","Cura path: Top/Bottom > Top/Bottom Pattern. Source: Cura/resources/definitions/fdmprinter.def.json. Cura enabled expression: top_layers > 0 or bottom_layers > 0.","false","","top_layers > 0 or bottom_layers > 0","","cura","2","0","lines| param($m) $m.Value.ToUpperInvariant() ines|;zigzag| param($m) $m.Value.ToUpperInvariant() igzag|;concentric| param($m) $m.Value.ToUpperInvariant() oncentric|"
"top_bottom_pattern_0","Bottom Pattern Initial Layer","Top/Bottom","General","4","VT_ENUM","COMBO_BOX","lines","","","","lines;zigzag;concentric","","Cura path: Top/Bottom > Bottom Pattern Initial Layer. Source: Cura/resources/definitions/fdmprinter.def.json. Cura value expression: top_bottom_pattern. Cura enabled expression: top_layers > 0 or bottom_layers > 0.","false","","top_layers > 0 or bottom_layers > 0","top_bottom_pattern","cura","2","0","lines| param($m) $m.Value.ToUpperInvariant() ines|;zigzag| param($m) $m.Value.ToUpperInvariant() igzag|;concentric| param($m) $m.Value.ToUpperInvariant() oncentric|"
"connect_skin_polygons","Connect Top/Bottom Polygons","Top/Bottom","General","5","VT_BOOL","CHECK_BOX","false","","","","","","Cura path: Top/Bottom > Connect Top/Bottom Polygons. Source: Cura/resources/definitions/fdmprinter.def.json. Cura enabled expression: ((top_layers > 0 or bottom_layers > 0) and top_bottom_pattern == 'concentric') or (initial_bottom_layers > 0 and top_bottom_pattern_0 == 'concentric') or (roofing_layer_count > 0 and roofing_pattern == 'concentric').","false","","((top_layers > 0 or bottom_layers > 0) and top_bottom_pattern == 'concentric') or (initial_bottom_layers > 0 and top_bottom_pattern_0 == 'concentric') or (roofing_layer_count > 0 and roofing_pattern == 'concentric')","","cura","2","0",""
"skin_monotonic","Monotonic Top/Bottom Order","Top/Bottom","General","6","VT_BOOL","CHECK_BOX","false","","","","","","Cura path: Top/Bottom > Monotonic Top/Bottom Order. Source: Cura/resources/definitions/fdmprinter.def.json. Cura enabled expression: (top_layers > 0 or bottom_layers > 0) and (top_bottom_pattern != 'concentric' or top_bottom_pattern_0 != 'concentric').","false","","(top_layers > 0 or bottom_layers > 0) and (top_bottom_pattern != 'concentric' or top_bottom_pattern_0 != 'concentric')","","cura","2","0",""
"skin_angles","Top/Bottom Line Directions","Top/Bottom","General","7","VT_STRING","TEXT_BOX","[ ]","","","","","","Cura path: Top/Bottom > Top/Bottom Line Directions. Source: Cura/resources/definitions/fdmprinter.def.json. List value encoded as text for ParameterValue.string_value. Cura enabled expression: (top_layers > 0 or bottom_layers > 0) and top_bottom_pattern != 'concentric'.","false","","(top_layers > 0 or bottom_layers > 0) and top_bottom_pattern != 'concentric'","","cura","2","0",""
"small_skin_width","Small Top/Bottom Width","Top/Bottom","General","8","VT_FLOAT","NUMERIC_BOX","1","","","0.01","","mm","Cura path: Top/Bottom > Small Top/Bottom Width. Source: Cura/resources/definitions/fdmprinter.def.json. Cura value expression: skin_line_width * 2. Cura enabled expression: (top_layers > 0 or bottom_layers > 0) and top_bottom_pattern != 'concentric'.","false","","(top_layers > 0 or bottom_layers > 0) and top_bottom_pattern != 'concentric'","skin_line_width * 2","cura","2","0",""
"small_skin_on_surface","Small Top/Bottom On Surface","Top/Bottom","General","9","VT_BOOL","CHECK_BOX","false","","","","","","Cura path: Top/Bottom > Small Top/Bottom On Surface. Source: Cura/resources/definitions/fdmprinter.def.json. Cura value expression: False. Cura enabled expression: small_skin_width > 0 and top_layers > 0.","false","","small_skin_width > 0 and top_layers > 0","False","cura","2","0",""
"skin_no_small_gaps_heuristic","No Skin in Z Gaps","Top/Bottom","General","10","VT_BOOL","CHECK_BOX","false","","","","","","Cura path: Top/Bottom > No Skin in Z Gaps. Source: Cura/resources/definitions/fdmprinter.def.json. Cura enabled expression: top_layers > 0 or bottom_layers > 0.","false","","top_layers > 0 or bottom_layers > 0","","cura","2","0",""
"skin_outline_count","Extra Skin Wall Count","Top/Bottom","General","11","VT_INT","NUMERIC_BOX","1","","","1","","","Cura path: Top/Bottom > Extra Skin Wall Count. Source: Cura/resources/definitions/fdmprinter.def.json. Cura value expression: 0 if top_bottom_pattern == 'concentric' and top_bottom_pattern_0 == 'concentric' and roofing_layer_count <= 0 else 1. Cura enabled expression: (top_layers > 0 or bottom_layers > 0) and (top_bottom_pattern != 'concentric' or top_bottom_pattern_0 != 'concentric' or (roofing_layer_count > 0 and roofing_pattern != 'concentric')).","false","","(top_layers > 0 or bottom_layers > 0) and (top_bottom_pattern != 'concentric' or top_bottom_pattern_0 != 'concentric' or (roofing_layer_count > 0 and roofing_pattern != 'concentric'))","0 if top_bottom_pattern == 'concentric' and top_bottom_pattern_0 == 'concentric' and roofing_layer_count <= 0 else 1","cura","2","0",""
"ironing_enabled","Enable Ironing","Top/Bottom","General","12","VT_BOOL","CHECK_BOX","false","","","","","","Cura path: Top/Bottom > Enable Ironing. Source: Cura/resources/definitions/fdmprinter.def.json.","false","","","","","2","0",""
"ironing_only_highest_layer","Iron Only Highest Layer","Top/Bottom","General","13","VT_BOOL","CHECK_BOX","false","","","","","","Cura path: Top/Bottom > Iron Only Highest Layer. Source: Cura/resources/definitions/fdmprinter.def.json. Cura enabled expression: ironing_enabled.","false","","ironing_enabled","","cura","2","0",""
"ironing_pattern","Ironing Pattern","Top/Bottom","General","14","VT_ENUM","COMBO_BOX","zigzag","","","","zigzag;concentric","","Cura path: Top/Bottom > Ironing Pattern. Source: Cura/resources/definitions/fdmprinter.def.json. Cura enabled expression: ironing_enabled.","false","","ironing_enabled","","cura","2","0","zigzag| param($m) $m.Value.ToUpperInvariant() igzag|;concentric| param($m) $m.Value.ToUpperInvariant() oncentric|"
"ironing_monotonic","Monotonic Ironing Order","Top/Bottom","General","15","VT_BOOL","CHECK_BOX","false","","","","","","Cura path: Top/Bottom > Monotonic Ironing Order. Source: Cura/resources/definitions/fdmprinter.def.json. Cura enabled expression: ironing_enabled and ironing_pattern != 'concentric'.","false","","ironing_enabled and ironing_pattern != 'concentric'","","cura","2","0",""
"ironing_line_spacing","Ironing Line Spacing","Top/Bottom","General","16","VT_FLOAT","NUMERIC_BOX","0.1","","","0.01","","mm","Cura path: Top/Bottom > Ironing Line Spacing. Source: Cura/resources/definitions/fdmprinter.def.json. Cura enabled expression: ironing_enabled.","false","","ironing_enabled","","cura","2","0",""
"ironing_flow","Ironing Flow","Top/Bottom","General","17","VT_FLOAT","NUMERIC_BOX","10.0","","","0.01","","%","Cura path: Top/Bottom > Ironing Flow. Source: Cura/resources/definitions/fdmprinter.def.json. Cura enabled expression: ironing_enabled.","false","","ironing_enabled","","cura","2","0",""
"ironing_inset","Ironing Inset","Top/Bottom","General","18","VT_FLOAT","NUMERIC_BOX","0.35","","","0.01","","mm","Cura path: Top/Bottom > Ironing Inset. Source: Cura/resources/definitions/fdmprinter.def.json. Cura value expression: wall_line_width_0 / 2 + (ironing_line_spacing - skin_line_width * (1.0 + ironing_flow / 100) / 2 if ironing_pattern == 'concentric' else skin_line_width * (1.0 - ironing_flow / 100) / 2). Cura enabled expression: ironing_enabled.","false","","ironing_enabled","wall_line_width_0 / 2 + (ironing_line_spacing - skin_line_width * (1.0 + ironing_flow / 100) / 2 if ironing_pattern == 'concentric' else skin_line_width * (1.0 - ironing_flow / 100) / 2)","cura","2","0",""
"speed_ironing","Ironing Speed","Top/Bottom","General","19","VT_FLOAT","NUMERIC_BOX","20.0","","","0.01","","mm/s","Cura path: Top/Bottom > Ironing Speed. Source: Cura/resources/definitions/fdmprinter.def.json. Cura value expression: speed_topbottom * 20 / 30. Cura enabled expression: ironing_enabled.","false","","ironing_enabled","speed_topbottom * 20 / 30","cura","2","0",""
"acceleration_ironing","Ironing Acceleration","Top/Bottom","General","20","VT_FLOAT","NUMERIC_BOX","3000","","","0.01","","mm/s²","Cura path: Top/Bottom > Ironing Acceleration. Source: Cura/resources/definitions/fdmprinter.def.json. Cura value expression: acceleration_topbottom. Cura enabled expression: resolveOrValue('acceleration_enabled') and ironing_enabled.","false","","resolveOrValue('acceleration_enabled') and ironing_enabled","acceleration_topbottom","cura","2","0",""
"jerk_ironing","Ironing Jerk","Top/Bottom","General","21","VT_FLOAT","NUMERIC_BOX","20","","","0.01","","mm/s","Cura path: Top/Bottom > Ironing Jerk. Source: Cura/resources/definitions/fdmprinter.def.json. Cura value expression: jerk_topbottom. Cura enabled expression: resolveOrValue('jerk_enabled') and ironing_enabled.","false","","resolveOrValue('jerk_enabled') and ironing_enabled","jerk_topbottom","cura","2","0",""
"roofing_layer_count","Top Surface Skin Layers","Top/Bottom","Top Surface Skin Layers","0","VT_INT","NUMERIC_BOX","0","","","1","","","Cura path: Top/Bottom > Top Surface Skin Layers. Source: Cura/resources/definitions/fdmprinter.def.json. Cura value expression: 0. Cura enabled expression: top_layers > 0.","false","","top_layers > 0","0","cura","2","1",""
"roofing_line_width","Top Surface Skin Line Width","Top/Bottom","Top Surface Skin Layers","1","VT_FLOAT","NUMERIC_BOX","0.4","","","0.01","","mm","Cura path: Top/Bottom > Top Surface Skin Layers > Top Surface Skin Line Width. Source: Cura/resources/definitions/fdmprinter.def.json. Cura value expression: skin_line_width. Cura enabled expression: roofing_layer_count > 0 and top_layers > 0.","false","","roofing_layer_count > 0 and top_layers > 0","skin_line_width","cura","2","1",""
"roofing_pattern","Top Surface Skin Pattern","Top/Bottom","Top Surface Skin Layers","2","VT_ENUM","COMBO_BOX","lines","","","","lines;zigzag;concentric","","Cura path: Top/Bottom > Top Surface Skin Layers > Top Surface Skin Pattern. Source: Cura/resources/definitions/fdmprinter.def.json. Cura value expression: top_bottom_pattern. Cura enabled expression: roofing_layer_count > 0 and top_layers > 0.","false","","roofing_layer_count > 0 and top_layers > 0","top_bottom_pattern","cura","2","1","lines| param($m) $m.Value.ToUpperInvariant() ines|;zigzag| param($m) $m.Value.ToUpperInvariant() igzag|;concentric| param($m) $m.Value.ToUpperInvariant() oncentric|"
"roofing_monotonic","Monotonic Top Surface Order","Top/Bottom","Top Surface Skin Layers","3","VT_BOOL","CHECK_BOX","true","","","","","","Cura path: Top/Bottom > Top Surface Skin Layers > Monotonic Top Surface Order. Source: Cura/resources/definitions/fdmprinter.def.json. Cura value expression: True. Cura enabled expression: roofing_layer_count > 0 and top_layers > 0 and roofing_pattern != 'concentric'.","false","","roofing_layer_count > 0 and top_layers > 0 and roofing_pattern != 'concentric'","True","cura","2","1",""
"roofing_angles","Top Surface Skin Line Directions","Top/Bottom","Top Surface Skin Layers","4","VT_STRING","TEXT_BOX","[ ]","","","","","","Cura path: Top/Bottom > Top Surface Skin Layers > Top Surface Skin Line Directions. Source: Cura/resources/definitions/fdmprinter.def.json. List value encoded as text for ParameterValue.string_value. Cura value expression: skin_angles. Cura enabled expression: roofing_pattern != 'concentric' and roofing_layer_count > 0 and top_layers > 0.","false","","roofing_pattern != 'concentric' and roofing_layer_count > 0 and top_layers > 0","skin_angles","cura","2","1",""
"roofing_expansion","Top Surface Expansion","Top/Bottom","Top Surface Skin Layers","5","VT_FLOAT","NUMERIC_BOX","0","","","0.01","","","Cura path: Top/Bottom > Top Surface Skin Layers > Top Surface Expansion. Source: Cura/resources/definitions/fdmprinter.def.json. Cura value expression: 0. Cura enabled expression: roofing_layer_count > 0 and top_layers > 0.","false","","roofing_layer_count > 0 and top_layers > 0","0","cura","2","1",""
"flooring_layer_count","Bottom Surface Skin Layers","Top/Bottom","Bottom Surface Skin Layers","0","VT_INT","NUMERIC_BOX","0","","","1","","","Cura path: Top/Bottom > Bottom Surface Skin Layers. Source: Cura/resources/definitions/fdmprinter.def.json. Cura value expression: 0. Cura enabled expression: bottom_layers > 0.","false","","bottom_layers > 0","0","cura","2","2",""
"flooring_line_width","Bottom Surface Skin Line Width","Top/Bottom","Bottom Surface Skin Layers","1","VT_FLOAT","NUMERIC_BOX","0.4","","","0.01","","mm","Cura path: Top/Bottom > Bottom Surface Skin Layers > Bottom Surface Skin Line Width. Source: Cura/resources/definitions/fdmprinter.def.json. Cura value expression: skin_line_width. Cura enabled expression: flooring_layer_count > 0 and bottom_layers > 0.","false","","flooring_layer_count > 0 and bottom_layers > 0","skin_line_width","cura","2","2",""
"flooring_pattern","Bottom Surface Skin Pattern","Top/Bottom","Bottom Surface Skin Layers","2","VT_ENUM","COMBO_BOX","lines","","","","lines;zigzag;concentric","","Cura path: Top/Bottom > Bottom Surface Skin Layers > Bottom Surface Skin Pattern. Source: Cura/resources/definitions/fdmprinter.def.json. Cura value expression: top_bottom_pattern. Cura enabled expression: flooring_layer_count > 0 and bottom_layers > 0.","false","","flooring_layer_count > 0 and bottom_layers > 0","top_bottom_pattern","cura","2","2","lines| param($m) $m.Value.ToUpperInvariant() ines|;zigzag| param($m) $m.Value.ToUpperInvariant() igzag|;concentric| param($m) $m.Value.ToUpperInvariant() oncentric|"
"flooring_monotonic","Monotonic Bottom Surface Order","Top/Bottom","Bottom Surface Skin Layers","3","VT_BOOL","CHECK_BOX","true","","","","","","Cura path: Top/Bottom > Bottom Surface Skin Layers > Monotonic Bottom Surface Order. Source: Cura/resources/definitions/fdmprinter.def.json. Cura value expression: True. Cura enabled expression: flooring_layer_count > 0 and bottom_layers > 0 and flooring_pattern != 'concentric'.","false","","flooring_layer_count > 0 and bottom_layers > 0 and flooring_pattern != 'concentric'","True","cura","2","2",""
"flooring_angles","Bottom Surface Skin Line Directions","Top/Bottom","Bottom Surface Skin Layers","4","VT_STRING","TEXT_BOX","[ ]","","","","","","Cura path: Top/Bottom > Bottom Surface Skin Layers > Bottom Surface Skin Line Directions. Source: Cura/resources/definitions/fdmprinter.def.json. List value encoded as text for ParameterValue.string_value. Cura value expression: skin_angles. Cura enabled expression: flooring_pattern != 'concentric' and flooring_layer_count > 0 and bottom_layers > 0.","false","","flooring_pattern != 'concentric' and flooring_layer_count > 0 and bottom_layers > 0","skin_angles","cura","2","2",""
"top_bottom_thickness","Top/Bottom Thickness","Top/Bottom","Top/Bottom Thickness","0","VT_FLOAT","NUMERIC_BOX","0.8","","","0.01","","mm","Cura path: Top/Bottom > Top/Bottom Thickness. Source: Cura/resources/definitions/fdmprinter.def.json.","false","","","","","2","3",""
"top_thickness","Top Thickness","Top/Bottom","Top/Bottom Thickness","1","VT_FLOAT","NUMERIC_BOX","0.8","","","0.01","","mm","Cura path: Top/Bottom > Top/Bottom Thickness > Top Thickness. Source: Cura/resources/definitions/fdmprinter.def.json. Cura value expression: top_bottom_thickness.","false","","","top_bottom_thickness","cura","2","3",""
"top_layers","Top Layers","Top/Bottom","Top/Bottom Thickness","2","VT_INT","NUMERIC_BOX","8","","","1","","","Cura path: Top/Bottom > Top/Bottom Thickness > Top Thickness > Top Layers. Source: Cura/resources/definitions/fdmprinter.def.json. Cura value expression: math.ceil(round(top_thickness / resolveOrValue('layer_height'), 4)).","false","","","math.ceil(round(top_thickness / resolveOrValue('layer_height'), 4))","cura","2","3",""
"bottom_thickness","Bottom Thickness","Top/Bottom","Top/Bottom Thickness","3","VT_FLOAT","NUMERIC_BOX","0.6","","","0.01","","mm","Cura path: Top/Bottom > Top/Bottom Thickness > Bottom Thickness. Source: Cura/resources/definitions/fdmprinter.def.json. Cura value expression: top_bottom_thickness.","false","","","top_bottom_thickness","cura","2","3",""
"bottom_layers","Bottom Layers","Top/Bottom","Top/Bottom Thickness","4","VT_INT","NUMERIC_BOX","6","","","1","","","Cura path: Top/Bottom > Top/Bottom Thickness > Bottom Thickness > Bottom Layers. Source: Cura/resources/definitions/fdmprinter.def.json. Cura value expression: math.ceil(round(bottom_thickness / resolveOrValue('layer_height'), 4)).","false","","","math.ceil(round(bottom_thickness / resolveOrValue('layer_height'), 4))","cura","2","3",""
"initial_bottom_layers","Initial Bottom Layers","Top/Bottom","Top/Bottom Thickness","5","VT_INT","NUMERIC_BOX","6","","","1","","","Cura path: Top/Bottom > Top/Bottom Thickness > Bottom Thickness > Initial Bottom Layers. Source: Cura/resources/definitions/fdmprinter.def.json. Cura value expression: bottom_layers.","false","","","bottom_layers","cura","2","3",""
"skin_overlap","Skin Overlap Percentage","Top/Bottom","Skin Overlap Percentage","0","VT_FLOAT","NUMERIC_BOX","5","","","0.01","","%","Cura path: Top/Bottom > Skin Overlap Percentage. Source: Cura/resources/definitions/fdmprinter.def.json. Cura value expression: 5 if top_bottom_pattern != 'concentric' else 0. Cura enabled expression: (top_layers > 0 or bottom_layers > 0) and top_bottom_pattern != 'concentric'.","false","","(top_layers > 0 or bottom_layers > 0) and top_bottom_pattern != 'concentric'","5 if top_bottom_pattern != 'concentric' else 0","cura","2","4",""
"skin_overlap_mm","Skin Overlap","Top/Bottom","Skin Overlap Percentage","1","VT_FLOAT","NUMERIC_BOX","0.02","","","0.01","","mm","Cura path: Top/Bottom > Skin Overlap Percentage > Skin Overlap. Source: Cura/resources/definitions/fdmprinter.def.json. Cura value expression: 0.5 * (skin_line_width + (wall_line_width_x if wall_line_count > 1 else wall_line_width_0)) * skin_overlap / 100 if top_bottom_pattern != 'concentric' else 0. Cura enabled expression: (top_layers > 0 or bottom_layers > 0) and top_bottom_pattern != 'concentric'.","false","","(top_layers > 0 or bottom_layers > 0) and top_bottom_pattern != 'concentric'","0.5 * (skin_line_width + (wall_line_width_x if wall_line_count > 1 else wall_line_width_0)) * skin_overlap / 100 if top_bottom_pattern != 'concentric' else 0","cura","2","4",""
"skin_preshrink","Skin Removal Width","Top/Bottom","Skin Removal Width","0","VT_FLOAT","NUMERIC_BOX","1","","","0.01","","mm","Cura path: Top/Bottom > Skin Removal Width. Source: Cura/resources/definitions/fdmprinter.def.json. Cura value expression: wall_line_width_0 + (wall_line_count - 1) * wall_line_width_x. Cura enabled expression: top_layers > 0 or bottom_layers > 0.","false","","top_layers > 0 or bottom_layers > 0","wall_line_width_0 + (wall_line_count - 1) * wall_line_width_x","cura","2","5",""
"top_skin_preshrink","Top Skin Removal Width","Top/Bottom","Skin Removal Width","1","VT_FLOAT","NUMERIC_BOX","1","","","0.01","","mm","Cura path: Top/Bottom > Skin Removal Width > Top Skin Removal Width. Source: Cura/resources/definitions/fdmprinter.def.json. Cura value expression: skin_preshrink. Cura enabled expression: top_layers > 0 or bottom_layers > 0.","false","","top_layers > 0 or bottom_layers > 0","skin_preshrink","cura","2","5",""
"bottom_skin_preshrink","Bottom Skin Removal Width","Top/Bottom","Skin Removal Width","2","VT_FLOAT","NUMERIC_BOX","1","","","0.01","","mm","Cura path: Top/Bottom > Skin Removal Width > Bottom Skin Removal Width. Source: Cura/resources/definitions/fdmprinter.def.json. Cura value expression: skin_preshrink. Cura enabled expression: top_layers > 0 or bottom_layers > 0.","false","","top_layers > 0 or bottom_layers > 0","skin_preshrink","cura","2","5",""
"expand_skins_expand_distance","Skin Expand Distance","Top/Bottom","Skin Expand Distance","0","VT_FLOAT","NUMERIC_BOX","1","","","0.01","","mm","Cura path: Top/Bottom > Skin Expand Distance. Source: Cura/resources/definitions/fdmprinter.def.json. Cura value expression: max(-skin_preshrink, wall_line_width_0 + (wall_line_count - 1) * wall_line_width_x). Cura enabled expression: top_layers > 0 or bottom_layers > 0.","false","","top_layers > 0 or bottom_layers > 0","max(-skin_preshrink, wall_line_width_0 + (wall_line_count - 1) * wall_line_width_x)","cura","2","6",""
"top_skin_expand_distance","Top Skin Expand Distance","Top/Bottom","Skin Expand Distance","1","VT_FLOAT","NUMERIC_BOX","1","","","0.01","","mm","Cura path: Top/Bottom > Skin Expand Distance > Top Skin Expand Distance. Source: Cura/resources/definitions/fdmprinter.def.json. Cura value expression: expand_skins_expand_distance. Cura enabled expression: top_layers > 0 or bottom_layers > 0.","false","","top_layers > 0 or bottom_layers > 0","expand_skins_expand_distance","cura","2","6",""
"bottom_skin_expand_distance","Bottom Skin Expand Distance","Top/Bottom","Skin Expand Distance","2","VT_FLOAT","NUMERIC_BOX","1","","","0.01","","mm","Cura path: Top/Bottom > Skin Expand Distance > Bottom Skin Expand Distance. Source: Cura/resources/definitions/fdmprinter.def.json. Cura value expression: expand_skins_expand_distance. Cura enabled expression: top_layers > 0 or bottom_layers > 0.","false","","top_layers > 0 or bottom_layers > 0","expand_skins_expand_distance","cura","2","6",""
"max_skin_angle_for_expansion","Maximum Skin Angle for Expansion","Top/Bottom","Maximum Skin Angle for Expansion","0","VT_FLOAT","NUMERIC_BOX","90","","","0.01","","°","Cura path: Top/Bottom > Maximum Skin Angle for Expansion. Source: Cura/resources/definitions/fdmprinter.def.json. Cura enabled expression: (top_layers > 0 or bottom_layers > 0) and (top_skin_expand_distance > 0 or bottom_skin_expand_distance > 0).","false","","(top_layers > 0 or bottom_layers > 0) and (top_skin_expand_distance > 0 or bottom_skin_expand_distance > 0)","","cura","2","7",""
"min_skin_width_for_expansion","Minimum Skin Width for Expansion","Top/Bottom","Maximum Skin Angle for Expansion","1","VT_FLOAT","NUMERIC_BOX","0","","","0.01","","mm","Cura path: Top/Bottom > Maximum Skin Angle for Expansion > Minimum Skin Width for Expansion. Source: Cura/resources/definitions/fdmprinter.def.json. Cura value expression: top_layers * layer_height / math.tan(math.radians(max_skin_angle_for_expansion)). Cura enabled expression: (top_layers > 0 or bottom_layers > 0) and (top_skin_expand_distance > 0 or bottom_skin_expand_distance > 0).","false","","(top_layers > 0 or bottom_layers > 0) and (top_skin_expand_distance > 0 or bottom_skin_expand_distance > 0)","top_layers * layer_height / math.tan(math.radians(max_skin_angle_for_expansion))","cura","2","7",""
"infill_extruder_nr","Infill Extruder","Infill","General","0","VT_INT","COMBO_BOX","-1","","","1","-1;0;1;2;3;4","","Cura path: Infill > Infill Extruder. Source: Cura/resources/definitions/fdmprinter.def.json. Cura enabled expression: extruders_enabled_count > 1.","false","","extruders_enabled_count > 1","","cura","3","0","-1|- param($m) $m.Value.ToUpperInvariant() |;0| param($m) $m.Value.ToUpperInvariant() |;1| param($m) $m.Value.ToUpperInvariant() |;2| param($m) $m.Value.ToUpperInvariant() |;3| param($m) $m.Value.ToUpperInvariant() |;4| param($m) $m.Value.ToUpperInvariant() |"
"infill_pattern","Infill Pattern","Infill","General","1","VT_ENUM","COMBO_BOX","grid","","","","lines;grid;triangles;trihexagon;cubic;cubic_subdiv;octet;quarter_cubic;concentric;zigzag;cross;cross_3d;gyroid;lightning","","Cura path: Infill > Infill Pattern. Source: Cura/resources/definitions/fdmprinter.def.json. Cura value expression: 'lines' if infill_sparse_density > 25 else 'grid'. Cura enabled expression: infill_line_distance > 0.","false","","infill_line_distance > 0","'lines' if infill_sparse_density > 25 else 'grid'","cura","3","0","lines| param($m) $m.Value.ToUpperInvariant() ines|;grid| param($m) $m.Value.ToUpperInvariant() rid|;triangles| param($m) $m.Value.ToUpperInvariant() riangles|;trihexagon| param($m) $m.Value.ToUpperInvariant() rihexagon|;cubic| param($m) $m.Value.ToUpperInvariant() ubic|;cubic_subdiv| param($m) $m.Value.ToUpperInvariant() ubic  param($m) $m.Value.ToUpperInvariant() ubdiv|;octet| param($m) $m.Value.ToUpperInvariant() ctet|;quarter_cubic| param($m) $m.Value.ToUpperInvariant() uarter  param($m) $m.Value.ToUpperInvariant() ubic|;concentric| param($m) $m.Value.ToUpperInvariant() oncentric|;zigzag| param($m) $m.Value.ToUpperInvariant() igzag|;cross| param($m) $m.Value.ToUpperInvariant() ross|;cross_3d| param($m) $m.Value.ToUpperInvariant() ross  param($m) $m.Value.ToUpperInvariant() d|;gyroid| param($m) $m.Value.ToUpperInvariant() yroid|;lightning| param($m) $m.Value.ToUpperInvariant() ightning|"
"zig_zaggify_infill","Connect Infill Lines","Infill","General","2","VT_BOOL","CHECK_BOX","false","","","","","","Cura path: Infill > Connect Infill Lines. Source: Cura/resources/definitions/fdmprinter.def.json. Cura value expression: infill_pattern == 'cross' or infill_pattern == 'cross_3d'. Cura enabled expression: infill_pattern == 'lines' or infill_pattern == 'grid' or infill_pattern == 'triangles' or infill_pattern == 'trihexagon' or infill_pattern == 'cubic' or infill_pattern == 'tetrahedral' or infill_pattern == 'quarter_cubic' or infill_pattern == 'cross' or infill_pattern == 'cross_3d' or infill_pattern == 'gyroid' or infill_pattern == 'honeycomb' or infill_pattern == 'octagon'.","false","","infill_pattern == 'lines' or infill_pattern == 'grid' or infill_pattern == 'triangles' or infill_pattern == 'trihexagon' or infill_pattern == 'cubic' or infill_pattern == 'tetrahedral' or infill_pattern == 'quarter_cubic' or infill_pattern == 'cross' or infill_pattern == 'cross_3d' or infill_pattern == 'gyroid' or infill_pattern == 'honeycomb' or infill_pattern == 'octagon'","infill_pattern == 'cross' or infill_pattern == 'cross_3d'","cura","3","0",""
"connect_infill_polygons","Connect Infill Polygons","Infill","General","3","VT_BOOL","CHECK_BOX","true","","","","","","Cura path: Infill > Connect Infill Polygons. Source: Cura/resources/definitions/fdmprinter.def.json. Cura value expression: (infill_pattern == 'cross' or infill_pattern == 'cross_3d' or infill_multiplier % 2 == 0) and infill_wall_line_count > 0. Cura enabled expression: infill_pattern != 'lightning' and (infill_pattern == 'cross' or infill_pattern == 'cross_3d' or infill_pattern == 'concentric' or infill_multiplier % 2 == 0 or infill_wall_line_count > 1).","false","","infill_pattern != 'lightning' and (infill_pattern == 'cross' or infill_pattern == 'cross_3d' or infill_pattern == 'concentric' or infill_multiplier % 2 == 0 or infill_wall_line_count > 1)","(infill_pattern == 'cross' or infill_pattern == 'cross_3d' or infill_multiplier % 2 == 0) and infill_wall_line_count > 0","cura","3","0",""
"infill_angles","Infill Line Directions","Infill","General","4","VT_STRING","TEXT_BOX","[ ]","","","","","","Cura path: Infill > Infill Line Directions. Source: Cura/resources/definitions/fdmprinter.def.json. List value encoded as text for ParameterValue.string_value. Cura value expression: [0, 90] if infill_pattern == 'octagon' else [0, 60, 120] if infill_pattern == 'honeycomb' else [0] if infill_pattern == 'gyroid' else [ ]. Cura enabled expression: infill_pattern not in ('concentric', 'cross', 'cross_3d', 'lightning') and infill_sparse_density > 0.","false","","infill_pattern not in ('concentric', 'cross', 'cross_3d', 'lightning') and infill_sparse_density > 0","[0, 90] if infill_pattern == 'octagon' else [0, 60, 120] if infill_pattern == 'honeycomb' else [0] if infill_pattern == 'gyroid' else [ ]","cura","3","0",""
"infill_offset_x","Infill X Offset","Infill","General","5","VT_FLOAT","NUMERIC_BOX","0","","","0.01","","mm","Cura path: Infill > Infill X Offset. Source: Cura/resources/definitions/fdmprinter.def.json. Cura enabled expression: infill_pattern != 'lightning' and (infill_pattern == 'grid' or infill_pattern == 'lines' or infill_pattern == 'triangles' or infill_pattern == 'cubic' or infill_pattern == 'tetrahedral' or infill_pattern == 'quarter_cubic' or infill_pattern == 'zigzag').","false","","infill_pattern != 'lightning' and (infill_pattern == 'grid' or infill_pattern == 'lines' or infill_pattern == 'triangles' or infill_pattern == 'cubic' or infill_pattern == 'tetrahedral' or infill_pattern == 'quarter_cubic' or infill_pattern == 'zigzag')","","cura","3","0",""
"infill_offset_y","Infill Y Offset","Infill","General","6","VT_FLOAT","NUMERIC_BOX","0","","","0.01","","mm","Cura path: Infill > Infill Y Offset. Source: Cura/resources/definitions/fdmprinter.def.json. Cura enabled expression: infill_pattern != 'lightning' and (infill_pattern == 'grid' or infill_pattern == 'lines' or infill_pattern == 'triangles' or infill_pattern == 'cubic' or infill_pattern == 'tetrahedral' or infill_pattern == 'quarter_cubic' or infill_pattern == 'zigzag').","false","","infill_pattern != 'lightning' and (infill_pattern == 'grid' or infill_pattern == 'lines' or infill_pattern == 'triangles' or infill_pattern == 'cubic' or infill_pattern == 'tetrahedral' or infill_pattern == 'quarter_cubic' or infill_pattern == 'zigzag')","","cura","3","0",""
"infill_multiplier","Infill Line Multiplier","Infill","General","7","VT_INT","NUMERIC_BOX","1","","","1","","","Cura path: Infill > Infill Line Multiplier. Source: Cura/resources/definitions/fdmprinter.def.json. Cura enabled expression: infill_sparse_density > 0 and infill_pattern != 'zigzag' and (gradual_infill_steps == 0 or not zig_zaggify_infill).","false","","infill_sparse_density > 0 and infill_pattern != 'zigzag' and (gradual_infill_steps == 0 or not zig_zaggify_infill)","","cura","3","0",""
"infill_wall_line_count","Extra Infill Wall Count","Infill","General","8","VT_INT","NUMERIC_BOX","0","","","1","","","Cura path: Infill > Extra Infill Wall Count. Source: Cura/resources/definitions/fdmprinter.def.json. Cura enabled expression: infill_sparse_density > 0.","false","","infill_sparse_density > 0","","cura","3","0",""
"sub_div_rad_add","Cubic Subdivision Shell","Infill","General","9","VT_FLOAT","NUMERIC_BOX","0.4","","","0.01","","mm","Cura path: Infill > Cubic Subdivision Shell. Source: Cura/resources/definitions/fdmprinter.def.json. Cura value expression: wall_line_width_x. Cura enabled expression: infill_sparse_density > 0 and infill_pattern == 'cubicsubdiv'.","false","","infill_sparse_density > 0 and infill_pattern == 'cubicsubdiv'","wall_line_width_x","cura","3","0",""
"infill_wipe_dist","Infill Wipe Distance","Infill","General","10","VT_FLOAT","NUMERIC_BOX","0.04","","","0.01","","mm","Cura path: Infill > Infill Wipe Distance. Source: Cura/resources/definitions/fdmprinter.def.json. Cura value expression: wall_line_width_0 / 4 if wall_line_count == 1 else wall_line_width_x / 4. Cura enabled expression: infill_sparse_density > 0.","false","","infill_sparse_density > 0","wall_line_width_0 / 4 if wall_line_count == 1 else wall_line_width_x / 4","cura","3","0",""
"infill_sparse_thickness","Infill Layer Thickness","Infill","General","11","VT_FLOAT","NUMERIC_BOX","0.1","","","0.01","","mm","Cura path: Infill > Infill Layer Thickness. Source: Cura/resources/definitions/fdmprinter.def.json. Cura value expression: resolveOrValue('layer_height'). Cura enabled expression: infill_sparse_density > 0.","false","","infill_sparse_density > 0","resolveOrValue('layer_height')","cura","3","0",""
"gradual_infill_steps","Gradual Infill Steps","Infill","General","12","VT_INT","NUMERIC_BOX","0","","","1","","","Cura path: Infill > Gradual Infill Steps. Source: Cura/resources/definitions/fdmprinter.def.json. Cura enabled expression: infill_sparse_density > 0 and infill_pattern not in ['cubicsubdiv', 'cross', 'cross_3d', 'lightning'].","false","","infill_sparse_density > 0 and infill_pattern not in ['cubicsubdiv', 'cross', 'cross_3d', 'lightning']","","cura","3","0",""
"gradual_infill_step_height","Gradual Infill Step Height","Infill","General","13","VT_FLOAT","NUMERIC_BOX","1.5","","","0.01","","mm","Cura path: Infill > Gradual Infill Step Height. Source: Cura/resources/definitions/fdmprinter.def.json. Cura enabled expression: infill_sparse_density > 0 and gradual_infill_steps > 0 and infill_pattern not in ['cubicsubdiv', 'cross', 'cross_3d', 'lightning'].","false","","infill_sparse_density > 0 and gradual_infill_steps > 0 and infill_pattern not in ['cubicsubdiv', 'cross', 'cross_3d', 'lightning']","","cura","3","0",""
"infill_before_walls","Infill Before Walls","Infill","General","14","VT_BOOL","CHECK_BOX","true","","","","","","Cura path: Infill > Infill Before Walls. Source: Cura/resources/definitions/fdmprinter.def.json. Cura enabled expression: infill_sparse_density > 0 and wall_x_extruder_nr == infill_extruder_nr.","false","","infill_sparse_density > 0 and wall_x_extruder_nr == infill_extruder_nr","","cura","3","0",""
"min_infill_area","Minimum Infill Area","Infill","General","15","VT_FLOAT","NUMERIC_BOX","0","","","0.01","","mm²","Cura path: Infill > Minimum Infill Area. Source: Cura/resources/definitions/fdmprinter.def.json.","false","","","","","3","0",""
"infill_support_enabled","Infill Support","Infill","General","16","VT_BOOL","CHECK_BOX","false","","","","","","Cura path: Infill > Infill Support. Source: Cura/resources/definitions/fdmprinter.def.json. Cura enabled expression: infill_pattern != 'lightning' and infill_sparse_density > 0.","false","","infill_pattern != 'lightning' and infill_sparse_density > 0","","cura","3","0",""
"infill_support_angle","Infill Overhang Angle","Infill","General","17","VT_FLOAT","NUMERIC_BOX","40","","","0.01","","°","Cura path: Infill > Infill Overhang Angle. Source: Cura/resources/definitions/fdmprinter.def.json. Cura enabled expression: infill_pattern != 'lightning' and infill_sparse_density > 0 and infill_support_enabled.","false","","infill_pattern != 'lightning' and infill_sparse_density > 0 and infill_support_enabled","","cura","3","0",""
"skin_support","Infill Skin Support","Infill","General","18","VT_BOOL","CHECK_BOX","true","","","","","","Cura path: Infill > Infill Skin Support. Source: Cura/resources/definitions/fdmprinter.def.json. Cura value expression: infill_sparse_density < 40. Cura enabled expression: infill_sparse_density > 0 and top_layers > 0.","false","","infill_sparse_density > 0 and top_layers > 0","infill_sparse_density < 40","cura","3","0",""
"skin_support_speed","Skin Support Speed","Infill","General","19","VT_FLOAT","NUMERIC_BOX","15","","","0.01","","mm/s","Cura path: Infill > Skin Support Speed. Source: Cura/resources/definitions/fdmprinter.def.json. Cura value expression: bridge_skin_speed. Cura enabled expression: skin_support.","false","","skin_support","bridge_skin_speed","cura","3","0",""
"skin_support_material_flow","Skin Support Flow","Infill","General","20","VT_FLOAT","NUMERIC_BOX","60","","","0.01","","%","Cura path: Infill > Skin Support Flow. Source: Cura/resources/definitions/fdmprinter.def.json. Cura value expression: bridge_skin_material_flow. Cura enabled expression: skin_support.","false","","skin_support","bridge_skin_material_flow","cura","3","0",""
"skin_support_density","Skin Support Density","Infill","General","21","VT_FLOAT","NUMERIC_BOX","100","","","0.01","","%","Cura path: Infill > Skin Support Density. Source: Cura/resources/definitions/fdmprinter.def.json. Cura value expression: bridge_skin_density. Cura enabled expression: skin_support.","false","","skin_support","bridge_skin_density","cura","3","0",""
"skin_support_fan_speed","Skin Support Fan Speed","Infill","General","22","VT_FLOAT","NUMERIC_BOX","100","","","0.01","","%","Cura path: Infill > Skin Support Fan Speed. Source: Cura/resources/definitions/fdmprinter.def.json. Cura value expression: bridge_fan_speed. Cura enabled expression: skin_support.","false","","skin_support","bridge_fan_speed","cura","3","0",""
"skin_support_interlace_lines","Interlace Skin Support Lines","Infill","General","23","VT_BOOL","CHECK_BOX","false","","","","","","Cura path: Infill > Interlace Skin Support Lines. Source: Cura/resources/definitions/fdmprinter.def.json. Cura value expression: bridge_interlace_lines. Cura enabled expression: skin_support.","false","","skin_support","bridge_interlace_lines","cura","3","0",""
"infill_start_end_preference","Infill Start/End Preference","Infill","General","24","VT_ENUM","COMBO_BOX","start_closest","","","","shortest;random;start_closest;end_closest","","Cura path: Infill > Infill Start/End Preference. Source: Cura/resources/definitions/fdmprinter.def.json.","false","","","","","3","0","shortest| param($m) $m.Value.ToUpperInvariant() hortest|;random| param($m) $m.Value.ToUpperInvariant() andom|;start_closest| param($m) $m.Value.ToUpperInvariant() tart  param($m) $m.Value.ToUpperInvariant() losest|;end_closest| param($m) $m.Value.ToUpperInvariant() nd  param($m) $m.Value.ToUpperInvariant() losest|"
"infill_sparse_density","Infill Density","Infill","Infill Density","0","VT_FLOAT","NUMERIC_BOX","20","","","0.01","","%","Cura path: Infill > Infill Density. Source: Cura/resources/definitions/fdmprinter.def.json.","false","","","","","3","1",""
"infill_line_distance","Infill Line Distance","Infill","Infill Density","1","VT_FLOAT","NUMERIC_BOX","2","","","0.01","","mm","Cura path: Infill > Infill Density > Infill Line Distance. Source: Cura/resources/definitions/fdmprinter.def.json. Cura value expression: 0 if infill_sparse_density == 0 else (((infill_line_width * 100) / infill_sparse_density) * (((4/3) - (1/3) * (infill_sparse_density / 100.0)) if infill_pattern in ['honeycomb', 'octagon'] else (2 if infill_pattern == 'grid' else (3 if infill_pattern in ['triangles', 'trihexagon', 'cubic', 'cubicsubdiv'] else (2 if infill_pattern in ['tetrahedral', 'quarter_cubic'] else (1 if infill_pattern in ['cross', 'cross_3d'] else (1.6 if infill_pattern == 'lightning' else 1))))))).","false","","","0 if infill_sparse_density == 0 else (((infill_line_width * 100) / infill_sparse_density) * (((4/3) - (1/3) * (infill_sparse_density / 100.0)) if infill_pattern in ['honeycomb', 'octagon'] else (2 if infill_pattern == 'grid' else (3 if infill_pattern in ['triangles', 'trihexagon', 'cubic', 'cubicsubdiv'] else (2 if infill_pattern in ['tetrahedral', 'quarter_cubic'] else (1 if infill_pattern in ['cross', 'cross_3d'] else (1.6 if infill_pattern == 'lightning' else 1)))))))","cura","3","1",""
"infill_overlap","Infill Overlap Percentage","Infill","Infill Overlap Percentage","0","VT_FLOAT","NUMERIC_BOX","10","","","0.01","","%","Cura path: Infill > Infill Overlap Percentage. Source: Cura/resources/definitions/fdmprinter.def.json. Cura value expression: 10 if infill_sparse_density < 95 and infill_pattern != 'concentric' else 0. Cura enabled expression: infill_sparse_density > 0 and infill_pattern != 'concentric'.","false","","infill_sparse_density > 0 and infill_pattern != 'concentric'","10 if infill_sparse_density < 95 and infill_pattern != 'concentric' else 0","cura","3","2",""
"infill_overlap_mm","Infill Overlap","Infill","Infill Overlap Percentage","1","VT_FLOAT","NUMERIC_BOX","0.04","","","0.01","","mm","Cura path: Infill > Infill Overlap Percentage > Infill Overlap. Source: Cura/resources/definitions/fdmprinter.def.json. Cura value expression: 0.5 * (infill_line_width + (wall_line_width_x if wall_line_count > 1 else wall_line_width_0)) * infill_overlap / 100 if infill_sparse_density < 95 and infill_pattern != 'concentric' else 0. Cura enabled expression: infill_sparse_density > 0 and infill_pattern != 'concentric'.","false","","infill_sparse_density > 0 and infill_pattern != 'concentric'","0.5 * (infill_line_width + (wall_line_width_x if wall_line_count > 1 else wall_line_width_0)) * infill_overlap / 100 if infill_sparse_density < 95 and infill_pattern != 'concentric' else 0","cura","3","2",""
"lightning_infill_support_angle","Lightning Infill Support Angle","Infill","Lightning Infill Support Angle","0","VT_FLOAT","NUMERIC_BOX","40","","","0.01","","°","Cura path: Infill > Lightning Infill Support Angle. Source: Cura/resources/definitions/fdmprinter.def.json. Cura enabled expression: infill_pattern == 'lightning'.","false","","infill_pattern == 'lightning'","","cura","3","3",""
"lightning_infill_overhang_angle","Lightning Infill Overhang Angle","Infill","Lightning Infill Support Angle","1","VT_FLOAT","NUMERIC_BOX","40","","","0.01","","°","Cura path: Infill > Lightning Infill Support Angle > Lightning Infill Overhang Angle. Source: Cura/resources/definitions/fdmprinter.def.json. Cura value expression: lightning_infill_support_angle. Cura enabled expression: infill_pattern == 'lightning'.","false","","infill_pattern == 'lightning'","lightning_infill_support_angle","cura","3","3",""
"lightning_infill_prune_angle","Lightning Infill Prune Angle","Infill","Lightning Infill Support Angle","2","VT_FLOAT","NUMERIC_BOX","40","","","0.01","","°","Cura path: Infill > Lightning Infill Support Angle > Lightning Infill Prune Angle. Source: Cura/resources/definitions/fdmprinter.def.json. Cura value expression: lightning_infill_support_angle. Cura enabled expression: infill_pattern == 'lightning'.","false","","infill_pattern == 'lightning'","lightning_infill_support_angle","cura","3","3",""
"lightning_infill_straightening_angle","Lightning Infill Straightening Angle","Infill","Lightning Infill Support Angle","3","VT_FLOAT","NUMERIC_BOX","40","","","0.01","","°","Cura path: Infill > Lightning Infill Support Angle > Lightning Infill Straightening Angle. Source: Cura/resources/definitions/fdmprinter.def.json. Cura value expression: lightning_infill_support_angle. Cura enabled expression: infill_pattern == 'lightning'.","false","","infill_pattern == 'lightning'","lightning_infill_support_angle","cura","3","3",""
"infill_move_inwards_length","Infill Start/End Move Inwards Length","Infill","Infill Start/End Move Inwards Length","0","VT_FLOAT","NUMERIC_BOX","0","","","0.01","","mm","Cura path: Infill > Infill Start/End Move Inwards Length. Source: Cura/resources/definitions/fdmprinter.def.json. Cura enabled expression: infill_sparse_density > 0.","false","","infill_sparse_density > 0","","cura","3","4",""
"infill_start_move_inwards_length","Infill Start Move Inwards Length","Infill","Infill Start/End Move Inwards Length","1","VT_FLOAT","NUMERIC_BOX","0","","","0.01","","mm","Cura path: Infill > Infill Start/End Move Inwards Length > Infill Start Move Inwards Length. Source: Cura/resources/definitions/fdmprinter.def.json. Cura value expression: infill_move_inwards_length. Cura enabled expression: infill_sparse_density > 0.","false","","infill_sparse_density > 0","infill_move_inwards_length","cura","3","4",""
"infill_end_move_inwards_length","Infill End Move Inwards Length","Infill","Infill Start/End Move Inwards Length","2","VT_FLOAT","NUMERIC_BOX","0","","","0.01","","mm","Cura path: Infill > Infill Start/End Move Inwards Length > Infill End Move Inwards Length. Source: Cura/resources/definitions/fdmprinter.def.json. Cura value expression: infill_move_inwards_length. Cura enabled expression: infill_sparse_density > 0.","false","","infill_sparse_density > 0","infill_move_inwards_length","cura","3","4",""
"default_material_print_temperature","Default Printing Temperature","Material","General","0","VT_FLOAT","NUMERIC_BOX","210","","","0.01","","°C","Cura path: Material > Default Printing Temperature. Source: Cura/resources/definitions/fdmprinter.def.json. Cura enabled expression: False.","false","","False","","cura","4","0",""
"build_volume_temperature","Build Volume Temperature","Material","General","1","VT_FLOAT","NUMERIC_BOX","0","","","0.01","","°C","Cura path: Material > Build Volume Temperature. Source: Cura/resources/definitions/fdmprinter.def.json. Cura enabled expression: machine_heated_build_volume.","false","","machine_heated_build_volume","","cura","4","0",""
"material_print_temperature","Printing Temperature","Material","General","2","VT_FLOAT","NUMERIC_BOX","210","","","0.01","","°C","Cura path: Material > Printing Temperature. Source: Cura/resources/definitions/fdmprinter.def.json. Cura value expression: default_material_print_temperature. Cura enabled expression: machine_nozzle_temp_enabled.","false","","machine_nozzle_temp_enabled","default_material_print_temperature","cura","4","0",""
"material_print_temperature_layer_0","Printing Temperature Initial Layer","Material","General","3","VT_FLOAT","NUMERIC_BOX","215","","","0.01","","°C","Cura path: Material > Printing Temperature Initial Layer. Source: Cura/resources/definitions/fdmprinter.def.json. Cura value expression: material_print_temperature. Cura enabled expression: machine_nozzle_temp_enabled.","false","","machine_nozzle_temp_enabled","material_print_temperature","cura","4","0",""
"material_initial_print_temperature","Initial Printing Temperature","Material","General","4","VT_FLOAT","NUMERIC_BOX","200","","","0.01","","°C","Cura path: Material > Initial Printing Temperature. Source: Cura/resources/definitions/fdmprinter.def.json. Cura value expression: max(-273.15, material_print_temperature - 10). Cura enabled expression: machine_nozzle_temp_enabled and not machine_extruders_share_heater.","false","","machine_nozzle_temp_enabled and not machine_extruders_share_heater","max(-273.15, material_print_temperature - 10)","cura","4","0",""
"material_final_print_temperature","Final Printing Temperature","Material","General","5","VT_FLOAT","NUMERIC_BOX","195","","","0.01","","°C","Cura path: Material > Final Printing Temperature. Source: Cura/resources/definitions/fdmprinter.def.json. Cura value expression: max(-273.15, material_print_temperature - 15). Cura enabled expression: machine_nozzle_temp_enabled and not machine_extruders_share_heater.","false","","machine_nozzle_temp_enabled and not machine_extruders_share_heater","max(-273.15, material_print_temperature - 15)","cura","4","0",""
"material_extrusion_cool_down_speed","Extrusion Cool Down Speed Modifier","Material","General","6","VT_FLOAT","NUMERIC_BOX","0.7","","","0.01","","°C/s","Cura path: Material > Extrusion Cool Down Speed Modifier. Source: Cura/resources/definitions/fdmprinter.def.json. Cura enabled expression: extruders_enabled_count > 1 and material_final_print_temperature != material_print_temperature.","false","","extruders_enabled_count > 1 and material_final_print_temperature != material_print_temperature","","cura","4","0",""
"default_material_bed_temperature","Default Build Plate Temperature","Material","General","7","VT_FLOAT","NUMERIC_BOX","60","","","0.01","","°C","Cura path: Material > Default Build Plate Temperature. Source: Cura/resources/definitions/fdmprinter.def.json. Cura enabled expression: False.","false","","False","","cura","4","0",""
"material_bed_temperature","Build Plate Temperature","Material","General","8","VT_FLOAT","NUMERIC_BOX","60","","","0.01","","°C","Cura path: Material > Build Plate Temperature. Source: Cura/resources/definitions/fdmprinter.def.json. Cura value expression: default_material_bed_temperature. Cura enabled expression: machine_heated_bed and machine_gcode_flavor != ""UltiGCode"".","false","","machine_heated_bed and machine_gcode_flavor != ""UltiGCode""","default_material_bed_temperature","cura","4","0",""
"material_bed_temperature_layer_0","Build Plate Temperature Initial Layer","Material","General","9","VT_FLOAT","NUMERIC_BOX","60","","","0.01","","°C","Cura path: Material > Build Plate Temperature Initial Layer. Source: Cura/resources/definitions/fdmprinter.def.json. Cura value expression: resolveOrValue('material_bed_temperature'). Cura enabled expression: machine_heated_bed and machine_gcode_flavor != ""UltiGCode"".","false","","machine_heated_bed and machine_gcode_flavor != ""UltiGCode""","resolveOrValue('material_bed_temperature')","cura","4","0",""
"material_adhesion_tendency","Adhesion Tendency","Material","General","10","VT_INT","NUMERIC_BOX","10","","","1","","","Cura path: Material > Adhesion Tendency. Source: Cura/resources/definitions/fdmprinter.def.json. Cura enabled expression: False.","false","","False","","cura","4","0",""
"material_surface_energy","Surface Energy","Material","General","11","VT_INT","NUMERIC_BOX","100","","","1","","%","Cura path: Material > Surface Energy. Source: Cura/resources/definitions/fdmprinter.def.json. Cura enabled expression: False.","false","","False","","cura","4","0",""
"material_crystallinity","Crystalline Material","Material","General","12","VT_BOOL","CHECK_BOX","false","","","","","","Cura path: Material > Crystalline Material. Source: Cura/resources/definitions/fdmprinter.def.json. Cura enabled expression: False.","false","","False","","cura","4","0",""
"material_anti_ooze_retracted_position","Anti-ooze Retracted Position","Material","General","13","VT_FLOAT","NUMERIC_BOX","-4","","","0.01","","mm","Cura path: Material > Anti-ooze Retracted Position. Source: Cura/resources/definitions/fdmprinter.def.json. Cura enabled expression: False.","false","","False","","cura","4","0",""
"material_anti_ooze_retraction_speed","Anti-ooze Retraction Speed","Material","General","14","VT_FLOAT","NUMERIC_BOX","5","","","0.01","","mm/s","Cura path: Material > Anti-ooze Retraction Speed. Source: Cura/resources/definitions/fdmprinter.def.json. Cura enabled expression: False.","false","","False","","cura","4","0",""
"material_break_preparation_retracted_position","Break Preparation Retracted Position","Material","General","15","VT_FLOAT","NUMERIC_BOX","-16","","","0.01","","mm","Cura path: Material > Break Preparation Retracted Position. Source: Cura/resources/definitions/fdmprinter.def.json. Cura enabled expression: False.","false","","False","","cura","4","0",""
"material_break_preparation_speed","Break Preparation Retraction Speed","Material","General","16","VT_FLOAT","NUMERIC_BOX","2","","","0.01","","mm/s","Cura path: Material > Break Preparation Retraction Speed. Source: Cura/resources/definitions/fdmprinter.def.json. Cura enabled expression: False.","false","","False","","cura","4","0",""
"material_break_preparation_temperature","Break Preparation Temperature","Material","General","17","VT_FLOAT","NUMERIC_BOX","50","","","0.01","","°C","Cura path: Material > Break Preparation Temperature. Source: Cura/resources/definitions/fdmprinter.def.json. Cura value expression: material_print_temperature. Cura enabled expression: False.","false","","False","material_print_temperature","cura","4","0",""
"material_break_retracted_position","Break Retracted Position","Material","General","18","VT_FLOAT","NUMERIC_BOX","-50","","","0.01","","mm","Cura path: Material > Break Retracted Position. Source: Cura/resources/definitions/fdmprinter.def.json. Cura enabled expression: False.","false","","False","","cura","4","0",""
"material_break_speed","Break Retraction Speed","Material","General","19","VT_FLOAT","NUMERIC_BOX","25","","","0.01","","mm/s","Cura path: Material > Break Retraction Speed. Source: Cura/resources/definitions/fdmprinter.def.json. Cura enabled expression: False.","false","","False","","cura","4","0",""
"material_break_temperature","Break Temperature","Material","General","20","VT_FLOAT","NUMERIC_BOX","50","","","0.01","","°C","Cura path: Material > Break Temperature. Source: Cura/resources/definitions/fdmprinter.def.json. Cura enabled expression: False.","false","","False","","cura","4","0",""
"material_flush_purge_speed","Flush Purge Speed","Material","General","21","VT_FLOAT","NUMERIC_BOX","0.5","","","0.01","","","Cura path: Material > Flush Purge Speed. Source: Cura/resources/definitions/fdmprinter.def.json. Cura enabled expression: False.","false","","False","","cura","4","0",""
"material_flush_purge_length","Flush Purge Length","Material","General","22","VT_FLOAT","NUMERIC_BOX","60","","","0.01","","","Cura path: Material > Flush Purge Length. Source: Cura/resources/definitions/fdmprinter.def.json. Cura enabled expression: False.","false","","False","","cura","4","0",""
"material_end_of_filament_purge_speed","End of Filament Purge Speed","Material","General","23","VT_FLOAT","NUMERIC_BOX","0.5","","","0.01","","","Cura path: Material > End of Filament Purge Speed. Source: Cura/resources/definitions/fdmprinter.def.json. Cura enabled expression: False.","false","","False","","cura","4","0",""
"material_end_of_filament_purge_length","End of Filament Purge Length","Material","General","24","VT_FLOAT","NUMERIC_BOX","20","","","0.01","","","Cura path: Material > End of Filament Purge Length. Source: Cura/resources/definitions/fdmprinter.def.json. Cura enabled expression: False.","false","","False","","cura","4","0",""
"material_maximum_park_duration","Maximum Park Duration","Material","General","25","VT_FLOAT","NUMERIC_BOX","300","","","0.01","","","Cura path: Material > Maximum Park Duration. Source: Cura/resources/definitions/fdmprinter.def.json. Cura enabled expression: False.","false","","False","","cura","4","0",""
"material_no_load_move_factor","No Load Move Factor","Material","General","26","VT_FLOAT","NUMERIC_BOX","0.940860215","","","0.01","","","Cura path: Material > No Load Move Factor. Source: Cura/resources/definitions/fdmprinter.def.json. Cura enabled expression: False.","false","","False","","cura","4","0",""
"material_flow_layer_0","Initial Layer Flow","Material","General","27","VT_FLOAT","NUMERIC_BOX","100","","","0.01","","%","Cura path: Material > Initial Layer Flow. Source: Cura/resources/definitions/fdmprinter.def.json.","false","","","","","4","0",""
"wall_x_material_flow_layer_0","Initial Layer Inner Wall Flow","Material","General","28","VT_FLOAT","NUMERIC_BOX","100","","","0.01","","%","Cura path: Material > Initial Layer Inner Wall Flow. Source: Cura/resources/definitions/fdmprinter.def.json. Cura value expression: material_flow_layer_0.","false","","","material_flow_layer_0","cura","4","0",""
"wall_0_material_flow_layer_0","Initial Layer Outer Wall Flow","Material","General","29","VT_FLOAT","NUMERIC_BOX","100","","","0.01","","%","Cura path: Material > Initial Layer Outer Wall Flow. Source: Cura/resources/definitions/fdmprinter.def.json. Cura value expression: material_flow_layer_0.","false","","","material_flow_layer_0","cura","4","0",""
"skin_material_flow_layer_0","Initial Layer Bottom Flow","Material","General","30","VT_FLOAT","NUMERIC_BOX","100","","","0.01","","%","Cura path: Material > Initial Layer Bottom Flow. Source: Cura/resources/definitions/fdmprinter.def.json. Cura value expression: material_flow_layer_0. Cura enabled expression: bottom_layers > 0.","false","","bottom_layers > 0","material_flow_layer_0","cura","4","0",""
"material_standby_temperature","Standby Temperature","Material","General","31","VT_FLOAT","NUMERIC_BOX","150","","","0.01","","°C","Cura path: Material > Standby Temperature. Source: Cura/resources/definitions/fdmprinter.def.json. Cura enabled expression: extruders_enabled_count > 1 and machine_nozzle_temp_enabled.","false","","extruders_enabled_count > 1 and machine_nozzle_temp_enabled","","cura","4","0",""
"material_is_support_material","Is support material","Material","General","32","VT_BOOL","CHECK_BOX","false","","","","","","Cura path: Material > Is support material. Source: Cura/resources/definitions/fdmprinter.def.json. Cura enabled expression: False.","false","","False","","cura","4","0",""
"gradual_flow_enabled","Gradual flow enabled","Material","General","33","VT_BOOL","CHECK_BOX","false","","","","","","Cura path: Material > Gradual flow enabled. Source: Cura/resources/definitions/fdmprinter.def.json.","false","","","","","4","0",""
"max_flow_acceleration","Gradual flow max acceleration","Material","General","34","VT_FLOAT","NUMERIC_BOX","1","","","0.01","","mm³/s²","Cura path: Material > Gradual flow max acceleration. Source: Cura/resources/definitions/fdmprinter.def.json. Cura enabled expression: gradual_flow_enabled.","false","","gradual_flow_enabled","","cura","4","0",""
"layer_0_max_flow_acceleration","Initial layer max flow acceleration","Material","General","35","VT_FLOAT","NUMERIC_BOX","1","","","0.01","","mm³/s²","Cura path: Material > Initial layer max flow acceleration. Source: Cura/resources/definitions/fdmprinter.def.json. Cura value expression: max_flow_acceleration. Cura enabled expression: gradual_flow_enabled.","false","","gradual_flow_enabled","max_flow_acceleration","cura","4","0",""
"gradual_flow_discretisation_step_size","Gradual flow discretisation step size","Material","General","36","VT_FLOAT","NUMERIC_BOX","0.2","","","0.01","","s","Cura path: Material > Gradual flow discretisation step size. Source: Cura/resources/definitions/fdmprinter.def.json. Cura enabled expression: gradual_flow_enabled.","false","","gradual_flow_enabled","","cura","4","0",""
"material_pressure_advance_factor","Pressure advance factor","Material","General","37","VT_FLOAT","NUMERIC_BOX","0.05","","","0.01","","","Cura path: Material > Pressure advance factor. Source: Cura/resources/definitions/fdmprinter.def.json. Cura enabled expression: False.","false","","False","","cura","4","0",""
"material_max_flowrate","Material Maximum Flow Rate","Material","General","38","VT_FLOAT","NUMERIC_BOX","16","","","0.01","","mm³/s","Cura path: Material > Material Maximum Flow Rate. Source: Cura/resources/definitions/fdmprinter.def.json. Cura value expression: 16. Cura enabled expression: False.","false","","False","16","cura","4","0",""
"material_shrinkage_percentage","Scaling Factor Shrinkage Compensation","Material","Scaling Factor Shrinkage Compensation","0","VT_FLOAT","NUMERIC_BOX","100.0","","","0.01","","%","Cura path: Material > Scaling Factor Shrinkage Compensation. Source: Cura/resources/definitions/fdmprinter.def.json. Cura enabled expression: True.","false","","True","","cura","4","1",""
"material_shrinkage_percentage_xy","Horizontal Scaling Factor Shrinkage Compensation","Material","Scaling Factor Shrinkage Compensation","1","VT_FLOAT","NUMERIC_BOX","100.0","","","0.01","","%","Cura path: Material > Scaling Factor Shrinkage Compensation > Horizontal Scaling Factor Shrinkage Compensation. Source: Cura/resources/definitions/fdmprinter.def.json. Cura value expression: material_shrinkage_percentage. Cura enabled expression: True.","false","","True","material_shrinkage_percentage","cura","4","1",""
"material_shrinkage_percentage_z","Vertical Scaling Factor Shrinkage Compensation","Material","Scaling Factor Shrinkage Compensation","2","VT_FLOAT","NUMERIC_BOX","100.0","","","0.01","","%","Cura path: Material > Scaling Factor Shrinkage Compensation > Vertical Scaling Factor Shrinkage Compensation. Source: Cura/resources/definitions/fdmprinter.def.json. Cura value expression: material_shrinkage_percentage. Cura enabled expression: True.","false","","True","material_shrinkage_percentage","cura","4","1",""
"material_flow","Flow","Material","Flow","0","VT_FLOAT","NUMERIC_BOX","100","","","0.01","","%","Cura path: Material > Flow. Source: Cura/resources/definitions/fdmprinter.def.json. Cura enabled expression: machine_gcode_flavor != ""UltiGCode"".","false","","machine_gcode_flavor != ""UltiGCode""","","cura","4","2",""
"wall_material_flow","Wall Flow","Material","Flow","1","VT_FLOAT","NUMERIC_BOX","100","","","0.01","","%","Cura path: Material > Flow > Wall Flow. Source: Cura/resources/definitions/fdmprinter.def.json. Cura value expression: material_flow.","false","","","material_flow","cura","4","2",""
"wall_0_material_flow","Outer Wall Flow","Material","Flow","2","VT_FLOAT","NUMERIC_BOX","100","","","0.01","","%","Cura path: Material > Flow > Wall Flow > Outer Wall Flow. Source: Cura/resources/definitions/fdmprinter.def.json. Cura value expression: wall_material_flow.","false","","","wall_material_flow","cura","4","2",""
"wall_x_material_flow","Inner Wall(s) Flow","Material","Flow","3","VT_FLOAT","NUMERIC_BOX","100","","","0.01","","%","Cura path: Material > Flow > Wall Flow > Inner Wall(s) Flow. Source: Cura/resources/definitions/fdmprinter.def.json. Cura value expression: wall_material_flow.","false","","","wall_material_flow","cura","4","2",""
"wall_0_material_flow_roofing","Top Surface Outer Wall Flow","Material","Flow","4","VT_FLOAT","NUMERIC_BOX","100","","","0.01","","%","Cura path: Material > Flow > Wall Flow > Top Surface Outer Wall Flow. Source: Cura/resources/definitions/fdmprinter.def.json. Cura value expression: wall_0_material_flow. Cura enabled expression: roofing_layer_count > 0 and top_layers > 0.","false","","roofing_layer_count > 0 and top_layers > 0","wall_0_material_flow","cura","4","2",""
"wall_x_material_flow_roofing","Top Surface Inner Wall(s) Flow","Material","Flow","5","VT_FLOAT","NUMERIC_BOX","100","","","0.01","","%","Cura path: Material > Flow > Wall Flow > Top Surface Inner Wall(s) Flow. Source: Cura/resources/definitions/fdmprinter.def.json. Cura value expression: wall_x_material_flow. Cura enabled expression: roofing_layer_count > 0 and top_layers > 0.","false","","roofing_layer_count > 0 and top_layers > 0","wall_x_material_flow","cura","4","2",""
"wall_0_material_flow_flooring","Bottom Surface Outer Wall Flow","Material","Flow","6","VT_FLOAT","NUMERIC_BOX","100","","","0.01","","%","Cura path: Material > Flow > Wall Flow > Bottom Surface Outer Wall Flow. Source: Cura/resources/definitions/fdmprinter.def.json. Cura value expression: wall_0_material_flow. Cura enabled expression: flooring_layer_count > 0 and bottom_layers > 0.","false","","flooring_layer_count > 0 and bottom_layers > 0","wall_0_material_flow","cura","4","2",""
"wall_x_material_flow_flooring","Bottom Surface Inner Wall(s) Flow","Material","Flow","7","VT_FLOAT","NUMERIC_BOX","100","","","0.01","","%","Cura path: Material > Flow > Wall Flow > Bottom Surface Inner Wall(s) Flow. Source: Cura/resources/definitions/fdmprinter.def.json. Cura value expression: wall_x_material_flow. Cura enabled expression: flooring_layer_count > 0 and bottom_layers > 0.","false","","flooring_layer_count > 0 and bottom_layers > 0","wall_x_material_flow","cura","4","2",""
"skin_material_flow","Top/Bottom Flow","Material","Flow","8","VT_FLOAT","NUMERIC_BOX","100","","","0.01","","%","Cura path: Material > Flow > Top/Bottom Flow. Source: Cura/resources/definitions/fdmprinter.def.json. Cura value expression: material_flow. Cura enabled expression: top_layers > 0 or bottom_layers > 0.","false","","top_layers > 0 or bottom_layers > 0","material_flow","cura","4","2",""
"roofing_material_flow","Top Surface Skin Flow","Material","Flow","9","VT_FLOAT","NUMERIC_BOX","100","","","0.01","","%","Cura path: Material > Flow > Top Surface Skin Flow. Source: Cura/resources/definitions/fdmprinter.def.json. Cura value expression: skin_material_flow. Cura enabled expression: roofing_layer_count > 0 and top_layers > 0.","false","","roofing_layer_count > 0 and top_layers > 0","skin_material_flow","cura","4","2",""
"flooring_material_flow","Bottom Surface Skin Flow","Material","Flow","10","VT_FLOAT","NUMERIC_BOX","100","","","0.01","","%","Cura path: Material > Flow > Bottom Surface Skin Flow. Source: Cura/resources/definitions/fdmprinter.def.json. Cura value expression: skin_material_flow. Cura enabled expression: flooring_layer_count > 0 and bottom_layers > 0.","false","","flooring_layer_count > 0 and bottom_layers > 0","skin_material_flow","cura","4","2",""
"infill_material_flow","Infill Flow","Material","Flow","11","VT_FLOAT","NUMERIC_BOX","100","","","0.01","","%","Cura path: Material > Flow > Infill Flow. Source: Cura/resources/definitions/fdmprinter.def.json. Cura value expression: material_flow. Cura enabled expression: infill_sparse_density > 0.","false","","infill_sparse_density > 0","material_flow","cura","4","2",""
"skirt_brim_material_flow","Skirt/Brim Flow","Material","Flow","12","VT_FLOAT","NUMERIC_BOX","100","","","0.01","","%","Cura path: Material > Flow > Skirt/Brim Flow. Source: Cura/resources/definitions/fdmprinter.def.json. Cura value expression: material_flow. Cura enabled expression: resolveOrValue('adhesion_type') == 'skirt' or resolveOrValue('adhesion_type') == 'brim' or resolveOrValue('draft_shield_enabled') or resolveOrValue('ooze_shield_enabled').","false","","resolveOrValue('adhesion_type') == 'skirt' or resolveOrValue('adhesion_type') == 'brim' or resolveOrValue('draft_shield_enabled') or resolveOrValue('ooze_shield_enabled')","material_flow","cura","4","2",""
"support_material_flow","Support Flow","Material","Flow","13","VT_FLOAT","NUMERIC_BOX","100","","","0.01","","%","Cura path: Material > Flow > Support Flow. Source: Cura/resources/definitions/fdmprinter.def.json. Cura value expression: material_flow. Cura enabled expression: support_enable or support_meshes_present.","false","","support_enable or support_meshes_present","material_flow","cura","4","2",""
"support_interface_material_flow","Support Interface Flow","Material","Flow","14","VT_FLOAT","NUMERIC_BOX","100","","","0.01","","%","Cura path: Material > Flow > Support Interface Flow. Source: Cura/resources/definitions/fdmprinter.def.json. Cura value expression: material_flow. Cura enabled expression: (support_enable or support_meshes_present) and support_interface_enable.","false","","(support_enable or support_meshes_present) and support_interface_enable","material_flow","cura","4","2",""
"support_roof_material_flow","Support Roof Flow","Material","Flow","15","VT_FLOAT","NUMERIC_BOX","100","","","0.01","","%","Cura path: Material > Flow > Support Interface Flow > Support Roof Flow. Source: Cura/resources/definitions/fdmprinter.def.json. Cura value expression: extruderValue(support_roof_extruder_nr, 'support_interface_material_flow'). Cura enabled expression: (support_enable or support_meshes_present) and support_roof_enable.","false","","(support_enable or support_meshes_present) and support_roof_enable","extruderValue(support_roof_extruder_nr, 'support_interface_material_flow')","cura","4","2",""
"support_bottom_material_flow","Support Floor Flow","Material","Flow","16","VT_FLOAT","NUMERIC_BOX","100","","","0.01","","%","Cura path: Material > Flow > Support Interface Flow > Support Floor Flow. Source: Cura/resources/definitions/fdmprinter.def.json. Cura value expression: extruderValue(support_bottom_extruder_nr, 'support_interface_material_flow'). Cura enabled expression: (support_enable or support_meshes_present) and support_bottom_enable.","false","","(support_enable or support_meshes_present) and support_bottom_enable","extruderValue(support_bottom_extruder_nr, 'support_interface_material_flow')","cura","4","2",""
"prime_tower_flow","Prime Tower Flow","Material","Flow","17","VT_FLOAT","NUMERIC_BOX","100","","","0.01","","%","Cura path: Material > Flow > Prime Tower Flow. Source: Cura/resources/definitions/fdmprinter.def.json. Cura value expression: material_flow.","false","","","material_flow","cura","4","2",""
"speed_print","Print Speed","Speed","Print Speed","0","VT_FLOAT","NUMERIC_BOX","60","","","0.01","","mm/s","Cura path: Speed > Print Speed. Source: Cura/resources/definitions/fdmprinter.def.json.","false","","","","","5","0",""
"speed_infill","Infill Speed","Speed","Print Speed","1","VT_FLOAT","NUMERIC_BOX","60","","","0.01","","mm/s","Cura path: Speed > Print Speed > Infill Speed. Source: Cura/resources/definitions/fdmprinter.def.json. Cura value expression: speed_print. Cura enabled expression: infill_sparse_density > 0.","false","","infill_sparse_density > 0","speed_print","cura","5","0",""
"speed_wall","Wall Speed","Speed","Print Speed","2","VT_FLOAT","NUMERIC_BOX","30","","","0.01","","mm/s","Cura path: Speed > Print Speed > Wall Speed. Source: Cura/resources/definitions/fdmprinter.def.json. Cura value expression: speed_print / 2.","false","","","speed_print / 2","cura","5","0",""
"speed_wall_0","Outer Wall Speed","Speed","Print Speed","3","VT_FLOAT","NUMERIC_BOX","30","","","0.01","","mm/s","Cura path: Speed > Print Speed > Wall Speed > Outer Wall Speed. Source: Cura/resources/definitions/fdmprinter.def.json. Cura value expression: speed_wall.","false","","","speed_wall","cura","5","0",""
"speed_wall_x","Inner Wall Speed","Speed","Print Speed","4","VT_FLOAT","NUMERIC_BOX","60","","","0.01","","mm/s","Cura path: Speed > Print Speed > Wall Speed > Inner Wall Speed. Source: Cura/resources/definitions/fdmprinter.def.json. Cura value expression: speed_wall * 2.","false","","","speed_wall * 2","cura","5","0",""
"speed_wall_0_roofing","Top Surface Outer Wall Speed","Speed","Print Speed","5","VT_FLOAT","NUMERIC_BOX","30","","","0.01","","mm/s","Cura path: Speed > Print Speed > Wall Speed > Top Surface Outer Wall Speed. Source: Cura/resources/definitions/fdmprinter.def.json. Cura value expression: speed_wall_0. Cura enabled expression: roofing_layer_count > 0 and top_layers > 0.","false","","roofing_layer_count > 0 and top_layers > 0","speed_wall_0","cura","5","0",""
"speed_wall_x_roofing","Top Surface Inner Wall Speed","Speed","Print Speed","6","VT_FLOAT","NUMERIC_BOX","60","","","0.01","","mm/s","Cura path: Speed > Print Speed > Wall Speed > Top Surface Inner Wall Speed. Source: Cura/resources/definitions/fdmprinter.def.json. Cura value expression: speed_wall_x. Cura enabled expression: roofing_layer_count > 0 and top_layers > 0.","false","","roofing_layer_count > 0 and top_layers > 0","speed_wall_x","cura","5","0",""
"speed_wall_0_flooring","Bottom Surface Outer Wall Speed","Speed","Print Speed","7","VT_FLOAT","NUMERIC_BOX","30","","","0.01","","mm/s","Cura path: Speed > Print Speed > Wall Speed > Bottom Surface Outer Wall Speed. Source: Cura/resources/definitions/fdmprinter.def.json. Cura value expression: speed_wall_0. Cura enabled expression: flooring_layer_count > 0 and bottom_layers > 0.","false","","flooring_layer_count > 0 and bottom_layers > 0","speed_wall_0","cura","5","0",""
"speed_wall_x_flooring","Bottom Surface Inner Wall Speed","Speed","Print Speed","8","VT_FLOAT","NUMERIC_BOX","60","","","0.01","","mm/s","Cura path: Speed > Print Speed > Wall Speed > Bottom Surface Inner Wall Speed. Source: Cura/resources/definitions/fdmprinter.def.json. Cura value expression: speed_wall_x. Cura enabled expression: flooring_layer_count > 0 and bottom_layers > 0.","false","","flooring_layer_count > 0 and bottom_layers > 0","speed_wall_x","cura","5","0",""
"speed_roofing","Top Surface Skin Speed","Speed","Print Speed","9","VT_FLOAT","NUMERIC_BOX","25","","","0.01","","mm/s","Cura path: Speed > Print Speed > Top Surface Skin Speed. Source: Cura/resources/definitions/fdmprinter.def.json. Cura value expression: speed_topbottom. Cura enabled expression: roofing_layer_count > 0 and top_layers > 0.","false","","roofing_layer_count > 0 and top_layers > 0","speed_topbottom","cura","5","0",""
"speed_flooring","Bottom Surface Skin Speed","Speed","Print Speed","10","VT_FLOAT","NUMERIC_BOX","25","","","0.01","","mm/s","Cura path: Speed > Print Speed > Bottom Surface Skin Speed. Source: Cura/resources/definitions/fdmprinter.def.json. Cura value expression: speed_topbottom. Cura enabled expression: flooring_layer_count > 0 and bottom_layers > 0.","false","","flooring_layer_count > 0 and bottom_layers > 0","speed_topbottom","cura","5","0",""
"speed_topbottom","Top/Bottom Speed","Speed","Print Speed","11","VT_FLOAT","NUMERIC_BOX","30","","","0.01","","mm/s","Cura path: Speed > Print Speed > Top/Bottom Speed. Source: Cura/resources/definitions/fdmprinter.def.json. Cura value expression: speed_print / 2. Cura enabled expression: top_layers > 0 or bottom_layers > 0.","false","","top_layers > 0 or bottom_layers > 0","speed_print / 2","cura","5","0",""
"speed_support","Support Speed","Speed","Print Speed","12","VT_FLOAT","NUMERIC_BOX","60","","","0.01","","mm/s","Cura path: Speed > Print Speed > Support Speed. Source: Cura/resources/definitions/fdmprinter.def.json. Cura value expression: speed_print. Cura enabled expression: support_enable or support_meshes_present.","false","","support_enable or support_meshes_present","speed_print","cura","5","0",""
"speed_support_infill","Support Infill Speed","Speed","Print Speed","13","VT_FLOAT","NUMERIC_BOX","60","","","0.01","","mm/s","Cura path: Speed > Print Speed > Support Speed > Support Infill Speed. Source: Cura/resources/definitions/fdmprinter.def.json. Cura value expression: speed_support. Cura enabled expression: support_enable or support_meshes_present.","false","","support_enable or support_meshes_present","speed_support","cura","5","0",""
"speed_support_interface","Support Interface Speed","Speed","Print Speed","14","VT_FLOAT","NUMERIC_BOX","40","","","0.01","","mm/s","Cura path: Speed > Print Speed > Support Speed > Support Interface Speed. Source: Cura/resources/definitions/fdmprinter.def.json. Cura value expression: speed_support / 1.5. Cura enabled expression: support_interface_enable and (support_enable or support_meshes_present).","false","","support_interface_enable and (support_enable or support_meshes_present)","speed_support / 1.5","cura","5","0",""
"speed_support_roof","Support Roof Speed","Speed","Print Speed","15","VT_FLOAT","NUMERIC_BOX","40","","","0.01","","mm/s","Cura path: Speed > Print Speed > Support Speed > Support Interface Speed > Support Roof Speed. Source: Cura/resources/definitions/fdmprinter.def.json. Cura value expression: extruderValue(support_roof_extruder_nr, 'speed_support_interface'). Cura enabled expression: support_roof_enable and (support_enable or support_meshes_present).","false","","support_roof_enable and (support_enable or support_meshes_present)","extruderValue(support_roof_extruder_nr, 'speed_support_interface')","cura","5","0",""
"speed_support_bottom","Support Floor Speed","Speed","Print Speed","16","VT_FLOAT","NUMERIC_BOX","40","","","0.01","","mm/s","Cura path: Speed > Print Speed > Support Speed > Support Interface Speed > Support Floor Speed. Source: Cura/resources/definitions/fdmprinter.def.json. Cura value expression: extruderValue(support_bottom_extruder_nr, 'speed_support_interface'). Cura enabled expression: support_bottom_enable and (support_enable or support_meshes_present).","false","","support_bottom_enable and (support_enable or support_meshes_present)","extruderValue(support_bottom_extruder_nr, 'speed_support_interface')","cura","5","0",""
"speed_prime_tower","Prime Tower Speed","Speed","Print Speed","17","VT_FLOAT","NUMERIC_BOX","60","","","0.01","","mm/s","Cura path: Speed > Print Speed > Prime Tower Speed. Source: Cura/resources/definitions/fdmprinter.def.json. Cura value expression: speed_print. Cura enabled expression: prime_tower_enable.","false","","prime_tower_enable","speed_print","cura","5","0",""
"speed_travel","Travel Speed","Speed","General","0","VT_FLOAT","NUMERIC_BOX","120","","","0.01","","mm/s","Cura path: Speed > Travel Speed. Source: Cura/resources/definitions/fdmprinter.def.json. Cura value expression: speed_print if magic_spiralize else 120.","false","","","speed_print if magic_spiralize else 120","cura","5","1",""
"skirt_brim_speed","Skirt/Brim Speed","Speed","General","1","VT_FLOAT","NUMERIC_BOX","30","","","0.01","","mm/s","Cura path: Speed > Skirt/Brim Speed. Source: Cura/resources/definitions/fdmprinter.def.json. Cura value expression: speed_layer_0. Cura enabled expression: resolveOrValue('adhesion_type') == 'skirt' or resolveOrValue('adhesion_type') == 'brim' or resolveOrValue('draft_shield_enabled') or resolveOrValue('ooze_shield_enabled').","false","","resolveOrValue('adhesion_type') == 'skirt' or resolveOrValue('adhesion_type') == 'brim' or resolveOrValue('draft_shield_enabled') or resolveOrValue('ooze_shield_enabled')","speed_layer_0","cura","5","1",""
"speed_z_hop","Z Hop Speed","Speed","General","2","VT_FLOAT","NUMERIC_BOX","10","","","0.01","","mm/s","Cura path: Speed > Z Hop Speed. Source: Cura/resources/definitions/fdmprinter.def.json.","false","","","","","5","1",""
"speed_slowdown_layers","Number of Slower Layers","Speed","General","3","VT_INT","NUMERIC_BOX","2","","","1","","","Cura path: Speed > Number of Slower Layers. Source: Cura/resources/definitions/fdmprinter.def.json.","false","","","","","5","1",""
"speed_equalize_flow_width_factor","Flow Equalization Ratio","Speed","General","4","VT_FLOAT","NUMERIC_BOX","100.0","","","0.01","","%","Cura path: Speed > Flow Equalization Ratio. Source: Cura/resources/definitions/fdmprinter.def.json.","false","","","","","5","1",""
"acceleration_enabled","Enable Acceleration Control","Speed","General","5","VT_BOOL","CHECK_BOX","false","","","","","","Cura path: Speed > Enable Acceleration Control. Source: Cura/resources/definitions/fdmprinter.def.json.","false","","","","","5","1",""
"acceleration_travel_enabled","Enable Travel Acceleration","Speed","General","6","VT_BOOL","CHECK_BOX","true","","","","","","Cura path: Speed > Enable Travel Acceleration. Source: Cura/resources/definitions/fdmprinter.def.json. Cura enabled expression: acceleration_enabled.","false","","acceleration_enabled","","cura","5","1",""
"acceleration_travel","Travel Acceleration","Speed","General","7","VT_FLOAT","NUMERIC_BOX","5000","","","0.01","","mm/s²","Cura path: Speed > Travel Acceleration. Source: Cura/resources/definitions/fdmprinter.def.json. Cura value expression: acceleration_print if magic_spiralize else 5000. Cura enabled expression: resolveOrValue('acceleration_enabled') and resolveOrValue('acceleration_travel_enabled').","false","","resolveOrValue('acceleration_enabled') and resolveOrValue('acceleration_travel_enabled')","acceleration_print if magic_spiralize else 5000","cura","5","1",""
"acceleration_skirt_brim","Skirt/Brim Acceleration","Speed","General","8","VT_FLOAT","NUMERIC_BOX","3000","","","0.01","","mm/s²","Cura path: Speed > Skirt/Brim Acceleration. Source: Cura/resources/definitions/fdmprinter.def.json. Cura value expression: acceleration_layer_0. Cura enabled expression: resolveOrValue('acceleration_enabled') and (resolveOrValue('adhesion_type') == 'skirt' or resolveOrValue('adhesion_type') == 'brim' or resolveOrValue('draft_shield_enabled') or resolveOrValue('ooze_shield_enabled')).","false","","resolveOrValue('acceleration_enabled') and (resolveOrValue('adhesion_type') == 'skirt' or resolveOrValue('adhesion_type') == 'brim' or resolveOrValue('draft_shield_enabled') or resolveOrValue('ooze_shield_enabled'))","acceleration_layer_0","cura","5","1",""
"jerk_enabled","Enable Jerk Control","Speed","General","9","VT_BOOL","CHECK_BOX","false","","","","","","Cura path: Speed > Enable Jerk Control. Source: Cura/resources/definitions/fdmprinter.def.json.","false","","","","","5","1",""
"jerk_travel_enabled","Enable Travel Jerk","Speed","General","10","VT_BOOL","CHECK_BOX","true","","","","","","Cura path: Speed > Enable Travel Jerk. Source: Cura/resources/definitions/fdmprinter.def.json. Cura enabled expression: jerk_enabled.","false","","jerk_enabled","","cura","5","1",""
"jerk_travel","Travel Jerk","Speed","General","11","VT_FLOAT","NUMERIC_BOX","30","","","0.01","","mm/s","Cura path: Speed > Travel Jerk. Source: Cura/resources/definitions/fdmprinter.def.json. Cura value expression: jerk_print if magic_spiralize else 30. Cura enabled expression: resolveOrValue('jerk_enabled') and resolveOrValue('jerk_travel_enabled').","false","","resolveOrValue('jerk_enabled') and resolveOrValue('jerk_travel_enabled')","jerk_print if magic_spiralize else 30","cura","5","1",""
"jerk_skirt_brim","Skirt/Brim Jerk","Speed","General","12","VT_FLOAT","NUMERIC_BOX","20","","","0.01","","mm/s","Cura path: Speed > Skirt/Brim Jerk. Source: Cura/resources/definitions/fdmprinter.def.json. Cura value expression: jerk_layer_0. Cura enabled expression: resolveOrValue('jerk_enabled') and (resolveOrValue('adhesion_type') == 'skirt' or resolveOrValue('adhesion_type') == 'brim' or resolveOrValue('draft_shield_enabled') or resolveOrValue('ooze_shield_enabled')).","false","","resolveOrValue('jerk_enabled') and (resolveOrValue('adhesion_type') == 'skirt' or resolveOrValue('adhesion_type') == 'brim' or resolveOrValue('draft_shield_enabled') or resolveOrValue('ooze_shield_enabled'))","jerk_layer_0","cura","5","1",""
"speed_layer_0","Initial Layer Speed","Speed","Initial Layer Speed","0","VT_FLOAT","NUMERIC_BOX","30","","","0.01","","mm/s","Cura path: Speed > Initial Layer Speed. Source: Cura/resources/definitions/fdmprinter.def.json. Cura value expression: speed_print * 30 / 60. Cura enabled expression: speed_slowdown_layers > 0.","false","","speed_slowdown_layers > 0","speed_print * 30 / 60","cura","5","2",""
"speed_print_layer_0","Initial Layer Print Speed","Speed","Initial Layer Speed","1","VT_FLOAT","NUMERIC_BOX","30","","","0.01","","mm/s","Cura path: Speed > Initial Layer Speed > Initial Layer Print Speed. Source: Cura/resources/definitions/fdmprinter.def.json. Cura value expression: speed_layer_0. Cura enabled expression: speed_slowdown_layers > 0.","false","","speed_slowdown_layers > 0","speed_layer_0","cura","5","2",""
"speed_travel_layer_0","Initial Layer Travel Speed","Speed","Initial Layer Speed","2","VT_FLOAT","NUMERIC_BOX","60","","","0.01","","mm/s","Cura path: Speed > Initial Layer Speed > Initial Layer Travel Speed. Source: Cura/resources/definitions/fdmprinter.def.json. Cura value expression: speed_layer_0 * speed_travel / speed_print. Cura enabled expression: speed_slowdown_layers > 0.","false","","speed_slowdown_layers > 0","speed_layer_0 * speed_travel / speed_print","cura","5","2",""
"acceleration_print","Print Acceleration","Speed","Print Acceleration","0","VT_FLOAT","NUMERIC_BOX","3000","","","0.01","","mm/s²","Cura path: Speed > Print Acceleration. Source: Cura/resources/definitions/fdmprinter.def.json. Cura enabled expression: resolveOrValue('acceleration_enabled').","false","","resolveOrValue('acceleration_enabled')","","cura","5","3",""
"acceleration_infill","Infill Acceleration","Speed","Print Acceleration","1","VT_FLOAT","NUMERIC_BOX","3000","","","0.01","","mm/s²","Cura path: Speed > Print Acceleration > Infill Acceleration. Source: Cura/resources/definitions/fdmprinter.def.json. Cura value expression: acceleration_print. Cura enabled expression: resolveOrValue('acceleration_enabled') and infill_sparse_density > 0.","false","","resolveOrValue('acceleration_enabled') and infill_sparse_density > 0","acceleration_print","cura","5","3",""
"acceleration_wall","Wall Acceleration","Speed","Print Acceleration","2","VT_FLOAT","NUMERIC_BOX","3000","","","0.01","","mm/s²","Cura path: Speed > Print Acceleration > Wall Acceleration. Source: Cura/resources/definitions/fdmprinter.def.json. Cura value expression: acceleration_print. Cura enabled expression: resolveOrValue('acceleration_enabled').","false","","resolveOrValue('acceleration_enabled')","acceleration_print","cura","5","3",""
"acceleration_wall_0","Outer Wall Acceleration","Speed","Print Acceleration","3","VT_FLOAT","NUMERIC_BOX","3000","","","0.01","","mm/s²","Cura path: Speed > Print Acceleration > Wall Acceleration > Outer Wall Acceleration. Source: Cura/resources/definitions/fdmprinter.def.json. Cura value expression: acceleration_wall. Cura enabled expression: resolveOrValue('acceleration_enabled').","false","","resolveOrValue('acceleration_enabled')","acceleration_wall","cura","5","3",""
"acceleration_wall_x","Inner Wall Acceleration","Speed","Print Acceleration","4","VT_FLOAT","NUMERIC_BOX","3000","","","0.01","","mm/s²","Cura path: Speed > Print Acceleration > Wall Acceleration > Inner Wall Acceleration. Source: Cura/resources/definitions/fdmprinter.def.json. Cura value expression: acceleration_wall. Cura enabled expression: resolveOrValue('acceleration_enabled').","false","","resolveOrValue('acceleration_enabled')","acceleration_wall","cura","5","3",""
"acceleration_wall_0_roofing","Top Surface Outer Wall Acceleration","Speed","Print Acceleration","5","VT_FLOAT","NUMERIC_BOX","3000","","","0.01","","mm/s²","Cura path: Speed > Print Acceleration > Wall Acceleration > Top Surface Outer Wall Acceleration. Source: Cura/resources/definitions/fdmprinter.def.json. Cura value expression: acceleration_wall_0. Cura enabled expression: resolveOrValue('acceleration_enabled') and roofing_layer_count > 0 and top_layers > 0.","false","","resolveOrValue('acceleration_enabled') and roofing_layer_count > 0 and top_layers > 0","acceleration_wall_0","cura","5","3",""
"acceleration_wall_x_roofing","Top Surface Inner Wall Acceleration","Speed","Print Acceleration","6","VT_FLOAT","NUMERIC_BOX","3000","","","0.01","","mm/s²","Cura path: Speed > Print Acceleration > Wall Acceleration > Top Surface Inner Wall Acceleration. Source: Cura/resources/definitions/fdmprinter.def.json. Cura value expression: acceleration_wall_x. Cura enabled expression: resolveOrValue('acceleration_enabled') and roofing_layer_count > 0 and top_layers > 0.","false","","resolveOrValue('acceleration_enabled') and roofing_layer_count > 0 and top_layers > 0","acceleration_wall_x","cura","5","3",""
"acceleration_wall_0_flooring","Bottom Surface Outer Wall Acceleration","Speed","Print Acceleration","7","VT_FLOAT","NUMERIC_BOX","3000","","","0.01","","mm/s²","Cura path: Speed > Print Acceleration > Wall Acceleration > Bottom Surface Outer Wall Acceleration. Source: Cura/resources/definitions/fdmprinter.def.json. Cura value expression: acceleration_wall_0. Cura enabled expression: resolveOrValue('acceleration_enabled') and flooring_layer_count > 0 and bottom_layers > 0.","false","","resolveOrValue('acceleration_enabled') and flooring_layer_count > 0 and bottom_layers > 0","acceleration_wall_0","cura","5","3",""
"acceleration_wall_x_flooring","Bottom Surface Inner Wall Acceleration","Speed","Print Acceleration","8","VT_FLOAT","NUMERIC_BOX","3000","","","0.01","","mm/s²","Cura path: Speed > Print Acceleration > Wall Acceleration > Bottom Surface Inner Wall Acceleration. Source: Cura/resources/definitions/fdmprinter.def.json. Cura value expression: acceleration_wall_x. Cura enabled expression: resolveOrValue('acceleration_enabled') and flooring_layer_count > 0 and bottom_layers > 0.","false","","resolveOrValue('acceleration_enabled') and flooring_layer_count > 0 and bottom_layers > 0","acceleration_wall_x","cura","5","3",""
"acceleration_roofing","Top Surface Skin Acceleration","Speed","Print Acceleration","9","VT_FLOAT","NUMERIC_BOX","3000","","","0.01","","mm/s²","Cura path: Speed > Print Acceleration > Top Surface Skin Acceleration. Source: Cura/resources/definitions/fdmprinter.def.json. Cura value expression: acceleration_topbottom. Cura enabled expression: resolveOrValue('acceleration_enabled') and roofing_layer_count > 0 and top_layers > 0.","false","","resolveOrValue('acceleration_enabled') and roofing_layer_count > 0 and top_layers > 0","acceleration_topbottom","cura","5","3",""
"acceleration_flooring","Bottom Surface Skin Acceleration","Speed","Print Acceleration","10","VT_FLOAT","NUMERIC_BOX","3000","","","0.01","","mm/s²","Cura path: Speed > Print Acceleration > Bottom Surface Skin Acceleration. Source: Cura/resources/definitions/fdmprinter.def.json. Cura value expression: acceleration_topbottom. Cura enabled expression: resolveOrValue('acceleration_enabled') and flooring_layer_count > 0 and bottom_layers > 0.","false","","resolveOrValue('acceleration_enabled') and flooring_layer_count > 0 and bottom_layers > 0","acceleration_topbottom","cura","5","3",""
"acceleration_topbottom","Top/Bottom Acceleration","Speed","Print Acceleration","11","VT_FLOAT","NUMERIC_BOX","3000","","","0.01","","mm/s²","Cura path: Speed > Print Acceleration > Top/Bottom Acceleration. Source: Cura/resources/definitions/fdmprinter.def.json. Cura value expression: acceleration_print. Cura enabled expression: resolveOrValue('acceleration_enabled').","false","","resolveOrValue('acceleration_enabled')","acceleration_print","cura","5","3",""
"acceleration_support","Support Acceleration","Speed","Print Acceleration","12","VT_FLOAT","NUMERIC_BOX","3000","","","0.01","","mm/s²","Cura path: Speed > Print Acceleration > Support Acceleration. Source: Cura/resources/definitions/fdmprinter.def.json. Cura value expression: acceleration_print. Cura enabled expression: resolveOrValue('acceleration_enabled') and (support_enable or support_meshes_present).","false","","resolveOrValue('acceleration_enabled') and (support_enable or support_meshes_present)","acceleration_print","cura","5","3",""
"acceleration_support_infill","Support Infill Acceleration","Speed","Print Acceleration","13","VT_FLOAT","NUMERIC_BOX","3000","","","0.01","","mm/s²","Cura path: Speed > Print Acceleration > Support Acceleration > Support Infill Acceleration. Source: Cura/resources/definitions/fdmprinter.def.json. Cura value expression: acceleration_support. Cura enabled expression: resolveOrValue('acceleration_enabled') and (support_enable or support_meshes_present).","false","","resolveOrValue('acceleration_enabled') and (support_enable or support_meshes_present)","acceleration_support","cura","5","3",""
"acceleration_support_interface","Support Interface Acceleration","Speed","Print Acceleration","14","VT_FLOAT","NUMERIC_BOX","3000","","","0.01","","mm/s²","Cura path: Speed > Print Acceleration > Support Acceleration > Support Interface Acceleration. Source: Cura/resources/definitions/fdmprinter.def.json. Cura value expression: acceleration_support. Cura enabled expression: resolveOrValue('acceleration_enabled') and support_interface_enable and (support_enable or support_meshes_present).","false","","resolveOrValue('acceleration_enabled') and support_interface_enable and (support_enable or support_meshes_present)","acceleration_support","cura","5","3",""
"acceleration_support_roof","Support Roof Acceleration","Speed","Print Acceleration","15","VT_FLOAT","NUMERIC_BOX","3000","","","0.01","","mm/s²","Cura path: Speed > Print Acceleration > Support Acceleration > Support Interface Acceleration > Support Roof Acceleration. Source: Cura/resources/definitions/fdmprinter.def.json. Cura value expression: extruderValue(support_roof_extruder_nr, 'acceleration_support_interface'). Cura enabled expression: acceleration_enabled and support_roof_enable and (support_enable or support_meshes_present).","false","","acceleration_enabled and support_roof_enable and (support_enable or support_meshes_present)","extruderValue(support_roof_extruder_nr, 'acceleration_support_interface')","cura","5","3",""
"acceleration_support_bottom","Support Floor Acceleration","Speed","Print Acceleration","16","VT_FLOAT","NUMERIC_BOX","3000","","","0.01","","mm/s²","Cura path: Speed > Print Acceleration > Support Acceleration > Support Interface Acceleration > Support Floor Acceleration. Source: Cura/resources/definitions/fdmprinter.def.json. Cura value expression: extruderValue(support_bottom_extruder_nr, 'acceleration_support_interface'). Cura enabled expression: acceleration_enabled and support_bottom_enable and (support_enable or support_meshes_present).","false","","acceleration_enabled and support_bottom_enable and (support_enable or support_meshes_present)","extruderValue(support_bottom_extruder_nr, 'acceleration_support_interface')","cura","5","3",""
"acceleration_prime_tower","Prime Tower Acceleration","Speed","Print Acceleration","17","VT_FLOAT","NUMERIC_BOX","3000","","","0.01","","mm/s²","Cura path: Speed > Print Acceleration > Prime Tower Acceleration. Source: Cura/resources/definitions/fdmprinter.def.json. Cura value expression: acceleration_print. Cura enabled expression: prime_tower_enable and resolveOrValue('acceleration_enabled').","false","","prime_tower_enable and resolveOrValue('acceleration_enabled')","acceleration_print","cura","5","3",""
"acceleration_layer_0","Initial Layer Acceleration","Speed","Initial Layer Acceleration","0","VT_FLOAT","NUMERIC_BOX","3000","","","0.01","","mm/s²","Cura path: Speed > Initial Layer Acceleration. Source: Cura/resources/definitions/fdmprinter.def.json. Cura value expression: acceleration_print. Cura enabled expression: resolveOrValue('acceleration_enabled').","false","","resolveOrValue('acceleration_enabled')","acceleration_print","cura","5","4",""
"acceleration_print_layer_0","Initial Layer Print Acceleration","Speed","Initial Layer Acceleration","1","VT_FLOAT","NUMERIC_BOX","3000","","","0.01","","mm/s²","Cura path: Speed > Initial Layer Acceleration > Initial Layer Print Acceleration. Source: Cura/resources/definitions/fdmprinter.def.json. Cura value expression: acceleration_layer_0. Cura enabled expression: resolveOrValue('acceleration_enabled').","false","","resolveOrValue('acceleration_enabled')","acceleration_layer_0","cura","5","4",""
"acceleration_travel_layer_0","Initial Layer Travel Acceleration","Speed","Initial Layer Acceleration","2","VT_FLOAT","NUMERIC_BOX","3000","","","0.01","","mm/s²","Cura path: Speed > Initial Layer Acceleration > Initial Layer Travel Acceleration. Source: Cura/resources/definitions/fdmprinter.def.json. Cura value expression: acceleration_layer_0 * acceleration_travel / acceleration_print. Cura enabled expression: resolveOrValue('acceleration_enabled') and resolveOrValue('acceleration_travel_enabled').","false","","resolveOrValue('acceleration_enabled') and resolveOrValue('acceleration_travel_enabled')","acceleration_layer_0 * acceleration_travel / acceleration_print","cura","5","4",""
"jerk_print","Print Jerk","Speed","Print Jerk","0","VT_FLOAT","NUMERIC_BOX","20","","","0.01","","mm/s","Cura path: Speed > Print Jerk. Source: Cura/resources/definitions/fdmprinter.def.json. Cura enabled expression: resolveOrValue('jerk_enabled').","false","","resolveOrValue('jerk_enabled')","","cura","5","5",""
"jerk_infill","Infill Jerk","Speed","Print Jerk","1","VT_FLOAT","NUMERIC_BOX","20","","","0.01","","mm/s","Cura path: Speed > Print Jerk > Infill Jerk. Source: Cura/resources/definitions/fdmprinter.def.json. Cura value expression: jerk_print. Cura enabled expression: resolveOrValue('jerk_enabled') and infill_sparse_density > 0.","false","","resolveOrValue('jerk_enabled') and infill_sparse_density > 0","jerk_print","cura","5","5",""
"jerk_wall","Wall Jerk","Speed","Print Jerk","2","VT_FLOAT","NUMERIC_BOX","20","","","0.01","","mm/s","Cura path: Speed > Print Jerk > Wall Jerk. Source: Cura/resources/definitions/fdmprinter.def.json. Cura value expression: jerk_print. Cura enabled expression: resolveOrValue('jerk_enabled').","false","","resolveOrValue('jerk_enabled')","jerk_print","cura","5","5",""
"jerk_wall_0","Outer Wall Jerk","Speed","Print Jerk","3","VT_FLOAT","NUMERIC_BOX","20","","","0.01","","mm/s","Cura path: Speed > Print Jerk > Wall Jerk > Outer Wall Jerk. Source: Cura/resources/definitions/fdmprinter.def.json. Cura value expression: jerk_wall. Cura enabled expression: resolveOrValue('jerk_enabled').","false","","resolveOrValue('jerk_enabled')","jerk_wall","cura","5","5",""
"jerk_wall_x","Inner Wall Jerk","Speed","Print Jerk","4","VT_FLOAT","NUMERIC_BOX","20","","","0.01","","mm/s","Cura path: Speed > Print Jerk > Wall Jerk > Inner Wall Jerk. Source: Cura/resources/definitions/fdmprinter.def.json. Cura value expression: jerk_wall. Cura enabled expression: resolveOrValue('jerk_enabled').","false","","resolveOrValue('jerk_enabled')","jerk_wall","cura","5","5",""
"jerk_wall_0_roofing","Top Surface Outer Wall Jerk","Speed","Print Jerk","5","VT_FLOAT","NUMERIC_BOX","20","","","0.01","","mm/s","Cura path: Speed > Print Jerk > Wall Jerk > Top Surface Outer Wall Jerk. Source: Cura/resources/definitions/fdmprinter.def.json. Cura value expression: jerk_wall_0. Cura enabled expression: resolveOrValue('jerk_enabled') and roofing_layer_count > 0 and top_layers > 0.","false","","resolveOrValue('jerk_enabled') and roofing_layer_count > 0 and top_layers > 0","jerk_wall_0","cura","5","5",""
"jerk_wall_x_roofing","Top Surface Inner Wall Jerk","Speed","Print Jerk","6","VT_FLOAT","NUMERIC_BOX","20","","","0.01","","mm/s","Cura path: Speed > Print Jerk > Wall Jerk > Top Surface Inner Wall Jerk. Source: Cura/resources/definitions/fdmprinter.def.json. Cura value expression: jerk_wall_x. Cura enabled expression: resolveOrValue('jerk_enabled') and roofing_layer_count > 0 and top_layers > 0.","false","","resolveOrValue('jerk_enabled') and roofing_layer_count > 0 and top_layers > 0","jerk_wall_x","cura","5","5",""
"jerk_wall_0_flooring","Bottom Surface Outer Wall Jerk","Speed","Print Jerk","7","VT_FLOAT","NUMERIC_BOX","20","","","0.01","","mm/s","Cura path: Speed > Print Jerk > Wall Jerk > Bottom Surface Outer Wall Jerk. Source: Cura/resources/definitions/fdmprinter.def.json. Cura value expression: jerk_wall_0. Cura enabled expression: resolveOrValue('jerk_enabled') and flooring_layer_count > 0 and bottom_layers > 0.","false","","resolveOrValue('jerk_enabled') and flooring_layer_count > 0 and bottom_layers > 0","jerk_wall_0","cura","5","5",""
"jerk_wall_x_flooring","Bottom Surface Inner Wall Jerk","Speed","Print Jerk","8","VT_FLOAT","NUMERIC_BOX","20","","","0.01","","mm/s","Cura path: Speed > Print Jerk > Wall Jerk > Bottom Surface Inner Wall Jerk. Source: Cura/resources/definitions/fdmprinter.def.json. Cura value expression: jerk_wall_x. Cura enabled expression: resolveOrValue('jerk_enabled') and flooring_layer_count > 0 and bottom_layers > 0.","false","","resolveOrValue('jerk_enabled') and flooring_layer_count > 0 and bottom_layers > 0","jerk_wall_x","cura","5","5",""
"jerk_roofing","Top Surface Skin Jerk","Speed","Print Jerk","9","VT_FLOAT","NUMERIC_BOX","20","","","0.01","","mm/s","Cura path: Speed > Print Jerk > Top Surface Skin Jerk. Source: Cura/resources/definitions/fdmprinter.def.json. Cura value expression: jerk_topbottom. Cura enabled expression: resolveOrValue('jerk_enabled') and roofing_layer_count > 0 and top_layers > 0.","false","","resolveOrValue('jerk_enabled') and roofing_layer_count > 0 and top_layers > 0","jerk_topbottom","cura","5","5",""
"jerk_flooring","Bottom Surface Skin Jerk","Speed","Print Jerk","10","VT_FLOAT","NUMERIC_BOX","20","","","0.01","","mm/s","Cura path: Speed > Print Jerk > Bottom Surface Skin Jerk. Source: Cura/resources/definitions/fdmprinter.def.json. Cura value expression: jerk_topbottom. Cura enabled expression: resolveOrValue('jerk_enabled') and flooring_layer_count > 0 and bottom_layers > 0.","false","","resolveOrValue('jerk_enabled') and flooring_layer_count > 0 and bottom_layers > 0","jerk_topbottom","cura","5","5",""
"jerk_topbottom","Top/Bottom Jerk","Speed","Print Jerk","11","VT_FLOAT","NUMERIC_BOX","20","","","0.01","","mm/s","Cura path: Speed > Print Jerk > Top/Bottom Jerk. Source: Cura/resources/definitions/fdmprinter.def.json. Cura value expression: jerk_print. Cura enabled expression: (top_layers > 0 or bottom_layers > 0) and resolveOrValue('jerk_enabled').","false","","(top_layers > 0 or bottom_layers > 0) and resolveOrValue('jerk_enabled')","jerk_print","cura","5","5",""
"jerk_support","Support Jerk","Speed","Print Jerk","12","VT_FLOAT","NUMERIC_BOX","20","","","0.01","","mm/s","Cura path: Speed > Print Jerk > Support Jerk. Source: Cura/resources/definitions/fdmprinter.def.json. Cura value expression: jerk_print. Cura enabled expression: resolveOrValue('jerk_enabled') and (support_enable or support_meshes_present).","false","","resolveOrValue('jerk_enabled') and (support_enable or support_meshes_present)","jerk_print","cura","5","5",""
"jerk_support_infill","Support Infill Jerk","Speed","Print Jerk","13","VT_FLOAT","NUMERIC_BOX","20","","","0.01","","mm/s","Cura path: Speed > Print Jerk > Support Jerk > Support Infill Jerk. Source: Cura/resources/definitions/fdmprinter.def.json. Cura value expression: jerk_support. Cura enabled expression: resolveOrValue('jerk_enabled') and (support_enable or support_meshes_present).","false","","resolveOrValue('jerk_enabled') and (support_enable or support_meshes_present)","jerk_support","cura","5","5",""
"jerk_support_interface","Support Interface Jerk","Speed","Print Jerk","14","VT_FLOAT","NUMERIC_BOX","20","","","0.01","","mm/s","Cura path: Speed > Print Jerk > Support Jerk > Support Interface Jerk. Source: Cura/resources/definitions/fdmprinter.def.json. Cura value expression: jerk_support. Cura enabled expression: resolveOrValue('jerk_enabled') and support_interface_enable and (support_enable or support_meshes_present).","false","","resolveOrValue('jerk_enabled') and support_interface_enable and (support_enable or support_meshes_present)","jerk_support","cura","5","5",""
"jerk_support_roof","Support Roof Jerk","Speed","Print Jerk","15","VT_FLOAT","NUMERIC_BOX","20","","","0.01","","mm/s","Cura path: Speed > Print Jerk > Support Jerk > Support Interface Jerk > Support Roof Jerk. Source: Cura/resources/definitions/fdmprinter.def.json. Cura value expression: extruderValue(support_roof_extruder_nr, 'jerk_support_interface'). Cura enabled expression: resolveOrValue('jerk_enabled') and support_roof_enable and (support_enable or support_meshes_present).","false","","resolveOrValue('jerk_enabled') and support_roof_enable and (support_enable or support_meshes_present)","extruderValue(support_roof_extruder_nr, 'jerk_support_interface')","cura","5","5",""
"jerk_support_bottom","Support Floor Jerk","Speed","Print Jerk","16","VT_FLOAT","NUMERIC_BOX","20","","","0.01","","mm/s","Cura path: Speed > Print Jerk > Support Jerk > Support Interface Jerk > Support Floor Jerk. Source: Cura/resources/definitions/fdmprinter.def.json. Cura value expression: extruderValue(support_roof_extruder_nr, 'jerk_support_interface'). Cura enabled expression: resolveOrValue('jerk_enabled') and support_bottom_enable and (support_enable or support_meshes_present).","false","","resolveOrValue('jerk_enabled') and support_bottom_enable and (support_enable or support_meshes_present)","extruderValue(support_roof_extruder_nr, 'jerk_support_interface')","cura","5","5",""
"jerk_prime_tower","Prime Tower Jerk","Speed","Print Jerk","17","VT_FLOAT","NUMERIC_BOX","20","","","0.01","","mm/s","Cura path: Speed > Print Jerk > Prime Tower Jerk. Source: Cura/resources/definitions/fdmprinter.def.json. Cura value expression: jerk_print. Cura enabled expression: prime_tower_enable and resolveOrValue('jerk_enabled').","false","","prime_tower_enable and resolveOrValue('jerk_enabled')","jerk_print","cura","5","5",""
"jerk_layer_0","Initial Layer Jerk","Speed","Initial Layer Jerk","0","VT_FLOAT","NUMERIC_BOX","20","","","0.01","","mm/s","Cura path: Speed > Initial Layer Jerk. Source: Cura/resources/definitions/fdmprinter.def.json. Cura value expression: jerk_print. Cura enabled expression: resolveOrValue('jerk_enabled').","false","","resolveOrValue('jerk_enabled')","jerk_print","cura","5","6",""
"jerk_print_layer_0","Initial Layer Print Jerk","Speed","Initial Layer Jerk","1","VT_FLOAT","NUMERIC_BOX","20","","","0.01","","mm/s","Cura path: Speed > Initial Layer Jerk > Initial Layer Print Jerk. Source: Cura/resources/definitions/fdmprinter.def.json. Cura value expression: jerk_layer_0. Cura enabled expression: resolveOrValue('jerk_enabled').","false","","resolveOrValue('jerk_enabled')","jerk_layer_0","cura","5","6",""
"jerk_travel_layer_0","Initial Layer Travel Jerk","Speed","Initial Layer Jerk","2","VT_FLOAT","NUMERIC_BOX","20","","","0.01","","mm/s","Cura path: Speed > Initial Layer Jerk > Initial Layer Travel Jerk. Source: Cura/resources/definitions/fdmprinter.def.json. Cura value expression: jerk_layer_0 * jerk_travel / jerk_print. Cura enabled expression: resolveOrValue('jerk_enabled') and resolveOrValue('jerk_travel_enabled').","false","","resolveOrValue('jerk_enabled') and resolveOrValue('jerk_travel_enabled')","jerk_layer_0 * jerk_travel / jerk_print","cura","5","6",""
"retraction_enable","Enable Retraction","Travel","General","0","VT_BOOL","CHECK_BOX","true","","","","","","Cura path: Travel > Enable Retraction. Source: Cura/resources/definitions/fdmprinter.def.json.","false","","","","","6","0",""
"retract_at_layer_change","Retract at Layer Change","Travel","General","1","VT_BOOL","CHECK_BOX","false","","","","","","Cura path: Travel > Retract at Layer Change. Source: Cura/resources/definitions/fdmprinter.def.json.","false","","","","","6","0",""
"retraction_amount","Retraction Distance","Travel","General","2","VT_FLOAT","NUMERIC_BOX","6.5","","","0.01","","mm","Cura path: Travel > Retraction Distance. Source: Cura/resources/definitions/fdmprinter.def.json. Cura enabled expression: retraction_enable and machine_gcode_flavor != ""UltiGCode"".","false","","retraction_enable and machine_gcode_flavor != ""UltiGCode""","","cura","6","0",""
"retraction_extra_prime_amount","Retraction Extra Prime Amount","Travel","General","3","VT_FLOAT","NUMERIC_BOX","0","","","0.01","","mm³","Cura path: Travel > Retraction Extra Prime Amount. Source: Cura/resources/definitions/fdmprinter.def.json. Cura enabled expression: retraction_enable.","false","","retraction_enable","","cura","6","0",""
"retraction_min_travel","Retraction Minimum Travel","Travel","General","4","VT_FLOAT","NUMERIC_BOX","1.5","","","0.01","","mm","Cura path: Travel > Retraction Minimum Travel. Source: Cura/resources/definitions/fdmprinter.def.json. Cura value expression: line_width * 2.","false","","","line_width * 2","cura","6","0",""
"retraction_count_max","Maximum Retraction Count","Travel","General","5","VT_INT","NUMERIC_BOX","90","","","1","","","Cura path: Travel > Maximum Retraction Count. Source: Cura/resources/definitions/fdmprinter.def.json. Cura enabled expression: retraction_enable.","false","","retraction_enable","","cura","6","0",""
"retraction_extrusion_window","Minimum Extrusion Distance Window","Travel","General","6","VT_FLOAT","NUMERIC_BOX","4.5","","","0.01","","mm","Cura path: Travel > Minimum Extrusion Distance Window. Source: Cura/resources/definitions/fdmprinter.def.json. Cura value expression: retraction_amount. Cura enabled expression: retraction_enable.","false","","retraction_enable","retraction_amount","cura","6","0",""
"retraction_combing","Combing Mode","Travel","General","7","VT_ENUM","COMBO_BOX","all","","","","off;all;no_skin;within_infill;not_in_skin;no_outer_surfaces","","Cura path: Travel > Combing Mode. Source: Cura/resources/definitions/fdmprinter.def.json. Cura value expression: 'no_outer_surfaces' if (any(extruderValues('skin_monotonic')) or any(extruderValues('ironing_enabled')) or (any(extruderValues('roofing_monotonic')) and any(extruderValues('roofing_layer_count')))) else 'all'.","false","","","'no_outer_surfaces' if (any(extruderValues('skin_monotonic')) or any(extruderValues('ironing_enabled')) or (any(extruderValues('roofing_monotonic')) and any(extruderValues('roofing_layer_count')))) else 'all'","cura","6","0","off| param($m) $m.Value.ToUpperInvariant() ff|;all| param($m) $m.Value.ToUpperInvariant() ll|;no_skin| param($m) $m.Value.ToUpperInvariant() o  param($m) $m.Value.ToUpperInvariant() kin|;within_infill| param($m) $m.Value.ToUpperInvariant() ithin  param($m) $m.Value.ToUpperInvariant() nfill|;not_in_skin| param($m) $m.Value.ToUpperInvariant() ot  param($m) $m.Value.ToUpperInvariant() n  param($m) $m.Value.ToUpperInvariant() kin|;no_outer_surfaces| param($m) $m.Value.ToUpperInvariant() o  param($m) $m.Value.ToUpperInvariant() uter  param($m) $m.Value.ToUpperInvariant() urfaces|"
"retraction_combing_max_distance","Max Comb Distance With No Retract","Travel","General","8","VT_FLOAT","NUMERIC_BOX","0","","","0.01","","mm","Cura path: Travel > Max Comb Distance With No Retract. Source: Cura/resources/definitions/fdmprinter.def.json. Cura enabled expression: resolveOrValue('retraction_combing') != 'off'.","false","","resolveOrValue('retraction_combing') != 'off'","","cura","6","0",""
"retraction_combing_avoid_distance","Inside Travel Avoid Distance","Travel","General","9","VT_FLOAT","NUMERIC_BOX","0.6","","","0.01","","mm","Cura path: Travel > Inside Travel Avoid Distance. Source: Cura/resources/definitions/fdmprinter.def.json. Cura value expression: machine_nozzle_size * 1.5. Cura enabled expression: resolveOrValue('retraction_combing') != 'off'.","false","","resolveOrValue('retraction_combing') != 'off'","machine_nozzle_size * 1.5","cura","6","0",""
"travel_retract_before_outer_wall","Retract Before Outer Wall","Travel","General","10","VT_ENUM","COMBO_BOX","automatic","","","","automatic;enabled;disabled","","Cura path: Travel > Retract Before Outer Wall. Source: Cura/resources/definitions/fdmprinter.def.json. Cura enabled expression: retraction_enable.","false","","retraction_enable","","cura","6","0","automatic| param($m) $m.Value.ToUpperInvariant() utomatic|;enabled| param($m) $m.Value.ToUpperInvariant() nabled|;disabled| param($m) $m.Value.ToUpperInvariant() isabled|"
"travel_avoid_other_parts","Avoid Printed Parts When Traveling","Travel","General","11","VT_BOOL","CHECK_BOX","true","","","","","","Cura path: Travel > Avoid Printed Parts When Traveling. Source: Cura/resources/definitions/fdmprinter.def.json. Cura enabled expression: resolveOrValue('retraction_combing') != 'off'.","false","","resolveOrValue('retraction_combing') != 'off'","","cura","6","0",""
"travel_avoid_supports","Avoid Supports When Traveling","Travel","General","12","VT_BOOL","CHECK_BOX","false","","","","","","Cura path: Travel > Avoid Supports When Traveling. Source: Cura/resources/definitions/fdmprinter.def.json. Cura enabled expression: resolveOrValue('retraction_combing') != 'off' and travel_avoid_other_parts.","false","","resolveOrValue('retraction_combing') != 'off' and travel_avoid_other_parts","","cura","6","0",""
"travel_avoid_distance","Travel Avoid Distance","Travel","General","13","VT_FLOAT","NUMERIC_BOX","0.625","","","0.01","","mm","Cura path: Travel > Travel Avoid Distance. Source: Cura/resources/definitions/fdmprinter.def.json. Cura value expression: machine_nozzle_tip_outer_diameter / 2 * 1.25. Cura enabled expression: resolveOrValue('retraction_combing') != 'off' and travel_avoid_other_parts.","false","","resolveOrValue('retraction_combing') != 'off' and travel_avoid_other_parts","machine_nozzle_tip_outer_diameter / 2 * 1.25","cura","6","0",""
"layer_start_at_z_seam","Layer Start at Z Seam","Travel","General","14","VT_BOOL","CHECK_BOX","false","","","","","","Cura path: Travel > Layer Start at Z Seam. Source: Cura/resources/definitions/fdmprinter.def.json. Cura enabled expression: z_seam_type == 'back'.","false","","z_seam_type == 'back'","","cura","6","0",""
"layer_start_x","Layer Start X","Travel","General","15","VT_FLOAT","NUMERIC_BOX","0.0","","","0.01","","mm","Cura path: Travel > Layer Start X. Source: Cura/resources/definitions/fdmprinter.def.json. Cura value expression: (z_seam_x + machine_width / 2 if (not machine_center_is_zero and z_seam_relative) else z_seam_x) if (layer_start_at_z_seam and z_seam_type == 'back') else (sum(extruderValues('machine_extruder_start_pos_x')) / len(extruderValues('machine_extruder_start_pos_x'))).","false","","","(z_seam_x + machine_width / 2 if (not machine_center_is_zero and z_seam_relative) else z_seam_x) if (layer_start_at_z_seam and z_seam_type == 'back') else (sum(extruderValues('machine_extruder_start_pos_x')) / len(extruderValues('machine_extruder_start_pos_x')))","cura","6","0",""
"layer_start_y","Layer Start Y","Travel","General","16","VT_FLOAT","NUMERIC_BOX","0.0","","","0.01","","mm","Cura path: Travel > Layer Start Y. Source: Cura/resources/definitions/fdmprinter.def.json. Cura value expression: (z_seam_y + machine_depth / 2 if (not machine_center_is_zero and z_seam_relative) else z_seam_y) if (layer_start_at_z_seam and z_seam_type == 'back') else (sum(extruderValues('machine_extruder_start_pos_y')) / len(extruderValues('machine_extruder_start_pos_y'))).","false","","","(z_seam_y + machine_depth / 2 if (not machine_center_is_zero and z_seam_relative) else z_seam_y) if (layer_start_at_z_seam and z_seam_type == 'back') else (sum(extruderValues('machine_extruder_start_pos_y')) / len(extruderValues('machine_extruder_start_pos_y')))","cura","6","0",""
"retraction_hop_enabled","Z Hop When Retracted","Travel","General","17","VT_BOOL","CHECK_BOX","false","","","","","","Cura path: Travel > Z Hop When Retracted. Source: Cura/resources/definitions/fdmprinter.def.json. Cura enabled expression: retraction_enable.","false","","retraction_enable","","cura","6","0",""
"retraction_hop_only_when_collides","Z Hop Only Over Printed Parts","Travel","General","18","VT_BOOL","CHECK_BOX","false","","","","","","Cura path: Travel > Z Hop Only Over Printed Parts. Source: Cura/resources/definitions/fdmprinter.def.json. Cura enabled expression: retraction_enable and retraction_hop_enabled and travel_avoid_other_parts.","false","","retraction_enable and retraction_hop_enabled and travel_avoid_other_parts","","cura","6","0",""
"retraction_hop","Z Hop Height","Travel","General","19","VT_FLOAT","NUMERIC_BOX","1","","","0.01","","mm","Cura path: Travel > Z Hop Height. Source: Cura/resources/definitions/fdmprinter.def.json. Cura enabled expression: retraction_enable and retraction_hop_enabled.","false","","retraction_enable and retraction_hop_enabled","","cura","6","0",""
"retraction_hop_after_extruder_switch","Z Hop After Extruder Switch","Travel","General","20","VT_BOOL","CHECK_BOX","true","","","","","","Cura path: Travel > Z Hop After Extruder Switch. Source: Cura/resources/definitions/fdmprinter.def.json. Cura enabled expression: retraction_hop_enabled and extruders_enabled_count > 1.","false","","retraction_hop_enabled and extruders_enabled_count > 1","","cura","6","0",""
"retraction_hop_after_extruder_switch_height","Z Hop After Extruder Switch Height","Travel","General","21","VT_FLOAT","NUMERIC_BOX","1","","","0.01","","mm","Cura path: Travel > Z Hop After Extruder Switch Height. Source: Cura/resources/definitions/fdmprinter.def.json. Cura value expression: retraction_hop. Cura enabled expression: retraction_enable and retraction_hop_after_extruder_switch and extruders_enabled_count > 1.","false","","retraction_enable and retraction_hop_after_extruder_switch and extruders_enabled_count > 1","retraction_hop","cura","6","0",""
"retraction_speed","Retraction Speed","Travel","Retraction Speed","0","VT_FLOAT","NUMERIC_BOX","25","","","0.01","","mm/s","Cura path: Travel > Retraction Speed. Source: Cura/resources/definitions/fdmprinter.def.json. Cura enabled expression: retraction_enable and machine_gcode_flavor != ""UltiGCode"".","false","","retraction_enable and machine_gcode_flavor != ""UltiGCode""","","cura","6","1",""
"retraction_retract_speed","Retraction Retract Speed","Travel","Retraction Speed","1","VT_FLOAT","NUMERIC_BOX","25","","","0.01","","mm/s","Cura path: Travel > Retraction Speed > Retraction Retract Speed. Source: Cura/resources/definitions/fdmprinter.def.json. Cura value expression: retraction_speed. Cura enabled expression: retraction_enable and machine_gcode_flavor != ""UltiGCode"".","false","","retraction_enable and machine_gcode_flavor != ""UltiGCode""","retraction_speed","cura","6","1",""
"retraction_prime_speed","Retraction Prime Speed","Travel","Retraction Speed","2","VT_FLOAT","NUMERIC_BOX","25","","","0.01","","mm/s","Cura path: Travel > Retraction Speed > Retraction Prime Speed. Source: Cura/resources/definitions/fdmprinter.def.json. Cura value expression: retraction_speed. Cura enabled expression: retraction_enable and machine_gcode_flavor != ""UltiGCode"".","false","","retraction_enable and machine_gcode_flavor != ""UltiGCode""","retraction_speed","cura","6","1",""
"cool_fan_enabled","Enable Print Cooling","Cooling","General","0","VT_BOOL","CHECK_BOX","true","","","","","","Cura path: Cooling > Enable Print Cooling. Source: Cura/resources/definitions/fdmprinter.def.json.","false","","","","","7","0",""
"build_volume_fan_speed_0","Initial Layers Build Volume Fan Speed","Cooling","General","1","VT_FLOAT","NUMERIC_BOX","0","","","0.01","","%","Cura path: Cooling > Initial Layers Build Volume Fan Speed. Source: Cura/resources/definitions/fdmprinter.def.json. Cura enabled expression: build_volume_fan_nr != 0.","false","","build_volume_fan_nr != 0","","cura","7","0",""
"build_volume_fan_speed","Build Volume Fan Speed","Cooling","General","2","VT_FLOAT","NUMERIC_BOX","100","","","0.01","","%","Cura path: Cooling > Build Volume Fan Speed. Source: Cura/resources/definitions/fdmprinter.def.json. Cura enabled expression: build_volume_fan_nr != 0.","false","","build_volume_fan_nr != 0","","cura","7","0",""
"cool_min_layer_time_fan_speed_max","Regular/Maximum Fan Speed Threshold","Cooling","General","3","VT_FLOAT","NUMERIC_BOX","10","","","0.01","","s","Cura path: Cooling > Regular/Maximum Fan Speed Threshold. Source: Cura/resources/definitions/fdmprinter.def.json.","false","","","","","7","0",""
"cool_fan_speed_0","Initial Fan Speed","Cooling","General","4","VT_FLOAT","NUMERIC_BOX","0","","","0.01","","%","Cura path: Cooling > Initial Fan Speed. Source: Cura/resources/definitions/fdmprinter.def.json. Cura enabled expression: cool_fan_enabled.","false","","cool_fan_enabled","","cura","7","0",""
"cool_min_layer_time","Minimum Layer Time","Cooling","General","5","VT_FLOAT","NUMERIC_BOX","5","","","0.01","","s","Cura path: Cooling > Minimum Layer Time. Source: Cura/resources/definitions/fdmprinter.def.json.","false","","","","","7","0",""
"cool_min_speed","Minimum Speed","Cooling","General","6","VT_FLOAT","NUMERIC_BOX","10","","","0.01","","mm/s","Cura path: Cooling > Minimum Speed. Source: Cura/resources/definitions/fdmprinter.def.json. Cura enabled expression: cool_min_layer_time > 0.","false","","cool_min_layer_time > 0","","cura","7","0",""
"cool_lift_head","Lift Head","Cooling","General","7","VT_BOOL","CHECK_BOX","false","","","","","","Cura path: Cooling > Lift Head. Source: Cura/resources/definitions/fdmprinter.def.json. Cura enabled expression: cool_min_layer_time > 0.","false","","cool_min_layer_time > 0","","cura","7","0",""
"cool_min_temperature","Small Layer Printing Temperature","Cooling","General","8","VT_FLOAT","NUMERIC_BOX","0","","","0.01","","°C","Cura path: Cooling > Small Layer Printing Temperature. Source: Cura/resources/definitions/fdmprinter.def.json. Cura value expression: material_print_temperature. Cura enabled expression: cool_min_layer_time > 0.","false","","cool_min_layer_time > 0","material_print_temperature","cura","7","0",""
"cool_during_extruder_switch","Cooling during extruder switch","Cooling","General","9","VT_ENUM","COMBO_BOX","unchanged","","","","unchanged;only_last_extruder;all_extruders","","Cura path: Cooling > Cooling during extruder switch. Source: Cura/resources/definitions/fdmprinter.def.json.","false","","","","","7","0","unchanged| param($m) $m.Value.ToUpperInvariant() nchanged|;only_last_extruder| param($m) $m.Value.ToUpperInvariant() nly  param($m) $m.Value.ToUpperInvariant() ast  param($m) $m.Value.ToUpperInvariant() xtruder|;all_extruders| param($m) $m.Value.ToUpperInvariant() ll  param($m) $m.Value.ToUpperInvariant() xtruders|"
"build_fan_full_at_height","Build Volume Fan Speed at Height","Cooling","Build Volume Fan Speed at Height","0","VT_FLOAT","NUMERIC_BOX","0","","","0.01","","mm","Cura path: Cooling > Build Volume Fan Speed at Height. Source: Cura/resources/definitions/fdmprinter.def.json. Cura enabled expression: build_volume_fan_nr != 0.","false","","build_volume_fan_nr != 0","","cura","7","1",""
"build_fan_full_layer","Build Volume Fan Speed at Layer","Cooling","Build Volume Fan Speed at Height","1","VT_INT","NUMERIC_BOX","0","","","1","","","Cura path: Cooling > Build Volume Fan Speed at Height > Build Volume Fan Speed at Layer. Source: Cura/resources/definitions/fdmprinter.def.json. Cura value expression: max(1, int(math.floor((build_fan_full_at_height - resolveOrValue('layer_height_0')) / resolveOrValue('layer_height')) + 2)). Cura enabled expression: build_volume_fan_nr != 0.","false","","build_volume_fan_nr != 0","max(1, int(math.floor((build_fan_full_at_height - resolveOrValue('layer_height_0')) / resolveOrValue('layer_height')) + 2))","cura","7","1",""
"cool_fan_speed","Fan Speed","Cooling","Fan Speed","0","VT_FLOAT","NUMERIC_BOX","100","","","0.01","","%","Cura path: Cooling > Fan Speed. Source: Cura/resources/definitions/fdmprinter.def.json. Cura value expression: 100.0 if cool_fan_enabled else 0.0. Cura enabled expression: cool_fan_enabled.","false","","cool_fan_enabled","100.0 if cool_fan_enabled else 0.0","cura","7","2",""
"cool_fan_speed_min","Regular Fan Speed","Cooling","Fan Speed","1","VT_FLOAT","NUMERIC_BOX","100","","","0.01","","%","Cura path: Cooling > Fan Speed > Regular Fan Speed. Source: Cura/resources/definitions/fdmprinter.def.json. Cura value expression: cool_fan_speed. Cura enabled expression: cool_fan_enabled.","false","","cool_fan_enabled","cool_fan_speed","cura","7","2",""
"cool_fan_speed_max","Maximum Fan Speed","Cooling","Fan Speed","2","VT_FLOAT","NUMERIC_BOX","100","","","0.01","","%","Cura path: Cooling > Fan Speed > Maximum Fan Speed. Source: Cura/resources/definitions/fdmprinter.def.json. Cura value expression: cool_fan_speed. Cura enabled expression: cool_fan_enabled.","false","","cool_fan_enabled","cool_fan_speed","cura","7","2",""
"cool_fan_full_at_height","Regular Fan Speed at Height","Cooling","Regular Fan Speed at Height","0","VT_FLOAT","NUMERIC_BOX","0.5","","","0.01","","mm","Cura path: Cooling > Regular Fan Speed at Height. Source: Cura/resources/definitions/fdmprinter.def.json. Cura value expression: 0 if resolveOrValue('adhesion_type') == 'raft' else resolveOrValue('layer_height_0').","false","","","0 if resolveOrValue('adhesion_type') == 'raft' else resolveOrValue('layer_height_0')","cura","7","3",""
"cool_fan_full_layer","Regular Fan Speed at Layer","Cooling","Regular Fan Speed at Height","1","VT_INT","NUMERIC_BOX","2","","","1","","","Cura path: Cooling > Regular Fan Speed at Height > Regular Fan Speed at Layer. Source: Cura/resources/definitions/fdmprinter.def.json. Cura value expression: max(1, int(math.floor((cool_fan_full_at_height - resolveOrValue('layer_height_0')) / resolveOrValue('layer_height')) + 2)).","false","","","max(1, int(math.floor((cool_fan_full_at_height - resolveOrValue('layer_height_0')) / resolveOrValue('layer_height')) + 2))","cura","7","3",""
"support_enable","Generate Support","Support","General","0","VT_BOOL","CHECK_BOX","false","","","","","","Cura path: Support > Generate Support. Source: Cura/resources/definitions/fdmprinter.def.json.","false","","","","","8","0",""
"support_structure","Support Structure","Support","General","1","VT_ENUM","COMBO_BOX","normal","","","","normal;tree","","Cura path: Support > Support Structure. Source: Cura/resources/definitions/fdmprinter.def.json. Cura enabled expression: support_enable.","false","","support_enable","","cura","8","0","normal| param($m) $m.Value.ToUpperInvariant() ormal|;tree| param($m) $m.Value.ToUpperInvariant() ree|"
"support_tree_angle","Maximum Branch Angle","Support","General","2","VT_FLOAT","NUMERIC_BOX","60","","","0.01","","°","Cura path: Support > Maximum Branch Angle. Source: Cura/resources/definitions/fdmprinter.def.json. Cura value expression: max(min(support_angle, 85), 20). Cura enabled expression: support_enable and support_structure=='tree'.","false","","support_enable and support_structure=='tree'","max(min(support_angle, 85), 20)","cura","8","0",""
"support_tree_branch_diameter","Branch Diameter","Support","General","3","VT_FLOAT","NUMERIC_BOX","5","","","0.01","","mm","Cura path: Support > Branch Diameter. Source: Cura/resources/definitions/fdmprinter.def.json. Cura enabled expression: support_enable and support_structure=='tree'.","false","","support_enable and support_structure=='tree'","","cura","8","0",""
"support_tree_max_diameter","Trunk Diameter","Support","General","4","VT_FLOAT","NUMERIC_BOX","25","","","0.01","","mm","Cura path: Support > Trunk Diameter. Source: Cura/resources/definitions/fdmprinter.def.json. Cura enabled expression: support_enable and support_structure=='tree'.","false","","support_enable and support_structure=='tree'","","cura","8","0",""
"support_tree_branch_diameter_angle","Branch Diameter Angle","Support","General","5","VT_FLOAT","NUMERIC_BOX","7","","","0.01","","°","Cura path: Support > Branch Diameter Angle. Source: Cura/resources/definitions/fdmprinter.def.json. Cura enabled expression: support_enable and support_structure=='tree'.","false","","support_enable and support_structure=='tree'","","cura","8","0",""
"support_type","Support Placement","Support","General","6","VT_ENUM","COMBO_BOX","everywhere","","","","everywhere;buildplate","","Cura path: Support > Support Placement. Source: Cura/resources/definitions/fdmprinter.def.json. Cura enabled expression: support_enable.","false","","support_enable","","cura","8","0","everywhere| param($m) $m.Value.ToUpperInvariant() verywhere|;buildplate| param($m) $m.Value.ToUpperInvariant() uildplate|"
"support_tree_angle_slow","Preferred Branch Angle","Support","General","7","VT_FLOAT","NUMERIC_BOX","50","","","0.01","","°","Cura path: Support > Preferred Branch Angle. Source: Cura/resources/definitions/fdmprinter.def.json. Cura value expression: support_tree_angle * 2 / 3. Cura enabled expression: support_enable and support_structure=='tree'.","false","","support_enable and support_structure=='tree'","support_tree_angle * 2 / 3","cura","8","0",""
"support_tree_max_diameter_increase_by_merges_when_support_to_model","Diameter Increase To Model","Support","General","8","VT_FLOAT","NUMERIC_BOX","1","","","0.01","","mm","Cura path: Support > Diameter Increase To Model. Source: Cura/resources/definitions/fdmprinter.def.json. Cura enabled expression: support_enable and support_structure=='tree' and resolveOrValue('support_type') == 'everywhere' .","false","","support_enable and support_structure=='tree' and resolveOrValue('support_type') == 'everywhere' ","","cura","8","0",""
"support_tree_min_height_to_model","Minimum Height To Model","Support","General","9","VT_FLOAT","NUMERIC_BOX","3","","","0.01","","mm","Cura path: Support > Minimum Height To Model. Source: Cura/resources/definitions/fdmprinter.def.json. Cura enabled expression: support_enable and support_structure=='tree' and resolveOrValue('support_type') == 'everywhere' .","false","","support_enable and support_structure=='tree' and resolveOrValue('support_type') == 'everywhere' ","","cura","8","0",""
"support_tree_bp_diameter","Initial Layer Diameter","Support","General","10","VT_FLOAT","NUMERIC_BOX","7.5","","","0.01","","mm","Cura path: Support > Initial Layer Diameter. Source: Cura/resources/definitions/fdmprinter.def.json. Cura enabled expression: support_enable and support_structure=='tree'.","false","","support_enable and support_structure=='tree'","","cura","8","0",""
"support_tree_top_rate","Branch Density","Support","General","11","VT_FLOAT","NUMERIC_BOX","15","","","0.01","","%","Cura path: Support > Branch Density. Source: Cura/resources/definitions/fdmprinter.def.json. Cura value expression: 30 if support_roof_enable else 10. Cura enabled expression: support_enable and support_structure=='tree'.","false","","support_enable and support_structure=='tree'","30 if support_roof_enable else 10","cura","8","0",""
"support_tree_tip_diameter","Tip Diameter","Support","General","12","VT_FLOAT","NUMERIC_BOX","0.4","","","0.01","","mm","Cura path: Support > Tip Diameter. Source: Cura/resources/definitions/fdmprinter.def.json. Cura value expression: support_line_width * 2. Cura enabled expression: support_enable and support_structure=='tree'.","false","","support_enable and support_structure=='tree'","support_line_width * 2","cura","8","0",""
"support_tree_limit_branch_reach","Limit Branch Reach","Support","General","13","VT_BOOL","CHECK_BOX","true","","","","","","Cura path: Support > Limit Branch Reach. Source: Cura/resources/definitions/fdmprinter.def.json. Cura enabled expression: support_enable and support_structure=='tree'.","false","","support_enable and support_structure=='tree'","","cura","8","0",""
"support_tree_branch_reach_limit","Optimal Branch Range","Support","General","14","VT_FLOAT","NUMERIC_BOX","30","","","0.01","","mm","Cura path: Support > Optimal Branch Range. Source: Cura/resources/definitions/fdmprinter.def.json. Cura enabled expression: support_enable and support_tree_limit_branch_reach and support_structure=='tree'.","false","","support_enable and support_tree_limit_branch_reach and support_structure=='tree'","","cura","8","0",""
"support_tree_rest_preference","Rest Preference","Support","General","15","VT_ENUM","COMBO_BOX","buildplate","","","","buildplate;graceful;support_line","","Cura path: Support > Rest Preference. Source: Cura/resources/definitions/fdmprinter.def.json. Cura value expression: 'buildplate' if support_type == 'buildplate' else 'graceful'. Cura enabled expression: support_enable and support_structure=='tree' and support_type == 'everywhere'.","false","","support_enable and support_structure=='tree' and support_type == 'everywhere'","'buildplate' if support_type == 'buildplate' else 'graceful'","cura","8","0","buildplate| param($m) $m.Value.ToUpperInvariant() uildplate|;graceful| param($m) $m.Value.ToUpperInvariant() raceful|;support_line| param($m) $m.Value.ToUpperInvariant() upport  param($m) $m.Value.ToUpperInvariant() ine|"
"support_angle","Support Overhang Angle","Support","General","16","VT_FLOAT","NUMERIC_BOX","50","","","0.01","","°","Cura path: Support > Support Overhang Angle. Source: Cura/resources/definitions/fdmprinter.def.json. Cura enabled expression: support_enable.","false","","support_enable","","cura","8","0",""
"support_pattern","Support Pattern","Support","General","17","VT_ENUM","COMBO_BOX","zigzag","","","","lines;grid;triangles;concentric;zigzag;cross;gyroid","","Cura path: Support > Support Pattern. Source: Cura/resources/definitions/fdmprinter.def.json. Cura enabled expression: (support_enable or support_meshes_present) and support_infill_rate > 0.","false","","(support_enable or support_meshes_present) and support_infill_rate > 0","","cura","8","0","lines| param($m) $m.Value.ToUpperInvariant() ines|;grid| param($m) $m.Value.ToUpperInvariant() rid|;triangles| param($m) $m.Value.ToUpperInvariant() riangles|;concentric| param($m) $m.Value.ToUpperInvariant() oncentric|;zigzag| param($m) $m.Value.ToUpperInvariant() igzag|;cross| param($m) $m.Value.ToUpperInvariant() ross|;gyroid| param($m) $m.Value.ToUpperInvariant() yroid|"
"support_wall_count","Support Wall Line Count","Support","General","18","VT_INT","NUMERIC_BOX","1","","","1","","","Cura path: Support > Support Wall Line Count. Source: Cura/resources/definitions/fdmprinter.def.json. Cura value expression: 1 if support_enable and support_structure == 'tree' else (1 if (support_pattern == 'grid' or support_pattern == 'triangles' or support_pattern == 'concentric') else 0). Cura enabled expression: support_enable or support_meshes_present.","false","","support_enable or support_meshes_present","1 if support_enable and support_structure == 'tree' else (1 if (support_pattern == 'grid' or support_pattern == 'triangles' or support_pattern == 'concentric') else 0)","cura","8","0",""
"support_infill_multiplier","Support Infill Line Multiplier","Support","General","19","VT_INT","NUMERIC_BOX","1","","","1","","","Cura path: Support > Support Infill Line Multiplier. Source: Cura/resources/definitions/fdmprinter.def.json. Cura enabled expression: (support_enable or support_meshes_present) and support_line_distance > 0 and support_pattern != 'zigzag'.","false","","(support_enable or support_meshes_present) and support_line_distance > 0 and support_pattern != 'zigzag'","","cura","8","0",""
"zig_zaggify_support","Connect Support Lines","Support","General","20","VT_BOOL","CHECK_BOX","false","","","","","","Cura path: Support > Connect Support Lines. Source: Cura/resources/definitions/fdmprinter.def.json. Cura value expression: support_pattern == 'cross' or support_pattern == 'gyroid' or support_pattern == 'honeycomb' or support_pattern == 'octagon'. Cura enabled expression: (support_enable or support_meshes_present) and (support_pattern == 'lines' or support_pattern == 'grid' or support_pattern == 'triangles' or support_pattern == 'cross' or support_pattern == 'gyroid' or support_pattern == 'honeycomb' or support_pattern == 'octagon').","false","","(support_enable or support_meshes_present) and (support_pattern == 'lines' or support_pattern == 'grid' or support_pattern == 'triangles' or support_pattern == 'cross' or support_pattern == 'gyroid' or support_pattern == 'honeycomb' or support_pattern == 'octagon')","support_pattern == 'cross' or support_pattern == 'gyroid' or support_pattern == 'honeycomb' or support_pattern == 'octagon'","cura","8","0",""
"support_connect_zigzags","Connect Support ZigZags","Support","General","21","VT_BOOL","CHECK_BOX","true","","","","","","Cura path: Support > Connect Support ZigZags. Source: Cura/resources/definitions/fdmprinter.def.json. Cura enabled expression: (support_enable or support_meshes_present) and support_pattern == 'zigzag'.","false","","(support_enable or support_meshes_present) and support_pattern == 'zigzag'","","cura","8","0",""
"support_infill_density_multiplier_initial_layer","Support Infill Density Multiplier Initial Layer","Support","General","22","VT_INT","NUMERIC_BOX","1","","","1","","","Cura path: Support > Support Infill Density Multiplier Initial Layer. Source: Cura/resources/definitions/fdmprinter.def.json. Cura enabled expression: (support_enable or support_meshes_present) and support_line_distance > 0 and support_pattern != 'lightning'.","false","","(support_enable or support_meshes_present) and support_line_distance > 0 and support_pattern != 'lightning'","","cura","8","0",""
"support_infill_angles","Support Infill Line Directions","Support","General","23","VT_STRING","TEXT_BOX","[ ]","","","","","","Cura path: Support > Support Infill Line Directions. Source: Cura/resources/definitions/fdmprinter.def.json. List value encoded as text for ParameterValue.string_value. Cura enabled expression: (support_enable or support_meshes_present) and support_pattern != 'concentric' and support_infill_rate > 0.","false","","(support_enable or support_meshes_present) and support_pattern != 'concentric' and support_infill_rate > 0","","cura","8","0",""
"support_brim_enable","Enable Support Brim","Support","General","24","VT_BOOL","CHECK_BOX","true","","","","","","Cura path: Support > Enable Support Brim. Source: Cura/resources/definitions/fdmprinter.def.json. Cura enabled expression: support_enable or support_meshes_present.","false","","support_enable or support_meshes_present","","cura","8","0",""
"support_brim_minimum_hole_area","Minimum hole area in brim support","Support","General","25","VT_FLOAT","NUMERIC_BOX","16","","","0.01","","mm²","Cura path: Support > Minimum hole area in brim support. Source: Cura/resources/definitions/fdmprinter.def.json. Cura value expression: skirt_brim_line_width * skirt_brim_line_width * 100. Cura enabled expression: support_brim_enable.","false","","support_brim_enable","skirt_brim_line_width * skirt_brim_line_width * 100","cura","8","0",""
"support_xy_distance","Support X/Y Distance","Support","General","26","VT_FLOAT","NUMERIC_BOX","0.7","","","0.01","","mm","Cura path: Support > Support X/Y Distance. Source: Cura/resources/definitions/fdmprinter.def.json. Cura enabled expression: support_enable or support_meshes_present.","false","","support_enable or support_meshes_present","","cura","8","0",""
"support_xy_overrides_z","Support Distance Priority","Support","General","27","VT_ENUM","COMBO_BOX","z_overrides_xy","","","","z_overrides_xy;xy_overrides_z","","Cura path: Support > Support Distance Priority. Source: Cura/resources/definitions/fdmprinter.def.json. Cura enabled expression: support_enable or support_meshes_present.","false","","support_enable or support_meshes_present","","cura","8","0","z_overrides_xy| param($m) $m.Value.ToUpperInvariant()   param($m) $m.Value.ToUpperInvariant() verrides  param($m) $m.Value.ToUpperInvariant() y|;xy_overrides_z| param($m) $m.Value.ToUpperInvariant() y  param($m) $m.Value.ToUpperInvariant() verrides  param($m) $m.Value.ToUpperInvariant() |"
"support_xy_distance_overhang","Minimum Support X/Y Distance","Support","General","28","VT_FLOAT","NUMERIC_BOX","0.2","","","0.01","","mm","Cura path: Support > Minimum Support X/Y Distance. Source: Cura/resources/definitions/fdmprinter.def.json. Cura value expression: machine_nozzle_size / 2. Cura enabled expression: (support_enable or support_meshes_present) and support_xy_overrides_z == 'z_overrides_xy'.","false","","(support_enable or support_meshes_present) and support_xy_overrides_z == 'z_overrides_xy'","machine_nozzle_size / 2","cura","8","0",""
"support_bottom_stair_step_height","Support Stair Step Height","Support","General","29","VT_FLOAT","NUMERIC_BOX","0.3","","","0.01","","mm","Cura path: Support > Support Stair Step Height. Source: Cura/resources/definitions/fdmprinter.def.json. Cura value expression: 0 if support_bottom_enable else 0.3. Cura enabled expression: (support_enable and support_structure == 'normal') or support_meshes_present.","false","","(support_enable and support_structure == 'normal') or support_meshes_present","0 if support_bottom_enable else 0.3","cura","8","0",""
"support_bottom_stair_step_width","Support Stair Step Maximum Width","Support","General","30","VT_FLOAT","NUMERIC_BOX","5.0","","","0.01","","mm","Cura path: Support > Support Stair Step Maximum Width. Source: Cura/resources/definitions/fdmprinter.def.json. Cura enabled expression: ((support_enable and support_structure == 'normal') or support_meshes_present) and support_bottom_stair_step_height > 0.","false","","((support_enable and support_structure == 'normal') or support_meshes_present) and support_bottom_stair_step_height > 0","","cura","8","0",""
"support_bottom_stair_step_min_slope","Support Stair Step Minimum Slope Angle","Support","General","31","VT_FLOAT","NUMERIC_BOX","10.0","","","0.01","","°","Cura path: Support > Support Stair Step Minimum Slope Angle. Source: Cura/resources/definitions/fdmprinter.def.json. Cura enabled expression: ((support_enable and support_structure == 'normal') or support_meshes_present) and support_bottom_stair_step_height > 0.","false","","((support_enable and support_structure == 'normal') or support_meshes_present) and support_bottom_stair_step_height > 0","","cura","8","0",""
"support_join_distance","Support Join Distance","Support","General","32","VT_FLOAT","NUMERIC_BOX","2.0","","","0.01","","mm","Cura path: Support > Support Join Distance. Source: Cura/resources/definitions/fdmprinter.def.json. Cura enabled expression: (support_enable and support_structure == 'normal') or support_meshes_present.","false","","(support_enable and support_structure == 'normal') or support_meshes_present","","cura","8","0",""
"support_offset","Support Horizontal Expansion","Support","General","33","VT_FLOAT","NUMERIC_BOX","0.8","","","0.01","","mm","Cura path: Support > Support Horizontal Expansion. Source: Cura/resources/definitions/fdmprinter.def.json. Cura value expression: support_line_width + 0.4 if support_structure == 'normal' else 0.0. Cura enabled expression: (support_enable or support_meshes_present) and support_structure == 'normal'.","false","","(support_enable or support_meshes_present) and support_structure == 'normal'","support_line_width + 0.4 if support_structure == 'normal' else 0.0","cura","8","0",""
"support_infill_sparse_thickness","Support Infill Layer Thickness","Support","General","34","VT_FLOAT","NUMERIC_BOX","0.1","","","0.01","","mm","Cura path: Support > Support Infill Layer Thickness. Source: Cura/resources/definitions/fdmprinter.def.json. Cura value expression: resolveOrValue('layer_height'). Cura enabled expression: (support_enable or support_meshes_present) and support_infill_rate > 0.","false","","(support_enable or support_meshes_present) and support_infill_rate > 0","resolveOrValue('layer_height')","cura","8","0",""
"gradual_support_infill_steps","Gradual Support Infill Steps","Support","General","35","VT_INT","NUMERIC_BOX","0","","","1","","","Cura path: Support > Gradual Support Infill Steps. Source: Cura/resources/definitions/fdmprinter.def.json. Cura enabled expression: (support_enable or support_meshes_present) and support_infill_rate > 0.","false","","(support_enable or support_meshes_present) and support_infill_rate > 0","","cura","8","0",""
"gradual_support_infill_step_height","Gradual Support Infill Step Height","Support","General","36","VT_FLOAT","NUMERIC_BOX","1","","","0.01","","mm","Cura path: Support > Gradual Support Infill Step Height. Source: Cura/resources/definitions/fdmprinter.def.json. Cura enabled expression: (support_enable or support_meshes_present) and support_infill_rate > 0 and gradual_support_infill_steps > 0.","false","","(support_enable or support_meshes_present) and support_infill_rate > 0 and gradual_support_infill_steps > 0","","cura","8","0",""
"minimum_support_area","Minimum Support Area","Support","General","37","VT_FLOAT","NUMERIC_BOX","0.0","","","0.01","","mm²","Cura path: Support > Minimum Support Area. Source: Cura/resources/definitions/fdmprinter.def.json. Cura enabled expression: support_enable or support_meshes_present.","false","","support_enable or support_meshes_present","","cura","8","0",""
"support_interface_priority","Support Interface Priority","Support","General","38","VT_ENUM","COMBO_BOX","interface_area_overwrite_support_area","","","","interface_lines_overwrite_support_area;interface_area_overwrite_support_area;support_area_overwrite_interface_area","","Cura path: Support > Support Interface Priority. Source: Cura/resources/definitions/fdmprinter.def.json. Cura enabled expression: support_enable and support_structure=='tree' and support_roof_enable.","false","","support_enable and support_structure=='tree' and support_roof_enable","","cura","8","0","interface_lines_overwrite_support_area| param($m) $m.Value.ToUpperInvariant() nterface  param($m) $m.Value.ToUpperInvariant() ines  param($m) $m.Value.ToUpperInvariant() verwrite  param($m) $m.Value.ToUpperInvariant() upport  param($m) $m.Value.ToUpperInvariant() rea|;interface_area_overwrite_support_area| param($m) $m.Value.ToUpperInvariant() nterface  param($m) $m.Value.ToUpperInvariant() rea  param($m) $m.Value.ToUpperInvariant() verwrite  param($m) $m.Value.ToUpperInvariant() upport  param($m) $m.Value.ToUpperInvariant() rea|;support_area_overwrite_interface_area| param($m) $m.Value.ToUpperInvariant() upport  param($m) $m.Value.ToUpperInvariant() rea  param($m) $m.Value.ToUpperInvariant() verwrite  param($m) $m.Value.ToUpperInvariant() nterface  param($m) $m.Value.ToUpperInvariant() rea|"
"support_fan_enable","Fan Speed Override","Support","General","39","VT_BOOL","CHECK_BOX","false","","","","","","Cura path: Support > Fan Speed Override. Source: Cura/resources/definitions/fdmprinter.def.json. Cura enabled expression: support_enable or support_meshes_present.","false","","support_enable or support_meshes_present","","cura","8","0",""
"support_supported_skin_fan_speed","Supported Skin Fan Speed","Support","General","40","VT_FLOAT","NUMERIC_BOX","100","","","0.01","","%","Cura path: Support > Supported Skin Fan Speed. Source: Cura/resources/definitions/fdmprinter.def.json. Cura enabled expression: (support_enable or support_meshes_present) and support_fan_enable.","false","","(support_enable or support_meshes_present) and support_fan_enable","","cura","8","0",""
"support_use_towers","Use Towers","Support","General","41","VT_BOOL","CHECK_BOX","true","","","","","","Cura path: Support > Use Towers. Source: Cura/resources/definitions/fdmprinter.def.json. Cura enabled expression: support_enable and support_structure == 'normal'.","false","","support_enable and support_structure == 'normal'","","cura","8","0",""
"support_tower_diameter","Tower Diameter","Support","General","42","VT_FLOAT","NUMERIC_BOX","3.0","","","0.01","","mm","Cura path: Support > Tower Diameter. Source: Cura/resources/definitions/fdmprinter.def.json. Cura enabled expression: support_enable and support_structure == 'normal' and support_use_towers.","false","","support_enable and support_structure == 'normal' and support_use_towers","","cura","8","0",""
"support_tower_maximum_supported_diameter","Maximum Tower-Supported Diameter","Support","General","43","VT_FLOAT","NUMERIC_BOX","3.0","","","0.01","","mm","Cura path: Support > Maximum Tower-Supported Diameter. Source: Cura/resources/definitions/fdmprinter.def.json. Cura enabled expression: support_enable and support_structure == 'normal' and support_use_towers.","false","","support_enable and support_structure == 'normal' and support_use_towers","","cura","8","0",""
"support_tower_roof_angle","Tower Roof Angle","Support","General","44","VT_INT","NUMERIC_BOX","65","","","1","","°","Cura path: Support > Tower Roof Angle. Source: Cura/resources/definitions/fdmprinter.def.json. Cura enabled expression: support_enable and support_structure == 'normal' and support_use_towers.","false","","support_enable and support_structure == 'normal' and support_use_towers","","cura","8","0",""
"support_mesh_drop_down","Drop Down Support Mesh","Support","General","45","VT_BOOL","CHECK_BOX","true","","","","","","Cura path: Support > Drop Down Support Mesh. Source: Cura/resources/definitions/fdmprinter.def.json. Cura enabled expression: support_mesh.","false","","support_mesh","","cura","8","0",""
"support_meshes_present","Scene Has Support Meshes","Support","General","46","VT_BOOL","CHECK_BOX","false","","","","","","Cura path: Support > Scene Has Support Meshes. Source: Cura/resources/definitions/fdmprinter.def.json. Cura enabled expression: False.","false","","False","","cura","8","0",""
"support_extruder_nr","Support Extruder","Support","Support Extruder","0","VT_INT","COMBO_BOX","0","","","1","0;1;2;3;4","","Cura path: Support > Support Extruder. Source: Cura/resources/definitions/fdmprinter.def.json. Cura value expression: int(anyExtruderWithMaterial('material_is_support_material')). Cura enabled expression: (support_enable or support_meshes_present) and extruders_enabled_count > 1.","false","","(support_enable or support_meshes_present) and extruders_enabled_count > 1","int(anyExtruderWithMaterial('material_is_support_material'))","cura","8","1","0| param($m) $m.Value.ToUpperInvariant() |;1| param($m) $m.Value.ToUpperInvariant() |;2| param($m) $m.Value.ToUpperInvariant() |;3| param($m) $m.Value.ToUpperInvariant() |;4| param($m) $m.Value.ToUpperInvariant() |"
"support_infill_extruder_nr","Support Infill Extruder","Support","Support Extruder","1","VT_INT","COMBO_BOX","0","","","1","0;1;2;3;4","","Cura path: Support > Support Extruder > Support Infill Extruder. Source: Cura/resources/definitions/fdmprinter.def.json. Cura value expression: support_extruder_nr. Cura enabled expression: (support_enable or support_meshes_present) and extruders_enabled_count > 1.","false","","(support_enable or support_meshes_present) and extruders_enabled_count > 1","support_extruder_nr","cura","8","1","0| param($m) $m.Value.ToUpperInvariant() |;1| param($m) $m.Value.ToUpperInvariant() |;2| param($m) $m.Value.ToUpperInvariant() |;3| param($m) $m.Value.ToUpperInvariant() |;4| param($m) $m.Value.ToUpperInvariant() |"
"support_extruder_nr_layer_0","First Layer Support Extruder","Support","Support Extruder","2","VT_INT","COMBO_BOX","0","","","1","0;1;2;3;4","","Cura path: Support > Support Extruder > First Layer Support Extruder. Source: Cura/resources/definitions/fdmprinter.def.json. Cura value expression: support_extruder_nr. Cura enabled expression: (support_enable or support_meshes_present) and extruders_enabled_count > 1.","false","","(support_enable or support_meshes_present) and extruders_enabled_count > 1","support_extruder_nr","cura","8","1","0| param($m) $m.Value.ToUpperInvariant() |;1| param($m) $m.Value.ToUpperInvariant() |;2| param($m) $m.Value.ToUpperInvariant() |;3| param($m) $m.Value.ToUpperInvariant() |;4| param($m) $m.Value.ToUpperInvariant() |"
"support_interface_extruder_nr","Support Interface Extruder","Support","Support Extruder","3","VT_INT","COMBO_BOX","0","","","1","0;1;2;3;4","","Cura path: Support > Support Extruder > Support Interface Extruder. Source: Cura/resources/definitions/fdmprinter.def.json. Cura value expression: support_extruder_nr. Cura enabled expression: (support_enable or support_meshes_present) and extruders_enabled_count > 1 and support_interface_enable.","false","","(support_enable or support_meshes_present) and extruders_enabled_count > 1 and support_interface_enable","support_extruder_nr","cura","8","1","0| param($m) $m.Value.ToUpperInvariant() |;1| param($m) $m.Value.ToUpperInvariant() |;2| param($m) $m.Value.ToUpperInvariant() |;3| param($m) $m.Value.ToUpperInvariant() |;4| param($m) $m.Value.ToUpperInvariant() |"
"support_roof_extruder_nr","Support Roof Extruder","Support","Support Extruder","4","VT_INT","COMBO_BOX","0","","","1","0;1;2;3;4","","Cura path: Support > Support Extruder > Support Interface Extruder > Support Roof Extruder. Source: Cura/resources/definitions/fdmprinter.def.json. Cura value expression: support_interface_extruder_nr. Cura enabled expression: (support_enable or support_meshes_present) and extruders_enabled_count > 1 and support_roof_enable.","false","","(support_enable or support_meshes_present) and extruders_enabled_count > 1 and support_roof_enable","support_interface_extruder_nr","cura","8","1","0| param($m) $m.Value.ToUpperInvariant() |;1| param($m) $m.Value.ToUpperInvariant() |;2| param($m) $m.Value.ToUpperInvariant() |;3| param($m) $m.Value.ToUpperInvariant() |;4| param($m) $m.Value.ToUpperInvariant() |"
"support_bottom_extruder_nr","Support Floor Extruder","Support","Support Extruder","5","VT_INT","COMBO_BOX","0","","","1","0;1;2;3;4","","Cura path: Support > Support Extruder > Support Interface Extruder > Support Floor Extruder. Source: Cura/resources/definitions/fdmprinter.def.json. Cura value expression: support_interface_extruder_nr. Cura enabled expression: (support_enable or support_meshes_present) and extruders_enabled_count > 1 and support_bottom_enable.","false","","(support_enable or support_meshes_present) and extruders_enabled_count > 1 and support_bottom_enable","support_interface_extruder_nr","cura","8","1","0| param($m) $m.Value.ToUpperInvariant() |;1| param($m) $m.Value.ToUpperInvariant() |;2| param($m) $m.Value.ToUpperInvariant() |;3| param($m) $m.Value.ToUpperInvariant() |;4| param($m) $m.Value.ToUpperInvariant() |"
"support_z_seam_away_from_model","Support Z Seam Away from Model","Support","Support Z Seam Away from Model","0","VT_BOOL","CHECK_BOX","true","","","","","","Cura path: Support > Support Z Seam Away from Model. Source: Cura/resources/definitions/fdmprinter.def.json. Cura enabled expression: support_enable.","false","","support_enable","","cura","8","2",""
"support_z_seam_min_distance","Min Z Seam Distance from Model","Support","Support Z Seam Away from Model","1","VT_FLOAT","NUMERIC_BOX","0.8","","","0.01","","mm","Cura path: Support > Support Z Seam Away from Model > Min Z Seam Distance from Model. Source: Cura/resources/definitions/fdmprinter.def.json. Cura value expression: line_width * 2. Cura enabled expression: support_z_seam_away_from_model and support_enable.","false","","support_z_seam_away_from_model and support_enable","line_width * 2","cura","8","2",""
"support_interface_wall_count","Support Interface Wall Line Count","Support","Support Interface Wall Line Count","0","VT_INT","NUMERIC_BOX","0","","","1","","","Cura path: Support > Support Interface Wall Line Count. Source: Cura/resources/definitions/fdmprinter.def.json. Cura value expression: 1 if (support_interface_pattern == 'zigzag') else 0. Cura enabled expression: (support_enable and support_interface_enable) or support_meshes_present.","false","","(support_enable and support_interface_enable) or support_meshes_present","1 if (support_interface_pattern == 'zigzag') else 0","cura","8","3",""
"support_roof_wall_count","Support Roof Wall Line Count","Support","Support Interface Wall Line Count","1","VT_INT","NUMERIC_BOX","0","","","1","","","Cura path: Support > Support Interface Wall Line Count > Support Roof Wall Line Count. Source: Cura/resources/definitions/fdmprinter.def.json. Cura value expression: support_interface_wall_count. Cura enabled expression: (support_enable and support_interface_enable) or support_meshes_present.","false","","(support_enable and support_interface_enable) or support_meshes_present","support_interface_wall_count","cura","8","3",""
"support_bottom_wall_count","Support Bottom Wall Line Count","Support","Support Interface Wall Line Count","2","VT_INT","NUMERIC_BOX","0","","","1","","","Cura path: Support > Support Interface Wall Line Count > Support Bottom Wall Line Count. Source: Cura/resources/definitions/fdmprinter.def.json. Cura value expression: support_interface_wall_count. Cura enabled expression: (support_enable and support_interface_enable) or support_meshes_present.","false","","(support_enable and support_interface_enable) or support_meshes_present","support_interface_wall_count","cura","8","3",""
"support_lightning_angle","Support Lightning Angle","Support","Support Lightning Angle","0","VT_FLOAT","NUMERIC_BOX","40","","","0.01","","°","Cura path: Support > Support Lightning Angle. Source: Cura/resources/definitions/fdmprinter.def.json. Cura enabled expression: (support_enable or support_meshes_present) and support_line_distance > 0 and support_pattern == 'lightning'.","false","","(support_enable or support_meshes_present) and support_line_distance > 0 and support_pattern == 'lightning'","","cura","8","4",""
"support_lightning_overhang_angle","Support Lightning Overhang Angle","Support","Support Lightning Angle","1","VT_FLOAT","NUMERIC_BOX","40","","","0.01","","°","Cura path: Support > Support Lightning Angle > Support Lightning Overhang Angle. Source: Cura/resources/definitions/fdmprinter.def.json. Cura value expression: support_lightning_angle. Cura enabled expression: (support_enable or support_meshes_present) and support_line_distance > 0 and support_pattern == 'lightning'.","false","","(support_enable or support_meshes_present) and support_line_distance > 0 and support_pattern == 'lightning'","support_lightning_angle","cura","8","4",""
"support_lightning_prune_angle","Support Lightning Prune Angle","Support","Support Lightning Angle","2","VT_FLOAT","NUMERIC_BOX","40","","","0.01","","°","Cura path: Support > Support Lightning Angle > Support Lightning Prune Angle. Source: Cura/resources/definitions/fdmprinter.def.json. Cura value expression: support_lightning_angle. Cura enabled expression: (support_enable or support_meshes_present) and support_line_distance > 0 and support_pattern == 'lightning'.","false","","(support_enable or support_meshes_present) and support_line_distance > 0 and support_pattern == 'lightning'","support_lightning_angle","cura","8","4",""
"support_lightning_straightening_angle","Support Lightning Straightening Angle","Support","Support Lightning Angle","3","VT_FLOAT","NUMERIC_BOX","40","","","0.01","","°","Cura path: Support > Support Lightning Angle > Support Lightning Straightening Angle. Source: Cura/resources/definitions/fdmprinter.def.json. Cura value expression: support_lightning_angle. Cura enabled expression: (support_enable or support_meshes_present) and support_line_distance > 0 and support_pattern == 'lightning'.","false","","(support_enable or support_meshes_present) and support_line_distance > 0 and support_pattern == 'lightning'","support_lightning_angle","cura","8","4",""
"support_infill_rate","Support Density","Support","Support Density","0","VT_FLOAT","NUMERIC_BOX","15","","","0.01","","%","Cura path: Support > Support Density. Source: Cura/resources/definitions/fdmprinter.def.json. Cura value expression: 15 if support_enable and support_structure == 'normal' else 0 if support_enable and support_structure == 'tree' else 15. Cura enabled expression: support_enable or support_meshes_present.","false","","support_enable or support_meshes_present","15 if support_enable and support_structure == 'normal' else 0 if support_enable and support_structure == 'tree' else 15","cura","8","5",""
"support_line_distance","Support Line Distance","Support","Support Density","1","VT_FLOAT","NUMERIC_BOX","2.66","","","0.01","","mm","Cura path: Support > Support Density > Support Line Distance. Source: Cura/resources/definitions/fdmprinter.def.json. Cura value expression: 0 if support_infill_rate == 0 else (support_line_width * 100) / support_infill_rate * (2 if support_pattern == 'grid' else (3 if support_pattern == 'triangles' else 1)). Cura enabled expression: support_enable or support_meshes_present.","false","","support_enable or support_meshes_present","0 if support_infill_rate == 0 else (support_line_width * 100) / support_infill_rate * (2 if support_pattern == 'grid' else (3 if support_pattern == 'triangles' else 1))","cura","8","5",""
"support_initial_layer_line_distance","Initial Layer Support Line Distance","Support","Support Density","2","VT_FLOAT","NUMERIC_BOX","2.66","","","0.01","","mm","Cura path: Support > Support Density > Initial Layer Support Line Distance. Source: Cura/resources/definitions/fdmprinter.def.json. Cura value expression: support_line_distance. Cura enabled expression: support_enable or support_meshes_present.","false","","support_enable or support_meshes_present","support_line_distance","cura","8","5",""
"support_brim_width","Support Brim Width","Support","Support Brim Width","0","VT_FLOAT","NUMERIC_BOX","1.2","","","0.01","","mm","Cura path: Support > Support Brim Width. Source: Cura/resources/definitions/fdmprinter.def.json. Cura value expression: (skirt_brim_line_width * initial_layer_line_width_factor / 100.0) * 3. Cura enabled expression: (support_enable or support_meshes_present) and support_brim_enable.","false","","(support_enable or support_meshes_present) and support_brim_enable","(skirt_brim_line_width * initial_layer_line_width_factor / 100.0) * 3","cura","8","6",""
"support_brim_line_count","Support Brim Line Count","Support","Support Brim Width","1","VT_INT","NUMERIC_BOX","3","","","1","","","Cura path: Support > Support Brim Width > Support Brim Line Count. Source: Cura/resources/definitions/fdmprinter.def.json. Cura value expression: round(support_brim_width / (skirt_brim_line_width * initial_layer_line_width_factor / 100.0)). Cura enabled expression: (support_enable or support_meshes_present) and support_brim_enable.","false","","(support_enable or support_meshes_present) and support_brim_enable","round(support_brim_width / (skirt_brim_line_width * initial_layer_line_width_factor / 100.0))","cura","8","6",""
"support_z_distance","Support Z Distance","Support","Support Z Distance","0","VT_FLOAT","NUMERIC_BOX","0.1","","","0.01","","mm","Cura path: Support > Support Z Distance. Source: Cura/resources/definitions/fdmprinter.def.json. Cura enabled expression: support_enable or support_meshes_present.","false","","support_enable or support_meshes_present","","cura","8","7",""
"support_top_distance","Support Top Distance","Support","Support Z Distance","1","VT_FLOAT","NUMERIC_BOX","0.1","","","0.01","","mm","Cura path: Support > Support Z Distance > Support Top Distance. Source: Cura/resources/definitions/fdmprinter.def.json. Cura value expression: extruderValue(support_roof_extruder_nr if support_roof_enable else support_infill_extruder_nr, 'support_z_distance'). Cura enabled expression: support_enable or support_meshes_present.","false","","support_enable or support_meshes_present","extruderValue(support_roof_extruder_nr if support_roof_enable else support_infill_extruder_nr, 'support_z_distance')","cura","8","7",""
"support_bottom_distance","Support Bottom Distance","Support","Support Z Distance","2","VT_FLOAT","NUMERIC_BOX","0.1","","","0.01","","mm","Cura path: Support > Support Z Distance > Support Bottom Distance. Source: Cura/resources/definitions/fdmprinter.def.json. Cura value expression: extruderValue(support_bottom_extruder_nr if support_bottom_enable else support_infill_extruder_nr, 'support_z_distance') if support_type == 'everywhere' else 0. Cura enabled expression: (support_enable or support_meshes_present) and resolveOrValue('support_type') == 'everywhere'.","false","","(support_enable or support_meshes_present) and resolveOrValue('support_type') == 'everywhere'","extruderValue(support_bottom_extruder_nr if support_bottom_enable else support_infill_extruder_nr, 'support_z_distance') if support_type == 'everywhere' else 0","cura","8","7",""
"support_interface_enable","Enable Support Interface","Support","Enable Support Interface","0","VT_BOOL","CHECK_BOX","false","","","","","","Cura path: Support > Enable Support Interface. Source: Cura/resources/definitions/fdmprinter.def.json. Cura enabled expression: support_enable or support_meshes_present.","false","","support_enable or support_meshes_present","","cura","8","8",""
"support_roof_enable","Enable Support Roof","Support","Enable Support Interface","1","VT_BOOL","CHECK_BOX","false","","","","","","Cura path: Support > Enable Support Interface > Enable Support Roof. Source: Cura/resources/definitions/fdmprinter.def.json. Cura value expression: extruderValue(support_roof_extruder_nr, 'support_interface_enable'). Cura enabled expression: (support_enable or support_meshes_present) and support_interface_enable.","false","","(support_enable or support_meshes_present) and support_interface_enable","extruderValue(support_roof_extruder_nr, 'support_interface_enable')","cura","8","8",""
"support_bottom_enable","Enable Support Floor","Support","Enable Support Interface","2","VT_BOOL","CHECK_BOX","false","","","","","","Cura path: Support > Enable Support Interface > Enable Support Floor. Source: Cura/resources/definitions/fdmprinter.def.json. Cura value expression: extruderValue(support_bottom_extruder_nr, 'support_interface_enable'). Cura enabled expression: (support_enable or support_meshes_present) and support_interface_enable.","false","","(support_enable or support_meshes_present) and support_interface_enable","extruderValue(support_bottom_extruder_nr, 'support_interface_enable')","cura","8","8",""
"support_interface_height","Support Interface Thickness","Support","Support Interface Thickness","0","VT_FLOAT","NUMERIC_BOX","1","","","0.01","","mm","Cura path: Support > Support Interface Thickness. Source: Cura/resources/definitions/fdmprinter.def.json. Cura enabled expression: support_interface_enable and (support_enable or support_meshes_present).","false","","support_interface_enable and (support_enable or support_meshes_present)","","cura","8","9",""
"support_roof_height","Support Roof Thickness","Support","Support Interface Thickness","1","VT_FLOAT","NUMERIC_BOX","1","","","0.01","","mm","Cura path: Support > Support Interface Thickness > Support Roof Thickness. Source: Cura/resources/definitions/fdmprinter.def.json. Cura value expression: extruderValue(support_roof_extruder_nr, 'support_interface_height'). Cura enabled expression: support_roof_enable and (support_enable or support_meshes_present).","false","","support_roof_enable and (support_enable or support_meshes_present)","extruderValue(support_roof_extruder_nr, 'support_interface_height')","cura","8","9",""
"support_bottom_height","Support Floor Thickness","Support","Support Interface Thickness","2","VT_FLOAT","NUMERIC_BOX","1","","","0.01","","mm","Cura path: Support > Support Interface Thickness > Support Floor Thickness. Source: Cura/resources/definitions/fdmprinter.def.json. Cura value expression: extruderValue(support_bottom_extruder_nr, 'support_interface_height'). Cura enabled expression: support_bottom_enable and (support_enable or support_meshes_present).","false","","support_bottom_enable and (support_enable or support_meshes_present)","extruderValue(support_bottom_extruder_nr, 'support_interface_height')","cura","8","9",""
"support_interface_density","Support Interface Density","Support","Support Interface Density","0","VT_FLOAT","NUMERIC_BOX","100","","","0.01","","%","Cura path: Support > Support Interface Density. Source: Cura/resources/definitions/fdmprinter.def.json. Cura enabled expression: support_interface_enable and (support_enable or support_meshes_present).","false","","support_interface_enable and (support_enable or support_meshes_present)","","cura","8","10",""
"support_roof_density","Support Roof Density","Support","Support Interface Density","1","VT_FLOAT","NUMERIC_BOX","100","","","0.01","","%","Cura path: Support > Support Interface Density > Support Roof Density. Source: Cura/resources/definitions/fdmprinter.def.json. Cura value expression: extruderValue(support_roof_extruder_nr, 'support_interface_density'). Cura enabled expression: support_roof_enable and (support_enable or support_meshes_present).","false","","support_roof_enable and (support_enable or support_meshes_present)","extruderValue(support_roof_extruder_nr, 'support_interface_density')","cura","8","10",""
"support_roof_line_distance","Support Roof Line Distance","Support","Support Interface Density","2","VT_FLOAT","NUMERIC_BOX","0.4","","","0.01","","mm","Cura path: Support > Support Interface Density > Support Roof Density > Support Roof Line Distance. Source: Cura/resources/definitions/fdmprinter.def.json. Cura value expression: 0 if support_roof_density == 0 else (support_roof_line_width * 100) / support_roof_density * (2 if support_roof_pattern == 'grid' else (3 if support_roof_pattern == 'triangles' else 1)). Cura enabled expression: support_roof_enable and (support_enable or support_meshes_present).","false","","support_roof_enable and (support_enable or support_meshes_present)","0 if support_roof_density == 0 else (support_roof_line_width * 100) / support_roof_density * (2 if support_roof_pattern == 'grid' else (3 if support_roof_pattern == 'triangles' else 1))","cura","8","10",""
"support_bottom_density","Support Floor Density","Support","Support Interface Density","3","VT_FLOAT","NUMERIC_BOX","100","","","0.01","","%","Cura path: Support > Support Interface Density > Support Floor Density. Source: Cura/resources/definitions/fdmprinter.def.json. Cura value expression: extruderValue(support_bottom_extruder_nr, 'support_interface_density'). Cura enabled expression: support_bottom_enable and (support_enable or support_meshes_present).","false","","support_bottom_enable and (support_enable or support_meshes_present)","extruderValue(support_bottom_extruder_nr, 'support_interface_density')","cura","8","10",""
"support_bottom_line_distance","Support Floor Line Distance","Support","Support Interface Density","4","VT_FLOAT","NUMERIC_BOX","0.4","","","0.01","","mm","Cura path: Support > Support Interface Density > Support Floor Density > Support Floor Line Distance. Source: Cura/resources/definitions/fdmprinter.def.json. Cura value expression: 0 if support_bottom_density == 0 else (support_bottom_line_width * 100) / support_bottom_density * (2 if support_bottom_pattern == 'grid' else (3 if support_bottom_pattern == 'triangles' else 1)). Cura enabled expression: support_bottom_enable and (support_enable or support_meshes_present).","false","","support_bottom_enable and (support_enable or support_meshes_present)","0 if support_bottom_density == 0 else (support_bottom_line_width * 100) / support_bottom_density * (2 if support_bottom_pattern == 'grid' else (3 if support_bottom_pattern == 'triangles' else 1))","cura","8","10",""
"support_interface_pattern","Support Interface Pattern","Support","Support Interface Pattern","0","VT_ENUM","COMBO_BOX","concentric","","","","lines;grid;triangles;concentric;zigzag","","Cura path: Support > Support Interface Pattern. Source: Cura/resources/definitions/fdmprinter.def.json. Cura enabled expression: support_interface_enable and (support_enable or support_meshes_present).","false","","support_interface_enable and (support_enable or support_meshes_present)","","cura","8","11","lines| param($m) $m.Value.ToUpperInvariant() ines|;grid| param($m) $m.Value.ToUpperInvariant() rid|;triangles| param($m) $m.Value.ToUpperInvariant() riangles|;concentric| param($m) $m.Value.ToUpperInvariant() oncentric|;zigzag| param($m) $m.Value.ToUpperInvariant() igzag|"
"support_roof_pattern","Support Roof Pattern","Support","Support Interface Pattern","1","VT_ENUM","COMBO_BOX","concentric","","","","lines;grid;triangles;concentric;zigzag","","Cura path: Support > Support Interface Pattern > Support Roof Pattern. Source: Cura/resources/definitions/fdmprinter.def.json. Cura value expression: extruderValue(support_roof_extruder_nr, 'support_interface_pattern'). Cura enabled expression: support_roof_enable and (support_enable or support_meshes_present).","false","","support_roof_enable and (support_enable or support_meshes_present)","extruderValue(support_roof_extruder_nr, 'support_interface_pattern')","cura","8","11","lines| param($m) $m.Value.ToUpperInvariant() ines|;grid| param($m) $m.Value.ToUpperInvariant() rid|;triangles| param($m) $m.Value.ToUpperInvariant() riangles|;concentric| param($m) $m.Value.ToUpperInvariant() oncentric|;zigzag| param($m) $m.Value.ToUpperInvariant() igzag|"
"support_bottom_pattern","Support Floor Pattern","Support","Support Interface Pattern","2","VT_ENUM","COMBO_BOX","concentric","","","","lines;grid;triangles;concentric;zigzag","","Cura path: Support > Support Interface Pattern > Support Floor Pattern. Source: Cura/resources/definitions/fdmprinter.def.json. Cura value expression: extruderValue(support_bottom_extruder_nr, 'support_interface_pattern'). Cura enabled expression: support_bottom_enable and (support_enable or support_meshes_present).","false","","support_bottom_enable and (support_enable or support_meshes_present)","extruderValue(support_bottom_extruder_nr, 'support_interface_pattern')","cura","8","11","lines| param($m) $m.Value.ToUpperInvariant() ines|;grid| param($m) $m.Value.ToUpperInvariant() rid|;triangles| param($m) $m.Value.ToUpperInvariant() riangles|;concentric| param($m) $m.Value.ToUpperInvariant() oncentric|;zigzag| param($m) $m.Value.ToUpperInvariant() igzag|"
"minimum_interface_area","Minimum Support Interface Area","Support","Minimum Support Interface Area","0","VT_FLOAT","NUMERIC_BOX","1.0","","","0.01","","mm²","Cura path: Support > Minimum Support Interface Area. Source: Cura/resources/definitions/fdmprinter.def.json. Cura enabled expression: support_interface_enable and (support_enable or support_meshes_present).","false","","support_interface_enable and (support_enable or support_meshes_present)","","cura","8","12",""
"minimum_roof_area","Minimum Support Roof Area","Support","Minimum Support Interface Area","1","VT_FLOAT","NUMERIC_BOX","1.0","","","0.01","","mm²","Cura path: Support > Minimum Support Interface Area > Minimum Support Roof Area. Source: Cura/resources/definitions/fdmprinter.def.json. Cura value expression: extruderValue(support_roof_extruder_nr, 'minimum_interface_area'). Cura enabled expression: support_roof_enable and (support_enable or support_meshes_present).","false","","support_roof_enable and (support_enable or support_meshes_present)","extruderValue(support_roof_extruder_nr, 'minimum_interface_area')","cura","8","12",""
"minimum_bottom_area","Minimum Support Floor Area","Support","Minimum Support Interface Area","2","VT_FLOAT","NUMERIC_BOX","1.0","","","0.01","","mm²","Cura path: Support > Minimum Support Interface Area > Minimum Support Floor Area. Source: Cura/resources/definitions/fdmprinter.def.json. Cura value expression: extruderValue(support_bottom_extruder_nr, 'minimum_interface_area'). Cura enabled expression: support_bottom_enable and ((support_enable and support_structure == 'normal') or support_meshes_present).","false","","support_bottom_enable and ((support_enable and support_structure == 'normal') or support_meshes_present)","extruderValue(support_bottom_extruder_nr, 'minimum_interface_area')","cura","8","12",""
"support_interface_offset","Support Interface Horizontal Expansion","Support","Support Interface Horizontal Expansion","0","VT_FLOAT","NUMERIC_BOX","0.0","","","0.01","","mm","Cura path: Support > Support Interface Horizontal Expansion. Source: Cura/resources/definitions/fdmprinter.def.json. Cura enabled expression: support_interface_enable and (support_enable or support_meshes_present).","false","","support_interface_enable and (support_enable or support_meshes_present)","","cura","8","13",""
"support_roof_offset","Support Roof Horizontal Expansion","Support","Support Interface Horizontal Expansion","1","VT_FLOAT","NUMERIC_BOX","0.0","","","0.01","","mm","Cura path: Support > Support Interface Horizontal Expansion > Support Roof Horizontal Expansion. Source: Cura/resources/definitions/fdmprinter.def.json. Cura value expression: extruderValue(support_roof_extruder_nr, 'support_interface_offset'). Cura enabled expression: support_roof_enable and (support_enable or support_meshes_present).","false","","support_roof_enable and (support_enable or support_meshes_present)","extruderValue(support_roof_extruder_nr, 'support_interface_offset')","cura","8","13",""
"support_bottom_offset","Support Floor Horizontal Expansion","Support","Support Interface Horizontal Expansion","2","VT_FLOAT","NUMERIC_BOX","0.0","","","0.01","","mm","Cura path: Support > Support Interface Horizontal Expansion > Support Floor Horizontal Expansion. Source: Cura/resources/definitions/fdmprinter.def.json. Cura value expression: extruderValue(support_bottom_extruder_nr, 'support_interface_offset'). Cura enabled expression: support_bottom_enable and (support_enable or support_meshes_present).","false","","support_bottom_enable and (support_enable or support_meshes_present)","extruderValue(support_bottom_extruder_nr, 'support_interface_offset')","cura","8","13",""
"support_interface_angles","Support Interface Line Directions","Support","Support Interface Line Directions","0","VT_STRING","TEXT_BOX","[ ]","","","","","","Cura path: Support > Support Interface Line Directions. Source: Cura/resources/definitions/fdmprinter.def.json. List value encoded as text for ParameterValue.string_value. Cura enabled expression: (support_enable or support_meshes_present) and support_interface_enable and support_interface_pattern != 'concentric'.","false","","(support_enable or support_meshes_present) and support_interface_enable and support_interface_pattern != 'concentric'","","cura","8","14",""
"support_roof_angles","Support Roof Line Directions","Support","Support Interface Line Directions","1","VT_STRING","TEXT_BOX","[ ]","","","","","","Cura path: Support > Support Interface Line Directions > Support Roof Line Directions. Source: Cura/resources/definitions/fdmprinter.def.json. List value encoded as text for ParameterValue.string_value. Cura value expression: support_interface_angles. Cura enabled expression: (support_enable or support_meshes_present) and support_roof_enable and support_roof_pattern != 'concentric'.","false","","(support_enable or support_meshes_present) and support_roof_enable and support_roof_pattern != 'concentric'","support_interface_angles","cura","8","14",""
"support_bottom_angles","Support Floor Line Directions","Support","Support Interface Line Directions","2","VT_STRING","TEXT_BOX","[ ]","","","","","","Cura path: Support > Support Interface Line Directions > Support Floor Line Directions. Source: Cura/resources/definitions/fdmprinter.def.json. List value encoded as text for ParameterValue.string_value. Cura value expression: support_interface_angles. Cura enabled expression: (support_enable or support_meshes_present) and support_bottom_enable and support_bottom_pattern != 'concentric'.","false","","(support_enable or support_meshes_present) and support_bottom_enable and support_bottom_pattern != 'concentric'","support_interface_angles","cura","8","14",""
"prime_blob_enable","Enable Prime Blob","Build Plate Adhesion","General","0","VT_BOOL","CHECK_BOX","false","","","","","","Cura path: Build Plate Adhesion > Enable Prime Blob. Source: Cura/resources/definitions/fdmprinter.def.json. Cura enabled expression: False.","false","","False","","cura","9","0",""
"extruder_prime_pos_x","Extruder Prime X Position","Build Plate Adhesion","General","1","VT_FLOAT","NUMERIC_BOX","0","","","0.01","","mm","Cura path: Build Plate Adhesion > Extruder Prime X Position. Source: Cura/resources/definitions/fdmprinter.def.json. Cura enabled expression: False.","false","","False","","cura","9","0",""
"extruder_prime_pos_y","Extruder Prime Y Position","Build Plate Adhesion","General","2","VT_FLOAT","NUMERIC_BOX","0","","","0.01","","mm","Cura path: Build Plate Adhesion > Extruder Prime Y Position. Source: Cura/resources/definitions/fdmprinter.def.json. Cura enabled expression: False.","false","","False","","cura","9","0",""
"adhesion_type","Build Plate Adhesion Type","Build Plate Adhesion","General","3","VT_ENUM","COMBO_BOX","brim","","","","none;skirt;brim;raft","","Cura path: Build Plate Adhesion > Build Plate Adhesion Type. Source: Cura/resources/definitions/fdmprinter.def.json.","false","","","","","9","0","none| param($m) $m.Value.ToUpperInvariant() one|;skirt| param($m) $m.Value.ToUpperInvariant() kirt|;brim| param($m) $m.Value.ToUpperInvariant() rim|;raft| param($m) $m.Value.ToUpperInvariant() aft|"
"skirt_line_count","Skirt Line Count","Build Plate Adhesion","General","4","VT_INT","NUMERIC_BOX","1","","","1","","","Cura path: Build Plate Adhesion > Skirt Line Count. Source: Cura/resources/definitions/fdmprinter.def.json. Cura enabled expression: resolveOrValue('adhesion_type') == 'skirt'.","false","","resolveOrValue('adhesion_type') == 'skirt'","","cura","9","0",""
"skirt_height","Skirt Height","Build Plate Adhesion","General","5","VT_INT","NUMERIC_BOX","3","","","1","","","Cura path: Build Plate Adhesion > Skirt Height. Source: Cura/resources/definitions/fdmprinter.def.json. Cura value expression: 3 if resolveOrValue('skirt_gap') > 0.0 else 1. Cura enabled expression: resolveOrValue('adhesion_type') == 'skirt'.","false","","resolveOrValue('adhesion_type') == 'skirt'","3 if resolveOrValue('skirt_gap') > 0.0 else 1","cura","9","0",""
"skirt_gap","Skirt Distance","Build Plate Adhesion","General","6","VT_FLOAT","NUMERIC_BOX","3","","","0.01","","mm","Cura path: Build Plate Adhesion > Skirt Distance. Source: Cura/resources/definitions/fdmprinter.def.json. Cura enabled expression: resolveOrValue('adhesion_type') == 'skirt'.","false","","resolveOrValue('adhesion_type') == 'skirt'","","cura","9","0",""
"skirt_brim_minimal_length","Skirt/Brim Minimum Length","Build Plate Adhesion","General","7","VT_FLOAT","NUMERIC_BOX","250","","","0.01","","mm","Cura path: Build Plate Adhesion > Skirt/Brim Minimum Length. Source: Cura/resources/definitions/fdmprinter.def.json. Cura enabled expression: resolveOrValue('adhesion_type') == 'skirt' or resolveOrValue('adhesion_type') == 'brim'.","false","","resolveOrValue('adhesion_type') == 'skirt' or resolveOrValue('adhesion_type') == 'brim'","","cura","9","0",""
"brim_gap","Brim Distance","Build Plate Adhesion","General","8","VT_FLOAT","NUMERIC_BOX","0","","","0.01","","mm","Cura path: Build Plate Adhesion > Brim Distance. Source: Cura/resources/definitions/fdmprinter.def.json. Cura enabled expression: resolveOrValue('adhesion_type') == 'brim'.","false","","resolveOrValue('adhesion_type') == 'brim'","","cura","9","0",""
"brim_replaces_support","Brim Replaces Support","Build Plate Adhesion","General","9","VT_BOOL","CHECK_BOX","true","","","","","","Cura path: Build Plate Adhesion > Brim Replaces Support. Source: Cura/resources/definitions/fdmprinter.def.json. Cura enabled expression: resolveOrValue('adhesion_type') == 'brim' and (support_enable or support_meshes_present).","false","","resolveOrValue('adhesion_type') == 'brim' and (support_enable or support_meshes_present)","","cura","9","0",""
"brim_location","Brim Location","Build Plate Adhesion","General","10","VT_ENUM","COMBO_BOX","outside","","","","outside;inside;everywhere","","Cura path: Build Plate Adhesion > Brim Location. Source: Cura/resources/definitions/fdmprinter.def.json. Cura enabled expression: resolveOrValue('adhesion_type') == 'brim'.","false","","resolveOrValue('adhesion_type') == 'brim'","","cura","9","0","outside| param($m) $m.Value.ToUpperInvariant() utside|;inside| param($m) $m.Value.ToUpperInvariant() nside|;everywhere| param($m) $m.Value.ToUpperInvariant() verywhere|"
"brim_inside_margin","Brim Avoid Margin","Build Plate Adhesion","General","11","VT_FLOAT","NUMERIC_BOX","1.6","","","0.01","","mm","Cura path: Build Plate Adhesion > Brim Avoid Margin. Source: Cura/resources/definitions/fdmprinter.def.json. Cura value expression: line_width * 4. Cura enabled expression: resolveOrValue('adhesion_type') == 'brim'.","false","","resolveOrValue('adhesion_type') == 'brim'","line_width * 4","cura","9","0",""
"brim_smart_ordering","Smart Brim","Build Plate Adhesion","General","12","VT_BOOL","CHECK_BOX","true","","","","","","Cura path: Build Plate Adhesion > Smart Brim. Source: Cura/resources/definitions/fdmprinter.def.json. Cura enabled expression: resolveOrValue('adhesion_type') == 'brim'.","false","","resolveOrValue('adhesion_type') == 'brim'","","cura","9","0",""
"raft_airgap","Raft Air Gap","Build Plate Adhesion","General","13","VT_FLOAT","NUMERIC_BOX","0.3","","","0.01","","mm","Cura path: Build Plate Adhesion > Raft Air Gap. Source: Cura/resources/definitions/fdmprinter.def.json. Cura enabled expression: resolveOrValue('adhesion_type') == 'raft'.","false","","resolveOrValue('adhesion_type') == 'raft'","","cura","9","0",""
"layer_0_z_overlap","Initial Layer Z Overlap","Build Plate Adhesion","General","14","VT_FLOAT","NUMERIC_BOX","0.22","","","0.01","","mm","Cura path: Build Plate Adhesion > Initial Layer Z Overlap. Source: Cura/resources/definitions/fdmprinter.def.json. Cura value expression: raft_airgap / 2. Cura enabled expression: resolveOrValue('adhesion_type') == 'raft'.","false","","resolveOrValue('adhesion_type') == 'raft'","raft_airgap / 2","cura","9","0",""
"raft_base_thickness","Raft Base Thickness","Build Plate Adhesion","General","15","VT_FLOAT","NUMERIC_BOX","0.3","","","0.01","","mm","Cura path: Build Plate Adhesion > Raft Base Thickness. Source: Cura/resources/definitions/fdmprinter.def.json. Cura value expression: resolveOrValue('layer_height_0') * 1.2. Cura enabled expression: resolveOrValue('adhesion_type') == 'raft'.","false","","resolveOrValue('adhesion_type') == 'raft'","resolveOrValue('layer_height_0') * 1.2","cura","9","0",""
"raft_base_line_width","Raft Base Line Width","Build Plate Adhesion","General","16","VT_FLOAT","NUMERIC_BOX","0.8","","","0.01","","mm","Cura path: Build Plate Adhesion > Raft Base Line Width. Source: Cura/resources/definitions/fdmprinter.def.json. Cura value expression: machine_nozzle_size * 2. Cura enabled expression: resolveOrValue('adhesion_type') == 'raft'.","false","","resolveOrValue('adhesion_type') == 'raft'","machine_nozzle_size * 2","cura","9","0",""
"raft_base_line_spacing","Raft Base Line Spacing","Build Plate Adhesion","General","17","VT_FLOAT","NUMERIC_BOX","1.6","","","0.01","","mm","Cura path: Build Plate Adhesion > Raft Base Line Spacing. Source: Cura/resources/definitions/fdmprinter.def.json. Cura value expression: raft_base_line_width * 2. Cura enabled expression: resolveOrValue('adhesion_type') == 'raft'.","false","","resolveOrValue('adhesion_type') == 'raft'","raft_base_line_width * 2","cura","9","0",""
"raft_interface_layers","Raft Middle Layers","Build Plate Adhesion","General","18","VT_INT","NUMERIC_BOX","1","","","1","","","Cura path: Build Plate Adhesion > Raft Middle Layers. Source: Cura/resources/definitions/fdmprinter.def.json. Cura enabled expression: resolveOrValue('adhesion_type') == 'raft'.","false","","resolveOrValue('adhesion_type') == 'raft'","","cura","9","0",""
"raft_interface_thickness","Raft Middle Thickness","Build Plate Adhesion","General","19","VT_FLOAT","NUMERIC_BOX","0.15","","","0.01","","mm","Cura path: Build Plate Adhesion > Raft Middle Thickness. Source: Cura/resources/definitions/fdmprinter.def.json. Cura value expression: resolveOrValue('layer_height') * 1.5. Cura enabled expression: resolveOrValue('adhesion_type') == 'raft' and raft_interface_layers > 0.","false","","resolveOrValue('adhesion_type') == 'raft' and raft_interface_layers > 0","resolveOrValue('layer_height') * 1.5","cura","9","0",""
"raft_interface_line_width","Raft Middle Line Width","Build Plate Adhesion","General","20","VT_FLOAT","NUMERIC_BOX","0.7","","","0.01","","mm","Cura path: Build Plate Adhesion > Raft Middle Line Width. Source: Cura/resources/definitions/fdmprinter.def.json. Cura value expression: line_width * 2. Cura enabled expression: resolveOrValue('adhesion_type') == 'raft' and raft_interface_layers > 0.","false","","resolveOrValue('adhesion_type') == 'raft' and raft_interface_layers > 0","line_width * 2","cura","9","0",""
"raft_interface_line_spacing","Raft Middle Spacing","Build Plate Adhesion","General","21","VT_FLOAT","NUMERIC_BOX","0.9","","","0.01","","mm","Cura path: Build Plate Adhesion > Raft Middle Spacing. Source: Cura/resources/definitions/fdmprinter.def.json. Cura value expression: raft_interface_line_width + 0.2. Cura enabled expression: resolveOrValue('adhesion_type') == 'raft' and raft_interface_layers > 0.","false","","resolveOrValue('adhesion_type') == 'raft' and raft_interface_layers > 0","raft_interface_line_width + 0.2","cura","9","0",""
"raft_interface_z_offset","Raft Interface Z Offset","Build Plate Adhesion","General","22","VT_FLOAT","NUMERIC_BOX","0.0","","","0.01","","mm","Cura path: Build Plate Adhesion > Raft Interface Z Offset. Source: Cura/resources/definitions/fdmprinter.def.json. Cura enabled expression: resolveOrValue('adhesion_type') == 'raft' and raft_interface_layers > 0.","false","","resolveOrValue('adhesion_type') == 'raft' and raft_interface_layers > 0","","cura","9","0",""
"raft_surface_layers","Raft Top Layers","Build Plate Adhesion","General","23","VT_INT","NUMERIC_BOX","2","","","1","","","Cura path: Build Plate Adhesion > Raft Top Layers. Source: Cura/resources/definitions/fdmprinter.def.json. Cura enabled expression: resolveOrValue('adhesion_type') == 'raft'.","false","","resolveOrValue('adhesion_type') == 'raft'","","cura","9","0",""
"raft_surface_thickness","Raft Top Layer Thickness","Build Plate Adhesion","General","24","VT_FLOAT","NUMERIC_BOX","0.1","","","0.01","","mm","Cura path: Build Plate Adhesion > Raft Top Layer Thickness. Source: Cura/resources/definitions/fdmprinter.def.json. Cura value expression: resolveOrValue('layer_height'). Cura enabled expression: resolveOrValue('adhesion_type') == 'raft' and raft_surface_layers > 0.","false","","resolveOrValue('adhesion_type') == 'raft' and raft_surface_layers > 0","resolveOrValue('layer_height')","cura","9","0",""
"raft_surface_line_width","Raft Top Line Width","Build Plate Adhesion","General","25","VT_FLOAT","NUMERIC_BOX","0.4","","","0.01","","mm","Cura path: Build Plate Adhesion > Raft Top Line Width. Source: Cura/resources/definitions/fdmprinter.def.json. Cura value expression: line_width. Cura enabled expression: resolveOrValue('adhesion_type') == 'raft' and raft_surface_layers > 0.","false","","resolveOrValue('adhesion_type') == 'raft' and raft_surface_layers > 0","line_width","cura","9","0",""
"raft_surface_line_spacing","Raft Top Spacing","Build Plate Adhesion","General","26","VT_FLOAT","NUMERIC_BOX","0.4","","","0.01","","mm","Cura path: Build Plate Adhesion > Raft Top Spacing. Source: Cura/resources/definitions/fdmprinter.def.json. Cura value expression: raft_surface_line_width. Cura enabled expression: resolveOrValue('adhesion_type') == 'raft' and raft_surface_layers > 0.","false","","resolveOrValue('adhesion_type') == 'raft' and raft_surface_layers > 0","raft_surface_line_width","cura","9","0",""
"raft_surface_z_offset","Raft Surface Z Offset","Build Plate Adhesion","General","27","VT_FLOAT","NUMERIC_BOX","0.0","","","0.01","","mm","Cura path: Build Plate Adhesion > Raft Surface Z Offset. Source: Cura/resources/definitions/fdmprinter.def.json. Cura enabled expression: resolveOrValue('adhesion_type') == 'raft' and raft_surface_layers > 0.","false","","resolveOrValue('adhesion_type') == 'raft' and raft_surface_layers > 0","","cura","9","0",""
"raft_surface_monotonic","Monotonic Raft Top Surface Order","Build Plate Adhesion","General","28","VT_BOOL","CHECK_BOX","false","","","","","","Cura path: Build Plate Adhesion > Monotonic Raft Top Surface Order. Source: Cura/resources/definitions/fdmprinter.def.json. Cura value expression: skin_monotonic. Cura enabled expression: resolveOrValue('adhesion_type') == 'raft' and raft_surface_layers > 0.","false","","resolveOrValue('adhesion_type') == 'raft' and raft_surface_layers > 0","skin_monotonic","cura","9","0",""
"machine_scan_first_layer","Scan the first layer","Build Plate Adhesion","General","29","VT_BOOL","CHECK_BOX","false","","","","","","Cura path: Build Plate Adhesion > Scan the first layer. Source: Cura/resources/definitions/fdmprinter.def.json. Cura enabled expression: False.","false","","False","","cura","9","0",""
"adhesion_extruder_nr","Build Plate Adhesion Extruder","Build Plate Adhesion","Build Plate Adhesion Extruder","0","VT_INT","COMBO_BOX","-1","","","1","-1;0;1;2;3;4","","Cura path: Build Plate Adhesion > Build Plate Adhesion Extruder. Source: Cura/resources/definitions/fdmprinter.def.json. Cura value expression: int(defaultExtruderPosition()) if resolveOrValue('adhesion_type') == 'raft' else -1. Cura enabled expression: extruders_enabled_count > 1 and (resolveOrValue('adhesion_type') != 'none').","false","","extruders_enabled_count > 1 and (resolveOrValue('adhesion_type') != 'none')","int(defaultExtruderPosition()) if resolveOrValue('adhesion_type') == 'raft' else -1","cura","9","1","-1|- param($m) $m.Value.ToUpperInvariant() |;0| param($m) $m.Value.ToUpperInvariant() |;1| param($m) $m.Value.ToUpperInvariant() |;2| param($m) $m.Value.ToUpperInvariant() |;3| param($m) $m.Value.ToUpperInvariant() |;4| param($m) $m.Value.ToUpperInvariant() |"
"skirt_brim_extruder_nr","Skirt/Brim Extruder","Build Plate Adhesion","Build Plate Adhesion Extruder","1","VT_INT","COMBO_BOX","-1","","","1","-1;0;1;2;3;4","","Cura path: Build Plate Adhesion > Build Plate Adhesion Extruder > Skirt/Brim Extruder. Source: Cura/resources/definitions/fdmprinter.def.json. Cura value expression: adhesion_extruder_nr. Cura enabled expression: extruders_enabled_count > 1 and (resolveOrValue('adhesion_type') in ['skirt', 'brim']).","false","","extruders_enabled_count > 1 and (resolveOrValue('adhesion_type') in ['skirt', 'brim'])","adhesion_extruder_nr","cura","9","1","-1|- param($m) $m.Value.ToUpperInvariant() |;0| param($m) $m.Value.ToUpperInvariant() |;1| param($m) $m.Value.ToUpperInvariant() |;2| param($m) $m.Value.ToUpperInvariant() |;3| param($m) $m.Value.ToUpperInvariant() |;4| param($m) $m.Value.ToUpperInvariant() |"
"raft_base_extruder_nr","Raft Base Extruder","Build Plate Adhesion","Build Plate Adhesion Extruder","2","VT_INT","COMBO_BOX","0","","","1","0;1;2;3;4","","Cura path: Build Plate Adhesion > Build Plate Adhesion Extruder > Raft Base Extruder. Source: Cura/resources/definitions/fdmprinter.def.json. Cura value expression: 0 if adhesion_extruder_nr == -1 else adhesion_extruder_nr. Cura enabled expression: extruders_enabled_count > 1 and resolveOrValue('adhesion_type') == 'raft'.","false","","extruders_enabled_count > 1 and resolveOrValue('adhesion_type') == 'raft'","0 if adhesion_extruder_nr == -1 else adhesion_extruder_nr","cura","9","1","0| param($m) $m.Value.ToUpperInvariant() |;1| param($m) $m.Value.ToUpperInvariant() |;2| param($m) $m.Value.ToUpperInvariant() |;3| param($m) $m.Value.ToUpperInvariant() |;4| param($m) $m.Value.ToUpperInvariant() |"
"raft_interface_extruder_nr","Raft Middle Extruder","Build Plate Adhesion","Build Plate Adhesion Extruder","3","VT_INT","COMBO_BOX","0","","","1","0;1;2;3;4","","Cura path: Build Plate Adhesion > Build Plate Adhesion Extruder > Raft Middle Extruder. Source: Cura/resources/definitions/fdmprinter.def.json. Cura value expression: 0 if adhesion_extruder_nr == -1 else adhesion_extruder_nr. Cura enabled expression: extruders_enabled_count > 1 and resolveOrValue('adhesion_type') == 'raft'.","false","","extruders_enabled_count > 1 and resolveOrValue('adhesion_type') == 'raft'","0 if adhesion_extruder_nr == -1 else adhesion_extruder_nr","cura","9","1","0| param($m) $m.Value.ToUpperInvariant() |;1| param($m) $m.Value.ToUpperInvariant() |;2| param($m) $m.Value.ToUpperInvariant() |;3| param($m) $m.Value.ToUpperInvariant() |;4| param($m) $m.Value.ToUpperInvariant() |"
"raft_surface_extruder_nr","Raft Top Extruder","Build Plate Adhesion","Build Plate Adhesion Extruder","4","VT_INT","COMBO_BOX","0","","","1","0;1;2;3;4","","Cura path: Build Plate Adhesion > Build Plate Adhesion Extruder > Raft Top Extruder. Source: Cura/resources/definitions/fdmprinter.def.json. Cura value expression: 0 if adhesion_extruder_nr == -1 else adhesion_extruder_nr. Cura enabled expression: extruders_enabled_count > 1 and resolveOrValue('adhesion_type') == 'raft'.","false","","extruders_enabled_count > 1 and resolveOrValue('adhesion_type') == 'raft'","0 if adhesion_extruder_nr == -1 else adhesion_extruder_nr","cura","9","1","0| param($m) $m.Value.ToUpperInvariant() |;1| param($m) $m.Value.ToUpperInvariant() |;2| param($m) $m.Value.ToUpperInvariant() |;3| param($m) $m.Value.ToUpperInvariant() |;4| param($m) $m.Value.ToUpperInvariant() |"
"brim_width","Brim Width","Build Plate Adhesion","Brim Width","0","VT_FLOAT","NUMERIC_BOX","8.0","","","0.01","","mm","Cura path: Build Plate Adhesion > Brim Width. Source: Cura/resources/definitions/fdmprinter.def.json. Cura enabled expression: resolveOrValue('adhesion_type') == 'brim'.","false","","resolveOrValue('adhesion_type') == 'brim'","","cura","9","2",""
"brim_line_count","Brim Line Count","Build Plate Adhesion","Brim Width","1","VT_INT","NUMERIC_BOX","20","","","1","","","Cura path: Build Plate Adhesion > Brim Width > Brim Line Count. Source: Cura/resources/definitions/fdmprinter.def.json. Cura value expression: math.ceil(brim_width / (skirt_brim_line_width * initial_layer_line_width_factor / 100.0)). Cura enabled expression: resolveOrValue('adhesion_type') == 'brim'.","false","","resolveOrValue('adhesion_type') == 'brim'","math.ceil(brim_width / (skirt_brim_line_width * initial_layer_line_width_factor / 100.0))","cura","9","2",""
"raft_margin","Raft Extra Margin","Build Plate Adhesion","Raft Extra Margin","0","VT_FLOAT","NUMERIC_BOX","15","","","0.01","","mm","Cura path: Build Plate Adhesion > Raft Extra Margin. Source: Cura/resources/definitions/fdmprinter.def.json. Cura enabled expression: resolveOrValue('adhesion_type') == 'raft'.","false","","resolveOrValue('adhesion_type') == 'raft'","","cura","9","3",""
"raft_base_margin","Raft Base Extra Margin","Build Plate Adhesion","Raft Extra Margin","1","VT_FLOAT","NUMERIC_BOX","15","","","0.01","","mm","Cura path: Build Plate Adhesion > Raft Extra Margin > Raft Base Extra Margin. Source: Cura/resources/definitions/fdmprinter.def.json. Cura value expression: raft_margin. Cura enabled expression: resolveOrValue('adhesion_type') == 'raft'.","false","","resolveOrValue('adhesion_type') == 'raft'","raft_margin","cura","9","3",""
"raft_interface_margin","Raft Middle Extra Margin","Build Plate Adhesion","Raft Extra Margin","2","VT_FLOAT","NUMERIC_BOX","15","","","0.01","","mm","Cura path: Build Plate Adhesion > Raft Extra Margin > Raft Middle Extra Margin. Source: Cura/resources/definitions/fdmprinter.def.json. Cura value expression: raft_margin. Cura enabled expression: resolveOrValue('adhesion_type') == 'raft'.","false","","resolveOrValue('adhesion_type') == 'raft'","raft_margin","cura","9","3",""
"raft_surface_margin","Raft Top Extra Margin","Build Plate Adhesion","Raft Extra Margin","3","VT_FLOAT","NUMERIC_BOX","15","","","0.01","","mm","Cura path: Build Plate Adhesion > Raft Extra Margin > Raft Top Extra Margin. Source: Cura/resources/definitions/fdmprinter.def.json. Cura value expression: raft_margin. Cura enabled expression: resolveOrValue('adhesion_type') == 'raft'.","false","","resolveOrValue('adhesion_type') == 'raft'","raft_margin","cura","9","3",""
"raft_remove_inside_corners","Remove Raft Inside Corners","Build Plate Adhesion","Remove Raft Inside Corners","0","VT_BOOL","CHECK_BOX","false","","","","","","Cura path: Build Plate Adhesion > Remove Raft Inside Corners. Source: Cura/resources/definitions/fdmprinter.def.json. Cura enabled expression: resolveOrValue('adhesion_type') == 'raft'.","false","","resolveOrValue('adhesion_type') == 'raft'","","cura","9","4",""
"raft_base_remove_inside_corners","Remove Raft Base Inside Corners","Build Plate Adhesion","Remove Raft Inside Corners","1","VT_BOOL","CHECK_BOX","false","","","","","","Cura path: Build Plate Adhesion > Remove Raft Inside Corners > Remove Raft Base Inside Corners. Source: Cura/resources/definitions/fdmprinter.def.json. Cura value expression: raft_remove_inside_corners. Cura enabled expression: resolveOrValue('adhesion_type') == 'raft'.","false","","resolveOrValue('adhesion_type') == 'raft'","raft_remove_inside_corners","cura","9","4",""
"raft_interface_remove_inside_corners","Remove Raft Middle Inside Corners","Build Plate Adhesion","Remove Raft Inside Corners","2","VT_BOOL","CHECK_BOX","false","","","","","","Cura path: Build Plate Adhesion > Remove Raft Inside Corners > Remove Raft Middle Inside Corners. Source: Cura/resources/definitions/fdmprinter.def.json. Cura value expression: raft_remove_inside_corners. Cura enabled expression: resolveOrValue('adhesion_type') == 'raft'.","false","","resolveOrValue('adhesion_type') == 'raft'","raft_remove_inside_corners","cura","9","4",""
"raft_surface_remove_inside_corners","Remove Raft Top Inside Corners","Build Plate Adhesion","Remove Raft Inside Corners","3","VT_BOOL","CHECK_BOX","false","","","","","","Cura path: Build Plate Adhesion > Remove Raft Inside Corners > Remove Raft Top Inside Corners. Source: Cura/resources/definitions/fdmprinter.def.json. Cura value expression: raft_remove_inside_corners. Cura enabled expression: resolveOrValue('adhesion_type') == 'raft'.","false","","resolveOrValue('adhesion_type') == 'raft'","raft_remove_inside_corners","cura","9","4",""
"raft_smoothing","Raft Smoothing","Build Plate Adhesion","Raft Smoothing","0","VT_FLOAT","NUMERIC_BOX","5","","","0.01","","mm","Cura path: Build Plate Adhesion > Raft Smoothing. Source: Cura/resources/definitions/fdmprinter.def.json. Cura enabled expression: resolveOrValue('adhesion_type') == 'raft' and not raft_remove_inside_corners.","false","","resolveOrValue('adhesion_type') == 'raft' and not raft_remove_inside_corners","","cura","9","5",""
"raft_base_smoothing","Raft Base Smoothing","Build Plate Adhesion","Raft Smoothing","1","VT_FLOAT","NUMERIC_BOX","5","","","0.01","","mm","Cura path: Build Plate Adhesion > Raft Smoothing > Raft Base Smoothing. Source: Cura/resources/definitions/fdmprinter.def.json. Cura value expression: raft_smoothing. Cura enabled expression: resolveOrValue('adhesion_type') == 'raft' and not raft_base_remove_inside_corners.","false","","resolveOrValue('adhesion_type') == 'raft' and not raft_base_remove_inside_corners","raft_smoothing","cura","9","5",""
"raft_interface_smoothing","Raft Middle Smoothing","Build Plate Adhesion","Raft Smoothing","2","VT_FLOAT","NUMERIC_BOX","5","","","0.01","","mm","Cura path: Build Plate Adhesion > Raft Smoothing > Raft Middle Smoothing. Source: Cura/resources/definitions/fdmprinter.def.json. Cura value expression: raft_smoothing. Cura enabled expression: resolveOrValue('adhesion_type') == 'raft' and not raft_interface_remove_inside_corners.","false","","resolveOrValue('adhesion_type') == 'raft' and not raft_interface_remove_inside_corners","raft_smoothing","cura","9","5",""
"raft_surface_smoothing","Raft Top Smoothing","Build Plate Adhesion","Raft Smoothing","3","VT_FLOAT","NUMERIC_BOX","5","","","0.01","","mm","Cura path: Build Plate Adhesion > Raft Smoothing > Raft Top Smoothing. Source: Cura/resources/definitions/fdmprinter.def.json. Cura value expression: raft_smoothing. Cura enabled expression: resolveOrValue('adhesion_type') == 'raft' and not raft_surface_remove_inside_corners.","false","","resolveOrValue('adhesion_type') == 'raft' and not raft_surface_remove_inside_corners","raft_smoothing","cura","9","5",""
"raft_base_infill_overlap","Raft Base Infill Overlap Percentage","Build Plate Adhesion","Raft Base Infill Overlap Percentage","0","VT_FLOAT","NUMERIC_BOX","0","","","0.01","","%","Cura path: Build Plate Adhesion > Raft Base Infill Overlap Percentage. Source: Cura/resources/definitions/fdmprinter.def.json. Cura enabled expression: resolveOrValue('adhesion_type') == 'raft'.","false","","resolveOrValue('adhesion_type') == 'raft'","","cura","9","6",""
"raft_base_infill_overlap_mm","Raft Base Infill Overlap","Build Plate Adhesion","Raft Base Infill Overlap Percentage","1","VT_FLOAT","NUMERIC_BOX","0.0","","","0.01","","mm","Cura path: Build Plate Adhesion > Raft Base Infill Overlap Percentage > Raft Base Infill Overlap. Source: Cura/resources/definitions/fdmprinter.def.json. Cura value expression: raft_base_line_width * raft_base_infill_overlap / 100. Cura enabled expression: resolveOrValue('adhesion_type') == 'raft'.","false","","resolveOrValue('adhesion_type') == 'raft'","raft_base_line_width * raft_base_infill_overlap / 100","cura","9","6",""
"raft_interface_infill_overlap","Raft Interface Infill Overlap Percentage","Build Plate Adhesion","Raft Interface Infill Overlap Percentage","0","VT_FLOAT","NUMERIC_BOX","0","","","0.01","","%","Cura path: Build Plate Adhesion > Raft Interface Infill Overlap Percentage. Source: Cura/resources/definitions/fdmprinter.def.json. Cura enabled expression: resolveOrValue('adhesion_type') == 'raft'.","false","","resolveOrValue('adhesion_type') == 'raft'","","cura","9","7",""
"raft_interface_infill_overlap_mm","Raft Interface Infill Overlap","Build Plate Adhesion","Raft Interface Infill Overlap Percentage","1","VT_FLOAT","NUMERIC_BOX","0.0","","","0.01","","mm","Cura path: Build Plate Adhesion > Raft Interface Infill Overlap Percentage > Raft Interface Infill Overlap. Source: Cura/resources/definitions/fdmprinter.def.json. Cura value expression: raft_interface_line_width * raft_interface_infill_overlap / 100. Cura enabled expression: resolveOrValue('adhesion_type') == 'raft'.","false","","resolveOrValue('adhesion_type') == 'raft'","raft_interface_line_width * raft_interface_infill_overlap / 100","cura","9","7",""
"raft_surface_infill_overlap","Raft Surface Infill Overlap Percentage","Build Plate Adhesion","Raft Surface Infill Overlap Percentage","0","VT_FLOAT","NUMERIC_BOX","0","","","0.01","","%","Cura path: Build Plate Adhesion > Raft Surface Infill Overlap Percentage. Source: Cura/resources/definitions/fdmprinter.def.json. Cura enabled expression: resolveOrValue('adhesion_type') == 'raft'.","false","","resolveOrValue('adhesion_type') == 'raft'","","cura","9","8",""
"raft_surface_infill_overlap_mm","Raft Surface Infill Overlap","Build Plate Adhesion","Raft Surface Infill Overlap Percentage","1","VT_FLOAT","NUMERIC_BOX","0.0","","","0.01","","mm","Cura path: Build Plate Adhesion > Raft Surface Infill Overlap Percentage > Raft Surface Infill Overlap. Source: Cura/resources/definitions/fdmprinter.def.json. Cura value expression: raft_surface_line_width * raft_surface_infill_overlap / 100. Cura enabled expression: resolveOrValue('adhesion_type') == 'raft'.","false","","resolveOrValue('adhesion_type') == 'raft'","raft_surface_line_width * raft_surface_infill_overlap / 100","cura","9","8",""
"raft_wall_count","Raft Wall Count","Build Plate Adhesion","Raft Wall Count","0","VT_INT","NUMERIC_BOX","1","","","1","","","Cura path: Build Plate Adhesion > Raft Wall Count. Source: Cura/resources/definitions/fdmprinter.def.json. Cura enabled expression: resolveOrValue('adhesion_type') == 'raft'.","false","","resolveOrValue('adhesion_type') == 'raft'","","cura","9","9",""
"raft_base_wall_count","Raft Base Wall Count","Build Plate Adhesion","Raft Wall Count","1","VT_INT","NUMERIC_BOX","1","","","1","","","Cura path: Build Plate Adhesion > Raft Wall Count > Raft Base Wall Count. Source: Cura/resources/definitions/fdmprinter.def.json. Cura value expression: raft_wall_count. Cura enabled expression: resolveOrValue('adhesion_type') == 'raft'.","false","","resolveOrValue('adhesion_type') == 'raft'","raft_wall_count","cura","9","9",""
"raft_interface_wall_count","Raft Middle Wall Count","Build Plate Adhesion","Raft Wall Count","2","VT_INT","NUMERIC_BOX","0","","","1","","","Cura path: Build Plate Adhesion > Raft Wall Count > Raft Middle Wall Count. Source: Cura/resources/definitions/fdmprinter.def.json. Cura enabled expression: resolveOrValue('adhesion_type') == 'raft'.","false","","resolveOrValue('adhesion_type') == 'raft'","","cura","9","9",""
"raft_surface_wall_count","Raft Top Wall Count","Build Plate Adhesion","Raft Wall Count","3","VT_INT","NUMERIC_BOX","0","","","1","","","Cura path: Build Plate Adhesion > Raft Wall Count > Raft Top Wall Count. Source: Cura/resources/definitions/fdmprinter.def.json. Cura enabled expression: resolveOrValue('adhesion_type') == 'raft'.","false","","resolveOrValue('adhesion_type') == 'raft'","","cura","9","9",""
"raft_speed","Raft Print Speed","Build Plate Adhesion","Raft Print Speed","0","VT_FLOAT","NUMERIC_BOX","20","","","0.01","","mm/s","Cura path: Build Plate Adhesion > Raft Print Speed. Source: Cura/resources/definitions/fdmprinter.def.json. Cura value expression: speed_print / 60 * 30. Cura enabled expression: resolveOrValue('adhesion_type') == 'raft'.","false","","resolveOrValue('adhesion_type') == 'raft'","speed_print / 60 * 30","cura","9","10",""
"raft_base_speed","Raft Base Print Speed","Build Plate Adhesion","Raft Print Speed","1","VT_FLOAT","NUMERIC_BOX","15","","","0.01","","mm/s","Cura path: Build Plate Adhesion > Raft Print Speed > Raft Base Print Speed. Source: Cura/resources/definitions/fdmprinter.def.json. Cura value expression: 0.75 * raft_speed. Cura enabled expression: resolveOrValue('adhesion_type') == 'raft'.","false","","resolveOrValue('adhesion_type') == 'raft'","0.75 * raft_speed","cura","9","10",""
"raft_interface_speed","Raft Middle Print Speed","Build Plate Adhesion","Raft Print Speed","2","VT_FLOAT","NUMERIC_BOX","15","","","0.01","","mm/s","Cura path: Build Plate Adhesion > Raft Print Speed > Raft Middle Print Speed. Source: Cura/resources/definitions/fdmprinter.def.json. Cura value expression: raft_speed * 0.75. Cura enabled expression: resolveOrValue('adhesion_type') == 'raft' and raft_interface_layers > 0.","false","","resolveOrValue('adhesion_type') == 'raft' and raft_interface_layers > 0","raft_speed * 0.75","cura","9","10",""
"raft_surface_speed","Raft Top Print Speed","Build Plate Adhesion","Raft Print Speed","3","VT_FLOAT","NUMERIC_BOX","20","","","0.01","","mm/s","Cura path: Build Plate Adhesion > Raft Print Speed > Raft Top Print Speed. Source: Cura/resources/definitions/fdmprinter.def.json. Cura value expression: raft_speed. Cura enabled expression: resolveOrValue('adhesion_type') == 'raft' and raft_surface_layers > 0.","false","","resolveOrValue('adhesion_type') == 'raft' and raft_surface_layers > 0","raft_speed","cura","9","10",""
"raft_acceleration","Raft Print Acceleration","Build Plate Adhesion","Raft Print Acceleration","0","VT_FLOAT","NUMERIC_BOX","3000","","","0.01","","mm/s²","Cura path: Build Plate Adhesion > Raft Print Acceleration. Source: Cura/resources/definitions/fdmprinter.def.json. Cura value expression: acceleration_print. Cura enabled expression: resolveOrValue('adhesion_type') == 'raft' and resolveOrValue('acceleration_enabled').","false","","resolveOrValue('adhesion_type') == 'raft' and resolveOrValue('acceleration_enabled')","acceleration_print","cura","9","11",""
"raft_base_acceleration","Raft Base Print Acceleration","Build Plate Adhesion","Raft Print Acceleration","1","VT_FLOAT","NUMERIC_BOX","3000","","","0.01","","mm/s²","Cura path: Build Plate Adhesion > Raft Print Acceleration > Raft Base Print Acceleration. Source: Cura/resources/definitions/fdmprinter.def.json. Cura value expression: raft_acceleration. Cura enabled expression: resolveOrValue('adhesion_type') == 'raft' and resolveOrValue('acceleration_enabled').","false","","resolveOrValue('adhesion_type') == 'raft' and resolveOrValue('acceleration_enabled')","raft_acceleration","cura","9","11",""
"raft_interface_acceleration","Raft Middle Print Acceleration","Build Plate Adhesion","Raft Print Acceleration","2","VT_FLOAT","NUMERIC_BOX","3000","","","0.01","","mm/s²","Cura path: Build Plate Adhesion > Raft Print Acceleration > Raft Middle Print Acceleration. Source: Cura/resources/definitions/fdmprinter.def.json. Cura value expression: raft_acceleration. Cura enabled expression: resolveOrValue('adhesion_type') == 'raft' and resolveOrValue('acceleration_enabled') and raft_interface_layers > 0.","false","","resolveOrValue('adhesion_type') == 'raft' and resolveOrValue('acceleration_enabled') and raft_interface_layers > 0","raft_acceleration","cura","9","11",""
"raft_surface_acceleration","Raft Top Print Acceleration","Build Plate Adhesion","Raft Print Acceleration","3","VT_FLOAT","NUMERIC_BOX","3000","","","0.01","","mm/s²","Cura path: Build Plate Adhesion > Raft Print Acceleration > Raft Top Print Acceleration. Source: Cura/resources/definitions/fdmprinter.def.json. Cura value expression: raft_acceleration. Cura enabled expression: resolveOrValue('adhesion_type') == 'raft' and resolveOrValue('acceleration_enabled') and raft_surface_layers > 0.","false","","resolveOrValue('adhesion_type') == 'raft' and resolveOrValue('acceleration_enabled') and raft_surface_layers > 0","raft_acceleration","cura","9","11",""
"raft_jerk","Raft Print Jerk","Build Plate Adhesion","Raft Print Jerk","0","VT_FLOAT","NUMERIC_BOX","20","","","0.01","","mm/s","Cura path: Build Plate Adhesion > Raft Print Jerk. Source: Cura/resources/definitions/fdmprinter.def.json. Cura value expression: jerk_print. Cura enabled expression: resolveOrValue('adhesion_type') == 'raft' and resolveOrValue('jerk_enabled').","false","","resolveOrValue('adhesion_type') == 'raft' and resolveOrValue('jerk_enabled')","jerk_print","cura","9","12",""
"raft_base_jerk","Raft Base Print Jerk","Build Plate Adhesion","Raft Print Jerk","1","VT_FLOAT","NUMERIC_BOX","20","","","0.01","","mm/s","Cura path: Build Plate Adhesion > Raft Print Jerk > Raft Base Print Jerk. Source: Cura/resources/definitions/fdmprinter.def.json. Cura value expression: raft_jerk. Cura enabled expression: resolveOrValue('adhesion_type') == 'raft' and resolveOrValue('jerk_enabled').","false","","resolveOrValue('adhesion_type') == 'raft' and resolveOrValue('jerk_enabled')","raft_jerk","cura","9","12",""
"raft_interface_jerk","Raft Middle Print Jerk","Build Plate Adhesion","Raft Print Jerk","2","VT_FLOAT","NUMERIC_BOX","20","","","0.01","","mm/s","Cura path: Build Plate Adhesion > Raft Print Jerk > Raft Middle Print Jerk. Source: Cura/resources/definitions/fdmprinter.def.json. Cura value expression: raft_jerk. Cura enabled expression: resolveOrValue('adhesion_type') == 'raft' and resolveOrValue('jerk_enabled') and raft_interface_layers > 0.","false","","resolveOrValue('adhesion_type') == 'raft' and resolveOrValue('jerk_enabled') and raft_interface_layers > 0","raft_jerk","cura","9","12",""
"raft_surface_jerk","Raft Top Print Jerk","Build Plate Adhesion","Raft Print Jerk","3","VT_FLOAT","NUMERIC_BOX","20","","","0.01","","mm/s","Cura path: Build Plate Adhesion > Raft Print Jerk > Raft Top Print Jerk. Source: Cura/resources/definitions/fdmprinter.def.json. Cura value expression: raft_jerk. Cura enabled expression: resolveOrValue('adhesion_type') == 'raft' and resolveOrValue('jerk_enabled') and raft_surface_layers > 0.","false","","resolveOrValue('adhesion_type') == 'raft' and resolveOrValue('jerk_enabled') and raft_surface_layers > 0","raft_jerk","cura","9","12",""
"raft_fan_speed","Raft Fan Speed","Build Plate Adhesion","Raft Fan Speed","0","VT_FLOAT","NUMERIC_BOX","0","","","0.01","","%","Cura path: Build Plate Adhesion > Raft Fan Speed. Source: Cura/resources/definitions/fdmprinter.def.json. Cura enabled expression: resolveOrValue('adhesion_type') == 'raft'.","false","","resolveOrValue('adhesion_type') == 'raft'","","cura","9","13",""
"raft_base_fan_speed","Raft Base Fan Speed","Build Plate Adhesion","Raft Fan Speed","1","VT_FLOAT","NUMERIC_BOX","0","","","0.01","","%","Cura path: Build Plate Adhesion > Raft Fan Speed > Raft Base Fan Speed. Source: Cura/resources/definitions/fdmprinter.def.json. Cura value expression: raft_fan_speed. Cura enabled expression: resolveOrValue('adhesion_type') == 'raft'.","false","","resolveOrValue('adhesion_type') == 'raft'","raft_fan_speed","cura","9","13",""
"raft_interface_fan_speed","Raft Middle Fan Speed","Build Plate Adhesion","Raft Fan Speed","2","VT_FLOAT","NUMERIC_BOX","0","","","0.01","","%","Cura path: Build Plate Adhesion > Raft Fan Speed > Raft Middle Fan Speed. Source: Cura/resources/definitions/fdmprinter.def.json. Cura value expression: raft_fan_speed. Cura enabled expression: resolveOrValue('adhesion_type') == 'raft' and raft_interface_layers > 0.","false","","resolveOrValue('adhesion_type') == 'raft' and raft_interface_layers > 0","raft_fan_speed","cura","9","13",""
"raft_surface_fan_speed","Raft Top Fan Speed","Build Plate Adhesion","Raft Fan Speed","3","VT_FLOAT","NUMERIC_BOX","0","","","0.01","","%","Cura path: Build Plate Adhesion > Raft Fan Speed > Raft Top Fan Speed. Source: Cura/resources/definitions/fdmprinter.def.json. Cura value expression: raft_fan_speed. Cura enabled expression: resolveOrValue('adhesion_type') == 'raft' and raft_surface_layers > 0.","false","","resolveOrValue('adhesion_type') == 'raft' and raft_surface_layers > 0","raft_fan_speed","cura","9","13",""
"raft_flow","Raft Flow","Build Plate Adhesion","Raft Flow","0","VT_FLOAT","NUMERIC_BOX","100.0","","","0.01","","%","Cura path: Build Plate Adhesion > Raft Flow. Source: Cura/resources/definitions/fdmprinter.def.json. Cura enabled expression: resolveOrValue('adhesion_type') == 'raft'.","false","","resolveOrValue('adhesion_type') == 'raft'","","cura","9","14",""
"raft_base_flow","Raft Base Flow","Build Plate Adhesion","Raft Flow","1","VT_FLOAT","NUMERIC_BOX","100.0","","","0.01","","%","Cura path: Build Plate Adhesion > Raft Flow > Raft Base Flow. Source: Cura/resources/definitions/fdmprinter.def.json. Cura value expression: raft_flow. Cura enabled expression: resolveOrValue('adhesion_type') == 'raft'.","false","","resolveOrValue('adhesion_type') == 'raft'","raft_flow","cura","9","14",""
"raft_interface_flow","Raft Interface Flow","Build Plate Adhesion","Raft Flow","2","VT_FLOAT","NUMERIC_BOX","100.0","","","0.01","","%","Cura path: Build Plate Adhesion > Raft Flow > Raft Interface Flow. Source: Cura/resources/definitions/fdmprinter.def.json. Cura value expression: raft_flow. Cura enabled expression: resolveOrValue('adhesion_type') == 'raft'.","false","","resolveOrValue('adhesion_type') == 'raft'","raft_flow","cura","9","14",""
"raft_surface_flow","Raft Surface Flow","Build Plate Adhesion","Raft Flow","3","VT_FLOAT","NUMERIC_BOX","100.0","","","0.01","","%","Cura path: Build Plate Adhesion > Raft Flow > Raft Surface Flow. Source: Cura/resources/definitions/fdmprinter.def.json. Cura value expression: raft_flow. Cura enabled expression: resolveOrValue('adhesion_type') == 'raft'.","false","","resolveOrValue('adhesion_type') == 'raft'","raft_flow","cura","9","14",""
"prime_tower_enable","Enable Prime Tower","Dual Extrusion","General","0","VT_BOOL","CHECK_BOX","false","","","","","","Cura path: Dual Extrusion > Enable Prime Tower. Source: Cura/resources/definitions/fdmprinter.def.json. Cura enabled expression: extruders_enabled_count > 1.","true","","extruders_enabled_count > 1","","cura","10","0",""
"prime_tower_mode","Prime Tower Type","Dual Extrusion","General","1","VT_ENUM","COMBO_BOX","normal","","","","normal;interleaved","","Cura path: Dual Extrusion > Prime Tower Type. Source: Cura/resources/definitions/fdmprinter.def.json. Cura enabled expression: prime_tower_enable.","true","","prime_tower_enable","","cura","10","0","normal| param($m) $m.Value.ToUpperInvariant() ormal|;interleaved| param($m) $m.Value.ToUpperInvariant() nterleaved|"
"prime_tower_size","Prime Tower Size","Dual Extrusion","General","2","VT_FLOAT","NUMERIC_BOX","20","","","0.01","","mm","Cura path: Dual Extrusion > Prime Tower Size. Source: Cura/resources/definitions/fdmprinter.def.json. Cura enabled expression: prime_tower_enable.","true","","prime_tower_enable","","cura","10","0",""
"prime_tower_min_volume","Prime Tower Minimum Volume","Dual Extrusion","General","3","VT_FLOAT","NUMERIC_BOX","6","","","0.01","","mm³","Cura path: Dual Extrusion > Prime Tower Minimum Volume. Source: Cura/resources/definitions/fdmprinter.def.json. Cura enabled expression: prime_tower_enable.","true","","prime_tower_enable","","cura","10","0",""
"prime_tower_max_bridging_distance","Prime Tower Maximum Bridging Distance","Dual Extrusion","General","4","VT_FLOAT","NUMERIC_BOX","5","","","0.01","","mm","Cura path: Dual Extrusion > Prime Tower Maximum Bridging Distance. Source: Cura/resources/definitions/fdmprinter.def.json. Cura enabled expression: prime_tower_enable.","true","","prime_tower_enable","","cura","10","0",""
"prime_tower_min_shell_thickness","Prime Tower Minimum Shell Thickness","Dual Extrusion","General","5","VT_FLOAT","NUMERIC_BOX","0.4","","","0.01","","mm","Cura path: Dual Extrusion > Prime Tower Minimum Shell Thickness. Source: Cura/resources/definitions/fdmprinter.def.json. Cura enabled expression: prime_tower_enable and resolveOrValue('prime_tower_mode') == 'interleaved'.","true","","prime_tower_enable and resolveOrValue('prime_tower_mode') == 'interleaved'","","cura","10","0",""
"prime_tower_position_x","Prime Tower X Position","Dual Extrusion","General","6","VT_FLOAT","NUMERIC_BOX","200","","","0.01","","mm","Cura path: Dual Extrusion > Prime Tower X Position. Source: Cura/resources/definitions/fdmprinter.def.json. Cura value expression: ((resolveOrValue('machine_width') / 2 + resolveOrValue('prime_tower_size') / 2) if resolveOrValue('machine_shape') == 'elliptic' else (resolveOrValue('machine_width') - (resolveOrValue('prime_tower_base_size') if (resolveOrValue('adhesion_type') == 'raft' or resolveOrValue('prime_tower_brim_enable')) else 0) - max(max(extruderValues('travel_avoid_distance')) + max(extruderValues('machine_nozzle_offset_x')) + max(extruderValues('support_offset')) + (extruderValue(skirt_brim_extruder_nr, 'skirt_brim_line_width') * extruderValue(skirt_brim_extruder_nr, 'skirt_line_count') * extruderValue(skirt_brim_extruder_nr, 'initial_layer_line_width_factor') / 100 + extruderValue(skirt_brim_extruder_nr, 'skirt_gap') if resolveOrValue('adhesion_type') == 'skirt' else 0) + (resolveOrValue('draft_shield_dist') if resolveOrValue('draft_shield_enabled') else 0), max(map(abs, extruderValues('machine_nozzle_offset_x'))), 1))) - (resolveOrValue('machine_width') / 2 if resolveOrValue('machine_center_is_zero') else 0). Cura enabled expression: prime_tower_enable.","true","","prime_tower_enable","((resolveOrValue('machine_width') / 2 + resolveOrValue('prime_tower_size') / 2) if resolveOrValue('machine_shape') == 'elliptic' else (resolveOrValue('machine_width') - (resolveOrValue('prime_tower_base_size') if (resolveOrValue('adhesion_type') == 'raft' or resolveOrValue('prime_tower_brim_enable')) else 0) - max(max(extruderValues('travel_avoid_distance')) + max(extruderValues('machine_nozzle_offset_x')) + max(extruderValues('support_offset')) + (extruderValue(skirt_brim_extruder_nr, 'skirt_brim_line_width') * extruderValue(skirt_brim_extruder_nr, 'skirt_line_count') * extruderValue(skirt_brim_extruder_nr, 'initial_layer_line_width_factor') / 100 + extruderValue(skirt_brim_extruder_nr, 'skirt_gap') if resolveOrValue('adhesion_type') == 'skirt' else 0) + (resolveOrValue('draft_shield_dist') if resolveOrValue('draft_shield_enabled') else 0), max(map(abs, extruderValues('machine_nozzle_offset_x'))), 1))) - (resolveOrValue('machine_width') / 2 if resolveOrValue('machine_center_is_zero') else 0)","cura","10","0",""
"prime_tower_position_y","Prime Tower Y Position","Dual Extrusion","General","7","VT_FLOAT","NUMERIC_BOX","200","","","0.01","","mm","Cura path: Dual Extrusion > Prime Tower Y Position. Source: Cura/resources/definitions/fdmprinter.def.json. Cura value expression: machine_depth - prime_tower_size - (resolveOrValue('prime_tower_base_size') if (resolveOrValue('adhesion_type') == 'raft' or resolveOrValue('prime_tower_brim_enable')) else 0) - max(max(extruderValues('travel_avoid_distance')) + max(extruderValues('machine_nozzle_offset_y')) + max(extruderValues('support_offset')) + (extruderValue(skirt_brim_extruder_nr, 'skirt_brim_line_width') * extruderValue(skirt_brim_extruder_nr, 'skirt_line_count') * extruderValue(skirt_brim_extruder_nr, 'initial_layer_line_width_factor') / 100 + extruderValue(skirt_brim_extruder_nr, 'skirt_gap') if resolveOrValue('adhesion_type') == 'skirt' else 0) + (resolveOrValue('draft_shield_dist') if resolveOrValue('draft_shield_enabled') else 0), max(map(abs, extruderValues('machine_nozzle_offset_y'))), 1) - (resolveOrValue('machine_depth') / 2 if resolveOrValue('machine_center_is_zero') else 0). Cura enabled expression: prime_tower_enable.","true","","prime_tower_enable","machine_depth - prime_tower_size - (resolveOrValue('prime_tower_base_size') if (resolveOrValue('adhesion_type') == 'raft' or resolveOrValue('prime_tower_brim_enable')) else 0) - max(max(extruderValues('travel_avoid_distance')) + max(extruderValues('machine_nozzle_offset_y')) + max(extruderValues('support_offset')) + (extruderValue(skirt_brim_extruder_nr, 'skirt_brim_line_width') * extruderValue(skirt_brim_extruder_nr, 'skirt_line_count') * extruderValue(skirt_brim_extruder_nr, 'initial_layer_line_width_factor') / 100 + extruderValue(skirt_brim_extruder_nr, 'skirt_gap') if resolveOrValue('adhesion_type') == 'skirt' else 0) + (resolveOrValue('draft_shield_dist') if resolveOrValue('draft_shield_enabled') else 0), max(map(abs, extruderValues('machine_nozzle_offset_y'))), 1) - (resolveOrValue('machine_depth') / 2 if resolveOrValue('machine_center_is_zero') else 0)","cura","10","0",""
"prime_tower_wipe_enabled","Wipe Inactive Nozzle on Prime Tower","Dual Extrusion","General","8","VT_BOOL","CHECK_BOX","true","","","","","","Cura path: Dual Extrusion > Wipe Inactive Nozzle on Prime Tower. Source: Cura/resources/definitions/fdmprinter.def.json. Cura enabled expression: prime_tower_enable.","true","","prime_tower_enable","","cura","10","0",""
"prime_tower_brim_enable","Prime Tower Base","Dual Extrusion","General","9","VT_BOOL","CHECK_BOX","false","","","","","","Cura path: Dual Extrusion > Prime Tower Base. Source: Cura/resources/definitions/fdmprinter.def.json. Cura value expression: resolveOrValue('adhesion_type') in ['raft', 'brim']. Cura enabled expression: prime_tower_enable and resolveOrValue('adhesion_type') != 'raft'.","true","","prime_tower_enable and resolveOrValue('adhesion_type') != 'raft'","resolveOrValue('adhesion_type') in ['raft', 'brim']","cura","10","0",""
"prime_tower_base_size","Prime Tower Base Size","Dual Extrusion","General","10","VT_FLOAT","NUMERIC_BOX","1.2","","","0.01","","mm","Cura path: Dual Extrusion > Prime Tower Base Size. Source: Cura/resources/definitions/fdmprinter.def.json. Cura value expression: resolveOrValue('raft_margin') if resolveOrValue('adhesion_type') == 'raft' else resolveOrValue('brim_width'). Cura enabled expression: prime_tower_enable and (resolveOrValue('prime_tower_brim_enable') or resolveOrValue('adhesion_type') == 'raft').","true","","prime_tower_enable and (resolveOrValue('prime_tower_brim_enable') or resolveOrValue('adhesion_type') == 'raft')","resolveOrValue('raft_margin') if resolveOrValue('adhesion_type') == 'raft' else resolveOrValue('brim_width')","cura","10","0",""
"prime_tower_base_height","Prime Tower Base Height","Dual Extrusion","General","11","VT_FLOAT","NUMERIC_BOX","0","","","0.01","","mm","Cura path: Dual Extrusion > Prime Tower Base Height. Source: Cura/resources/definitions/fdmprinter.def.json. Cura value expression: resolveOrValue('layer_height'). Cura enabled expression: prime_tower_enable and (resolveOrValue('prime_tower_brim_enable') or resolveOrValue('adhesion_type') == 'raft').","true","","prime_tower_enable and (resolveOrValue('prime_tower_brim_enable') or resolveOrValue('adhesion_type') == 'raft')","resolveOrValue('layer_height')","cura","10","0",""
"prime_tower_base_curve_magnitude","Prime Tower Base Slope","Dual Extrusion","General","12","VT_FLOAT","NUMERIC_BOX","4","","","0.01","","","Cura path: Dual Extrusion > Prime Tower Base Slope. Source: Cura/resources/definitions/fdmprinter.def.json. Cura enabled expression: prime_tower_enable and (resolveOrValue('prime_tower_brim_enable') or resolveOrValue('adhesion_type') == 'raft').","true","","prime_tower_enable and (resolveOrValue('prime_tower_brim_enable') or resolveOrValue('adhesion_type') == 'raft')","","cura","10","0",""
"prime_tower_raft_base_line_spacing","Prime Tower Raft Line Spacing","Dual Extrusion","General","13","VT_FLOAT","NUMERIC_BOX","1.6","","","0.01","","mm","Cura path: Dual Extrusion > Prime Tower Raft Line Spacing. Source: Cura/resources/definitions/fdmprinter.def.json. Cura value expression: raft_base_line_spacing. Cura enabled expression: prime_tower_enable and resolveOrValue('adhesion_type') == 'raft'.","true","","prime_tower_enable and resolveOrValue('adhesion_type') == 'raft'","raft_base_line_spacing","cura","10","0",""
"ooze_shield_enabled","Enable Ooze Shield","Dual Extrusion","General","14","VT_BOOL","CHECK_BOX","false","","","","","","Cura path: Dual Extrusion > Enable Ooze Shield. Source: Cura/resources/definitions/fdmprinter.def.json. Cura enabled expression: extruders_enabled_count > 1.","true","","extruders_enabled_count > 1","","cura","10","0",""
"ooze_shield_angle","Ooze Shield Angle","Dual Extrusion","General","15","VT_FLOAT","NUMERIC_BOX","60","","","0.01","","°","Cura path: Dual Extrusion > Ooze Shield Angle. Source: Cura/resources/definitions/fdmprinter.def.json. Cura enabled expression: resolveOrValue('ooze_shield_enabled').","true","","resolveOrValue('ooze_shield_enabled')","","cura","10","0",""
"ooze_shield_dist","Ooze Shield Distance","Dual Extrusion","General","16","VT_FLOAT","NUMERIC_BOX","2","","","0.01","","mm","Cura path: Dual Extrusion > Ooze Shield Distance. Source: Cura/resources/definitions/fdmprinter.def.json. Cura enabled expression: resolveOrValue('ooze_shield_enabled').","true","","resolveOrValue('ooze_shield_enabled')","","cura","10","0",""
"switch_extruder_retraction_amount","Nozzle Switch Retraction Distance","Dual Extrusion","General","17","VT_FLOAT","NUMERIC_BOX","20","","","0.01","","mm","Cura path: Dual Extrusion > Nozzle Switch Retraction Distance. Source: Cura/resources/definitions/fdmprinter.def.json. Cura value expression: machine_heat_zone_length. Cura enabled expression: retraction_enable and extruders_enabled_count > 1.","true","","retraction_enable and extruders_enabled_count > 1","machine_heat_zone_length","cura","10","0",""
"switch_extruder_extra_prime_amount","Nozzle Switch Extra Prime Amount","Dual Extrusion","General","18","VT_FLOAT","NUMERIC_BOX","0","","","0.01","","mm³","Cura path: Dual Extrusion > Nozzle Switch Extra Prime Amount. Source: Cura/resources/definitions/fdmprinter.def.json. Cura enabled expression: retraction_enable and extruders_enabled_count > 1.","true","","retraction_enable and extruders_enabled_count > 1","","cura","10","0",""
"interlocking_enable","Generate Interlocking Structure","Dual Extrusion","General","19","VT_BOOL","CHECK_BOX","false","","","","","","Cura path: Dual Extrusion > Generate Interlocking Structure. Source: Cura/resources/definitions/fdmprinter.def.json. Cura enabled expression: extruders_enabled_count > 1.","true","","extruders_enabled_count > 1","","cura","10","0",""
"interlocking_beam_width","Interlocking Beam Width","Dual Extrusion","General","20","VT_FLOAT","NUMERIC_BOX","0.8","","","0.01","","mm","Cura path: Dual Extrusion > Interlocking Beam Width. Source: Cura/resources/definitions/fdmprinter.def.json. Cura value expression: 2 * wall_line_width_0. Cura enabled expression: extruders_enabled_count > 1 and resolveOrValue('interlocking_enable').","true","","extruders_enabled_count > 1 and resolveOrValue('interlocking_enable')","2 * wall_line_width_0","cura","10","0",""
"interlocking_orientation","Interlocking Structure Orientation","Dual Extrusion","General","21","VT_FLOAT","NUMERIC_BOX","22.5","","","0.01","","°","Cura path: Dual Extrusion > Interlocking Structure Orientation. Source: Cura/resources/definitions/fdmprinter.def.json. Cura enabled expression: extruders_enabled_count > 1 and resolveOrValue('interlocking_enable').","true","","extruders_enabled_count > 1 and resolveOrValue('interlocking_enable')","","cura","10","0",""
"interlocking_beam_layer_count","Interlocking Beam Layer Count","Dual Extrusion","General","22","VT_INT","NUMERIC_BOX","2","","","1","","","Cura path: Dual Extrusion > Interlocking Beam Layer Count. Source: Cura/resources/definitions/fdmprinter.def.json. Cura enabled expression: extruders_enabled_count > 1 and resolveOrValue('interlocking_enable').","true","","extruders_enabled_count > 1 and resolveOrValue('interlocking_enable')","","cura","10","0",""
"interlocking_depth","Interlocking Depth","Dual Extrusion","General","23","VT_INT","NUMERIC_BOX","2","","","1","","","Cura path: Dual Extrusion > Interlocking Depth. Source: Cura/resources/definitions/fdmprinter.def.json. Cura enabled expression: extruders_enabled_count > 1 and resolveOrValue('interlocking_enable').","true","","extruders_enabled_count > 1 and resolveOrValue('interlocking_enable')","","cura","10","0",""
"interlocking_boundary_avoidance","Interlocking Boundary Avoidance","Dual Extrusion","General","24","VT_INT","NUMERIC_BOX","2","","","1","","","Cura path: Dual Extrusion > Interlocking Boundary Avoidance. Source: Cura/resources/definitions/fdmprinter.def.json. Cura enabled expression: extruders_enabled_count > 1 and resolveOrValue('interlocking_enable').","true","","extruders_enabled_count > 1 and resolveOrValue('interlocking_enable')","","cura","10","0",""
"multi_material_paint_resolution","Multi-material Precision","Dual Extrusion","General","25","VT_FLOAT","NUMERIC_BOX","0.2","","","0.01","","mm","Cura path: Dual Extrusion > Multi-material Precision. Source: Cura/resources/definitions/fdmprinter.def.json. Cura value expression: min(line_width / 2, layer_height). Cura enabled expression: extruders_enabled_count > 1.","true","","extruders_enabled_count > 1","min(line_width / 2, layer_height)","cura","10","0",""
"multi_material_paint_depth","Multi-material Depth","Dual Extrusion","General","26","VT_FLOAT","NUMERIC_BOX","4","","","0.01","","mm","Cura path: Dual Extrusion > Multi-material Depth. Source: Cura/resources/definitions/fdmprinter.def.json. Cura value expression: line_width * 10. Cura enabled expression: extruders_enabled_count > 1.","true","","extruders_enabled_count > 1","line_width * 10","cura","10","0",""
"switch_extruder_retraction_speeds","Nozzle Switch Retraction Speed","Dual Extrusion","Nozzle Switch Retraction Speed","0","VT_FLOAT","NUMERIC_BOX","20","","","0.01","","mm/s","Cura path: Dual Extrusion > Nozzle Switch Retraction Speed. Source: Cura/resources/definitions/fdmprinter.def.json. Cura enabled expression: retraction_enable and extruders_enabled_count > 1.","true","","retraction_enable and extruders_enabled_count > 1","","cura","10","1",""
"switch_extruder_retraction_speed","Nozzle Switch Retract Speed","Dual Extrusion","Nozzle Switch Retraction Speed","1","VT_FLOAT","NUMERIC_BOX","20","","","0.01","","mm/s","Cura path: Dual Extrusion > Nozzle Switch Retraction Speed > Nozzle Switch Retract Speed. Source: Cura/resources/definitions/fdmprinter.def.json. Cura value expression: switch_extruder_retraction_speeds. Cura enabled expression: retraction_enable and extruders_enabled_count > 1.","true","","retraction_enable and extruders_enabled_count > 1","switch_extruder_retraction_speeds","cura","10","1",""
"switch_extruder_prime_speed","Nozzle Switch Prime Speed","Dual Extrusion","Nozzle Switch Retraction Speed","2","VT_FLOAT","NUMERIC_BOX","20","","","0.01","","mm/s","Cura path: Dual Extrusion > Nozzle Switch Retraction Speed > Nozzle Switch Prime Speed. Source: Cura/resources/definitions/fdmprinter.def.json. Cura value expression: switch_extruder_retraction_speeds. Cura enabled expression: retraction_enable and extruders_enabled_count > 1.","true","","retraction_enable and extruders_enabled_count > 1","switch_extruder_retraction_speeds","cura","10","1",""
"meshfix_union_all","Union Overlapping Volumes","Mesh Fixes","General","0","VT_BOOL","CHECK_BOX","true","","","","","","Cura path: Mesh Fixes > Union Overlapping Volumes. Source: Cura/resources/definitions/fdmprinter.def.json. Cura value expression: magic_mesh_surface_mode != 'surface'.","true","","","magic_mesh_surface_mode != 'surface'","cura","11","0",""
"meshfix_union_all_remove_holes","Remove All Holes","Mesh Fixes","General","1","VT_BOOL","CHECK_BOX","false","","","","","","Cura path: Mesh Fixes > Remove All Holes. Source: Cura/resources/definitions/fdmprinter.def.json. Cura value expression: magic_spiralize.","true","","","magic_spiralize","cura","11","0",""
"meshfix_extensive_stitching","Extensive Stitching","Mesh Fixes","General","2","VT_BOOL","CHECK_BOX","false","","","","","","Cura path: Mesh Fixes > Extensive Stitching. Source: Cura/resources/definitions/fdmprinter.def.json.","true","","","","","11","0",""
"meshfix_keep_open_polygons","Keep Disconnected Faces","Mesh Fixes","General","3","VT_BOOL","CHECK_BOX","false","","","","","","Cura path: Mesh Fixes > Keep Disconnected Faces. Source: Cura/resources/definitions/fdmprinter.def.json.","true","","","","","11","0",""
"multiple_mesh_overlap","Merged Meshes Overlap","Mesh Fixes","General","4","VT_FLOAT","NUMERIC_BOX","0.15","","","0.01","","mm","Cura path: Mesh Fixes > Merged Meshes Overlap. Source: Cura/resources/definitions/fdmprinter.def.json.","true","","","","","11","0",""
"carve_multiple_volumes","Remove Mesh Intersection","Mesh Fixes","General","5","VT_BOOL","CHECK_BOX","true","","","","","","Cura path: Mesh Fixes > Remove Mesh Intersection. Source: Cura/resources/definitions/fdmprinter.def.json. Cura value expression: extruders_enabled_count > 1. Cura enabled expression: all(p != 'surface' for p in extruderValues('magic_mesh_surface_mode')).","true","","all(p != 'surface' for p in extruderValues('magic_mesh_surface_mode'))","extruders_enabled_count > 1","cura","11","0",""
"alternate_carve_order","Alternate Mesh Removal","Mesh Fixes","General","6","VT_BOOL","CHECK_BOX","true","","","","","","Cura path: Mesh Fixes > Alternate Mesh Removal. Source: Cura/resources/definitions/fdmprinter.def.json. Cura enabled expression: carve_multiple_volumes and all(p != 'surface' for p in extruderValues('magic_mesh_surface_mode')).","true","","carve_multiple_volumes and all(p != 'surface' for p in extruderValues('magic_mesh_surface_mode'))","","cura","11","0",""
"remove_empty_first_layers","Remove Empty First Layers","Mesh Fixes","General","7","VT_BOOL","CHECK_BOX","true","","","","","","Cura path: Mesh Fixes > Remove Empty First Layers. Source: Cura/resources/definitions/fdmprinter.def.json. Cura enabled expression: not (support_enable or support_meshes_present).","true","","not (support_enable or support_meshes_present)","","cura","11","0",""
"meshfix_maximum_resolution","Maximum Resolution","Mesh Fixes","General","8","VT_FLOAT","NUMERIC_BOX","0.5","","","0.01","","mm","Cura path: Mesh Fixes > Maximum Resolution. Source: Cura/resources/definitions/fdmprinter.def.json.","true","","","","","11","0",""
"meshfix_maximum_travel_resolution","Maximum Travel Resolution","Mesh Fixes","General","9","VT_FLOAT","NUMERIC_BOX","1.0","","","0.01","","mm","Cura path: Mesh Fixes > Maximum Travel Resolution. Source: Cura/resources/definitions/fdmprinter.def.json. Cura value expression: min(meshfix_maximum_resolution * speed_travel / speed_print, 2 * line_width).","true","","","min(meshfix_maximum_resolution * speed_travel / speed_print, 2 * line_width)","cura","11","0",""
"meshfix_maximum_deviation","Maximum Deviation","Mesh Fixes","General","10","VT_FLOAT","NUMERIC_BOX","0.025","","","0.01","","mm","Cura path: Mesh Fixes > Maximum Deviation. Source: Cura/resources/definitions/fdmprinter.def.json.","true","","","","","11","0",""
"meshfix_maximum_extrusion_area_deviation","Maximum Extrusion Area Deviation","Mesh Fixes","General","11","VT_FLOAT","NUMERIC_BOX","50000","","","0.01","","μm²","Cura path: Mesh Fixes > Maximum Extrusion Area Deviation. Source: Cura/resources/definitions/fdmprinter.def.json.","true","","","","","11","0",""
"meshfix_fluid_motion_enabled","Enable Fluid Motion","Mesh Fixes","General","12","VT_BOOL","CHECK_BOX","true","","","","","","Cura path: Mesh Fixes > Enable Fluid Motion. Source: Cura/resources/definitions/fdmprinter.def.json.","true","","","","","11","0",""
"meshfix_fluid_motion_shift_distance","Fluid Motion Shift Distance","Mesh Fixes","General","13","VT_FLOAT","NUMERIC_BOX","0.1","","","0.01","","mm","Cura path: Mesh Fixes > Fluid Motion Shift Distance. Source: Cura/resources/definitions/fdmprinter.def.json. Cura enabled expression: meshfix_fluid_motion_enabled.","true","","meshfix_fluid_motion_enabled","","cura","11","0",""
"meshfix_fluid_motion_small_distance","Fluid Motion Small Distance","Mesh Fixes","General","14","VT_FLOAT","NUMERIC_BOX","0.01","","","0.01","","mm","Cura path: Mesh Fixes > Fluid Motion Small Distance. Source: Cura/resources/definitions/fdmprinter.def.json. Cura enabled expression: meshfix_fluid_motion_enabled.","true","","meshfix_fluid_motion_enabled","","cura","11","0",""
"meshfix_fluid_motion_angle","Fluid Motion Angle","Mesh Fixes","General","15","VT_FLOAT","NUMERIC_BOX","15","","","0.01","","°","Cura path: Mesh Fixes > Fluid Motion Angle. Source: Cura/resources/definitions/fdmprinter.def.json. Cura enabled expression: meshfix_fluid_motion_enabled.","true","","meshfix_fluid_motion_enabled","","cura","11","0",""
"print_sequence","Print Sequence","Special Modes","General","0","VT_ENUM","COMBO_BOX","all_at_once","","","","all_at_once;one_at_a_time","","Cura path: Special Modes > Print Sequence. Source: Cura/resources/definitions/fdmprinter.def.json. Cura enabled expression: extruders_enabled_count == 1.","true","","extruders_enabled_count == 1","","cura","12","0","all_at_once| param($m) $m.Value.ToUpperInvariant() ll  param($m) $m.Value.ToUpperInvariant() t  param($m) $m.Value.ToUpperInvariant() nce|;one_at_a_time| param($m) $m.Value.ToUpperInvariant() ne  param($m) $m.Value.ToUpperInvariant() t  param($m) $m.Value.ToUpperInvariant()   param($m) $m.Value.ToUpperInvariant() ime|"
"user_defined_print_order_enabled","Set Print Sequence Manually","Special Modes","General","1","VT_BOOL","CHECK_BOX","false","","","","","","Cura path: Special Modes > Set Print Sequence Manually. Source: Cura/resources/definitions/fdmprinter.def.json. Cura enabled expression: print_sequence == 'one_at_a_time'.","true","","print_sequence == 'one_at_a_time'","","cura","12","0",""
"infill_mesh","Infill Mesh","Special Modes","General","2","VT_BOOL","CHECK_BOX","false","","","","","","Cura path: Special Modes > Infill Mesh. Source: Cura/resources/definitions/fdmprinter.def.json.","true","","","","","12","0",""
"infill_mesh_order","Mesh Processing Rank","Special Modes","General","3","VT_INT","NUMERIC_BOX","0","","","1","","","Cura path: Special Modes > Mesh Processing Rank. Source: Cura/resources/definitions/fdmprinter.def.json. Cura value expression: 1 if infill_mesh else 0.","true","","","1 if infill_mesh else 0","cura","12","0",""
"cutting_mesh","Cutting Mesh","Special Modes","General","4","VT_BOOL","CHECK_BOX","false","","","","","","Cura path: Special Modes > Cutting Mesh. Source: Cura/resources/definitions/fdmprinter.def.json.","true","","","","","12","0",""
"mold_enabled","Mold","Special Modes","General","5","VT_BOOL","CHECK_BOX","false","","","","","","Cura path: Special Modes > Mold. Source: Cura/resources/definitions/fdmprinter.def.json.","true","","","","","12","0",""
"mold_width","Minimal Mold Width","Special Modes","General","6","VT_FLOAT","NUMERIC_BOX","5","","","0.01","","mm","Cura path: Special Modes > Minimal Mold Width. Source: Cura/resources/definitions/fdmprinter.def.json. Cura enabled expression: mold_enabled.","true","","mold_enabled","","cura","12","0",""
"mold_roof_height","Mold Roof Height","Special Modes","General","7","VT_FLOAT","NUMERIC_BOX","0.5","","","0.01","","mm","Cura path: Special Modes > Mold Roof Height. Source: Cura/resources/definitions/fdmprinter.def.json. Cura enabled expression: mold_enabled.","true","","mold_enabled","","cura","12","0",""
"mold_angle","Mold Angle","Special Modes","General","8","VT_FLOAT","NUMERIC_BOX","40","","","0.01","","°","Cura path: Special Modes > Mold Angle. Source: Cura/resources/definitions/fdmprinter.def.json. Cura enabled expression: mold_enabled.","true","","mold_enabled","","cura","12","0",""
"support_mesh","Support Mesh","Special Modes","General","9","VT_BOOL","CHECK_BOX","false","","","","","","Cura path: Special Modes > Support Mesh. Source: Cura/resources/definitions/fdmprinter.def.json.","true","","","","","12","0",""
"anti_overhang_mesh","Anti Overhang Mesh","Special Modes","General","10","VT_BOOL","CHECK_BOX","false","","","","","","Cura path: Special Modes > Anti Overhang Mesh. Source: Cura/resources/definitions/fdmprinter.def.json.","true","","","","","12","0",""
"magic_mesh_surface_mode","Surface Mode","Special Modes","General","11","VT_ENUM","COMBO_BOX","normal","","","","normal;surface;both","","Cura path: Special Modes > Surface Mode. Source: Cura/resources/definitions/fdmprinter.def.json.","true","","","","","12","0","normal| param($m) $m.Value.ToUpperInvariant() ormal|;surface| param($m) $m.Value.ToUpperInvariant() urface|;both| param($m) $m.Value.ToUpperInvariant() oth|"
"magic_spiralize","Spiralize Outer Contour","Special Modes","General","12","VT_BOOL","CHECK_BOX","false","","","","","","Cura path: Special Modes > Spiralize Outer Contour. Source: Cura/resources/definitions/fdmprinter.def.json.","true","","","","","12","0",""
"smooth_spiralized_contours","Smooth Spiralized Contours","Special Modes","General","13","VT_BOOL","CHECK_BOX","true","","","","","","Cura path: Special Modes > Smooth Spiralized Contours. Source: Cura/resources/definitions/fdmprinter.def.json. Cura enabled expression: magic_spiralize.","true","","magic_spiralize","","cura","12","0",""
"relative_extrusion","Relative Extrusion","Special Modes","General","14","VT_BOOL","CHECK_BOX","false","","","","","","Cura path: Special Modes > Relative Extrusion. Source: Cura/resources/definitions/fdmprinter.def.json. Cura value expression: machine_gcode_flavor==""RepRap (RepRap)"".","true","","","machine_gcode_flavor==""RepRap (RepRap)""","cura","12","0",""
"slicing_tolerance","Slicing Tolerance","Experimental","General","0","VT_ENUM","COMBO_BOX","middle","","","","middle;exclusive;inclusive","","Cura path: Experimental > Slicing Tolerance. Source: Cura/resources/definitions/fdmprinter.def.json.","true","","","","","13","0","middle| param($m) $m.Value.ToUpperInvariant() iddle|;exclusive| param($m) $m.Value.ToUpperInvariant() xclusive|;inclusive| param($m) $m.Value.ToUpperInvariant() nclusive|"
"infill_enable_travel_optimization","Infill Travel Optimization","Experimental","General","1","VT_BOOL","CHECK_BOX","false","","","","","","Cura path: Experimental > Infill Travel Optimization. Source: Cura/resources/definitions/fdmprinter.def.json. Cura enabled expression: resolveOrValue('retraction_combing') != 'off'.","true","","resolveOrValue('retraction_combing') != 'off'","","cura","13","0",""
"minimum_polygon_circumference","Minimum Polygon Circumference","Experimental","General","2","VT_FLOAT","NUMERIC_BOX","1.0","","","0.01","","mm","Cura path: Experimental > Minimum Polygon Circumference. Source: Cura/resources/definitions/fdmprinter.def.json.","true","","","","","13","0",""
"support_skip_some_zags","Break Up Support In Chunks","Experimental","General","3","VT_BOOL","CHECK_BOX","false","","","","","","Cura path: Experimental > Break Up Support In Chunks. Source: Cura/resources/definitions/fdmprinter.def.json. Cura enabled expression: (support_enable  or support_meshes_present) and support_pattern == 'zigzag'.","true","","(support_enable  or support_meshes_present) and support_pattern == 'zigzag'","","cura","13","0",""
"draft_shield_enabled","Enable Draft Shield","Experimental","General","4","VT_BOOL","CHECK_BOX","false","","","","","","Cura path: Experimental > Enable Draft Shield. Source: Cura/resources/definitions/fdmprinter.def.json.","true","","","","","13","0",""
"draft_shield_dist","Draft Shield X/Y Distance","Experimental","General","5","VT_FLOAT","NUMERIC_BOX","10","","","0.01","","mm","Cura path: Experimental > Draft Shield X/Y Distance. Source: Cura/resources/definitions/fdmprinter.def.json. Cura enabled expression: draft_shield_enabled.","true","","draft_shield_enabled","","cura","13","0",""
"draft_shield_height_limitation","Draft Shield Limitation","Experimental","General","6","VT_ENUM","COMBO_BOX","full","","","","full;limited","","Cura path: Experimental > Draft Shield Limitation. Source: Cura/resources/definitions/fdmprinter.def.json. Cura enabled expression: draft_shield_enabled.","true","","draft_shield_enabled","","cura","13","0","full| param($m) $m.Value.ToUpperInvariant() ull|;limited| param($m) $m.Value.ToUpperInvariant() imited|"
"draft_shield_height","Draft Shield Height","Experimental","General","7","VT_FLOAT","NUMERIC_BOX","10","","","0.01","","mm","Cura path: Experimental > Draft Shield Height. Source: Cura/resources/definitions/fdmprinter.def.json. Cura value expression: 10. Cura enabled expression: draft_shield_enabled and draft_shield_height_limitation == 'limited'.","true","","draft_shield_enabled and draft_shield_height_limitation == 'limited'","10","cura","13","0",""
"conical_overhang_enabled","Make Overhang Printable","Experimental","General","8","VT_BOOL","CHECK_BOX","false","","","","","","Cura path: Experimental > Make Overhang Printable. Source: Cura/resources/definitions/fdmprinter.def.json.","true","","","","","13","0",""
"conical_overhang_angle","Maximum Model Angle","Experimental","General","9","VT_FLOAT","NUMERIC_BOX","50","","","0.01","","°","Cura path: Experimental > Maximum Model Angle. Source: Cura/resources/definitions/fdmprinter.def.json. Cura enabled expression: conical_overhang_enabled.","true","","conical_overhang_enabled","","cura","13","0",""
"conical_overhang_hole_size","Maximum Overhang Hole Area","Experimental","General","10","VT_FLOAT","NUMERIC_BOX","0","","","0.01","","mm²","Cura path: Experimental > Maximum Overhang Hole Area. Source: Cura/resources/definitions/fdmprinter.def.json. Cura enabled expression: conical_overhang_enabled.","true","","conical_overhang_enabled","","cura","13","0",""
"coasting_enable","Enable Coasting","Experimental","General","11","VT_BOOL","CHECK_BOX","false","","","","","","Cura path: Experimental > Enable Coasting. Source: Cura/resources/definitions/fdmprinter.def.json.","true","","","","","13","0",""
"coasting_volume","Coasting Volume","Experimental","General","12","VT_FLOAT","NUMERIC_BOX","0.064","","","0.01","","mm³","Cura path: Experimental > Coasting Volume. Source: Cura/resources/definitions/fdmprinter.def.json. Cura enabled expression: coasting_enable.","true","","coasting_enable","","cura","13","0",""
"coasting_min_volume","Minimum Volume Before Coasting","Experimental","General","13","VT_FLOAT","NUMERIC_BOX","0.8","","","0.01","","mm³","Cura path: Experimental > Minimum Volume Before Coasting. Source: Cura/resources/definitions/fdmprinter.def.json. Cura enabled expression: coasting_enable.","true","","coasting_enable","","cura","13","0",""
"coasting_speed","Coasting Speed","Experimental","General","14","VT_FLOAT","NUMERIC_BOX","90","","","0.01","","%","Cura path: Experimental > Coasting Speed. Source: Cura/resources/definitions/fdmprinter.def.json. Cura enabled expression: coasting_enable.","true","","coasting_enable","","cura","13","0",""
"cross_infill_pocket_size","Cross 3D Pocket Size","Experimental","General","15","VT_FLOAT","NUMERIC_BOX","2.0","","","0.01","","mm","Cura path: Experimental > Cross 3D Pocket Size. Source: Cura/resources/definitions/fdmprinter.def.json. Cura value expression: infill_line_distance. Cura enabled expression: infill_pattern == 'cross_3d'.","true","","infill_pattern == 'cross_3d'","infill_line_distance","cura","13","0",""
"support_conical_enabled","Enable Conical Support","Experimental","General","16","VT_BOOL","CHECK_BOX","false","","","","","","Cura path: Experimental > Enable Conical Support. Source: Cura/resources/definitions/fdmprinter.def.json. Cura enabled expression: support_enable and support_structure != 'tree'.","true","","support_enable and support_structure != 'tree'","","cura","13","0",""
"support_conical_angle","Conical Support Angle","Experimental","General","17","VT_FLOAT","NUMERIC_BOX","30","","","0.01","","°","Cura path: Experimental > Conical Support Angle. Source: Cura/resources/definitions/fdmprinter.def.json. Cura enabled expression: support_conical_enabled and support_enable and support_structure != 'tree'.","true","","support_conical_enabled and support_enable and support_structure != 'tree'","","cura","13","0",""
"support_conical_min_width","Conical Support Minimum Width","Experimental","General","18","VT_FLOAT","NUMERIC_BOX","5.0","","","0.01","","mm","Cura path: Experimental > Conical Support Minimum Width. Source: Cura/resources/definitions/fdmprinter.def.json. Cura enabled expression: support_conical_enabled and support_enable and support_structure != 'tree' and support_conical_angle > 0.","true","","support_conical_enabled and support_enable and support_structure != 'tree' and support_conical_angle > 0","","cura","13","0",""
"magic_fuzzy_skin_enabled","Fuzzy Skin","Experimental","General","19","VT_BOOL","CHECK_BOX","false","","","","","","Cura path: Experimental > Fuzzy Skin. Source: Cura/resources/definitions/fdmprinter.def.json. Cura enabled expression: not interlocking_enable.","true","","not interlocking_enable","","cura","13","0",""
"magic_fuzzy_skin_outside_only","Fuzzy Skin Outside Only","Experimental","General","20","VT_BOOL","CHECK_BOX","false","","","","","","Cura path: Experimental > Fuzzy Skin Outside Only. Source: Cura/resources/definitions/fdmprinter.def.json. Cura enabled expression: magic_fuzzy_skin_enabled and not interlocking_enable.","true","","magic_fuzzy_skin_enabled and not interlocking_enable","","cura","13","0",""
"magic_fuzzy_skin_thickness","Fuzzy Skin Thickness","Experimental","General","21","VT_FLOAT","NUMERIC_BOX","0.3","","","0.01","","mm","Cura path: Experimental > Fuzzy Skin Thickness. Source: Cura/resources/definitions/fdmprinter.def.json. Cura enabled expression: magic_fuzzy_skin_enabled and not interlocking_enable.","true","","magic_fuzzy_skin_enabled and not interlocking_enable","","cura","13","0",""
"flow_rate_max_extrusion_offset","Flow Rate Compensation Max Extrusion Offset","Experimental","General","22","VT_FLOAT","NUMERIC_BOX","0","","","0.01","","mm","Cura path: Experimental > Flow Rate Compensation Max Extrusion Offset. Source: Cura/resources/definitions/fdmprinter.def.json.","true","","","","","13","0",""
"flow_rate_extrusion_offset_factor","Flow Rate Compensation Factor","Experimental","General","23","VT_FLOAT","NUMERIC_BOX","100","","","0.01","","%","Cura path: Experimental > Flow Rate Compensation Factor. Source: Cura/resources/definitions/fdmprinter.def.json.","true","","","","","13","0",""
"adaptive_layer_height_enabled","Use Adaptive Layers","Experimental","General","24","VT_BOOL","CHECK_BOX","false","","","","","","Cura path: Experimental > Use Adaptive Layers. Source: Cura/resources/definitions/fdmprinter.def.json.","true","","","","","13","0",""
"adaptive_layer_height_variation","Adaptive Layers Maximum Variation","Experimental","General","25","VT_FLOAT","NUMERIC_BOX","0.1","","","0.01","","mm","Cura path: Experimental > Adaptive Layers Maximum Variation. Source: Cura/resources/definitions/fdmprinter.def.json. Cura enabled expression: adaptive_layer_height_enabled.","true","","adaptive_layer_height_enabled","","cura","13","0",""
"adaptive_layer_height_variation_step","Adaptive Layers Variation Step Size","Experimental","General","26","VT_FLOAT","NUMERIC_BOX","0.01","","","0.01","","mm","Cura path: Experimental > Adaptive Layers Variation Step Size. Source: Cura/resources/definitions/fdmprinter.def.json. Cura enabled expression: adaptive_layer_height_enabled.","true","","adaptive_layer_height_enabled","","cura","13","0",""
"adaptive_layer_height_threshold","Adaptive Layers Topography Size","Experimental","General","27","VT_FLOAT","NUMERIC_BOX","0.2","","","0.01","","mm","Cura path: Experimental > Adaptive Layers Topography Size. Source: Cura/resources/definitions/fdmprinter.def.json. Cura enabled expression: adaptive_layer_height_enabled.","true","","adaptive_layer_height_enabled","","cura","13","0",""
"wall_overhang_angle","Overhanging Wall Angle","Experimental","General","28","VT_FLOAT","NUMERIC_BOX","90","","","0.01","","°","Cura path: Experimental > Overhanging Wall Angle. Source: Cura/resources/definitions/fdmprinter.def.json.","true","","","","","13","0",""
"cool_min_layer_time_overhang","Minimum Layer Time with Overhang","Experimental","General","29","VT_FLOAT","NUMERIC_BOX","5","","","0.01","","s","Cura path: Experimental > Minimum Layer Time with Overhang. Source: Cura/resources/definitions/fdmprinter.def.json. Cura value expression: cool_min_layer_time. Cura enabled expression: wall_overhang_angle < 90.","true","","wall_overhang_angle < 90","cool_min_layer_time","cura","13","0",""
"cool_min_layer_time_overhang_min_segment_length","Minimum Overhang Segment Length","Experimental","General","30","VT_FLOAT","NUMERIC_BOX","5","","","0.01","","mm","Cura path: Experimental > Minimum Overhang Segment Length. Source: Cura/resources/definitions/fdmprinter.def.json. Cura enabled expression: wall_overhang_angle < 90.","true","","wall_overhang_angle < 90","","cura","13","0",""
"seam_overhang_angle","Seam Overhanging Wall Angle","Experimental","General","31","VT_FLOAT","NUMERIC_BOX","90","","","0.01","","°","Cura path: Experimental > Seam Overhanging Wall Angle. Source: Cura/resources/definitions/fdmprinter.def.json. Cura value expression: support_angle.","true","","","support_angle","cura","13","0",""
"wall_overhang_speed_factors","Overhanging Wall Speeds","Experimental","General","32","VT_STRING","TEXT_BOX","[100]","","","","","%","Cura path: Experimental > Overhanging Wall Speeds. Source: Cura/resources/definitions/fdmprinter.def.json. List value encoded as text for ParameterValue.string_value. Cura enabled expression: wall_overhang_angle < 90.","true","","wall_overhang_angle < 90","","cura","13","0",""
"bridge_settings_enabled","Enable Bridge Settings","Experimental","General","33","VT_BOOL","CHECK_BOX","false","","","","","","Cura path: Experimental > Enable Bridge Settings. Source: Cura/resources/definitions/fdmprinter.def.json.","true","","","","","13","0",""
"bridge_wall_min_length","Minimum Bridge Wall Length","Experimental","General","34","VT_FLOAT","NUMERIC_BOX","5","","","0.01","","mm","Cura path: Experimental > Minimum Bridge Wall Length. Source: Cura/resources/definitions/fdmprinter.def.json. Cura value expression: line_width + support_xy_distance + 1.0. Cura enabled expression: bridge_settings_enabled.","true","","bridge_settings_enabled","line_width + support_xy_distance + 1.0","cura","13","0",""
"bridge_skin_support_threshold","Bridge Skin Support Threshold","Experimental","General","35","VT_FLOAT","NUMERIC_BOX","50","","","0.01","","%","Cura path: Experimental > Bridge Skin Support Threshold. Source: Cura/resources/definitions/fdmprinter.def.json. Cura enabled expression: bridge_settings_enabled.","true","","bridge_settings_enabled","","cura","13","0",""
"bridge_wall_coast","Bridge Wall Coasting","Experimental","General","36","VT_FLOAT","NUMERIC_BOX","100","","","0.01","","%","Cura path: Experimental > Bridge Wall Coasting. Source: Cura/resources/definitions/fdmprinter.def.json. Cura enabled expression: bridge_settings_enabled.","true","","bridge_settings_enabled","","cura","13","0",""
"bridge_wall_speed","Bridge Wall Speed","Experimental","General","37","VT_FLOAT","NUMERIC_BOX","15","","","0.01","","mm/s","Cura path: Experimental > Bridge Wall Speed. Source: Cura/resources/definitions/fdmprinter.def.json. Cura value expression: max(cool_min_speed, speed_wall_0 / 2). Cura enabled expression: bridge_settings_enabled.","true","","bridge_settings_enabled","max(cool_min_speed, speed_wall_0 / 2)","cura","13","0",""
"bridge_wall_material_flow","Bridge Wall Flow","Experimental","General","38","VT_FLOAT","NUMERIC_BOX","50","","","0.01","","%","Cura path: Experimental > Bridge Wall Flow. Source: Cura/resources/definitions/fdmprinter.def.json. Cura enabled expression: bridge_settings_enabled.","true","","bridge_settings_enabled","","cura","13","0",""
"bridge_skin_speed","Bridge Skin Speed","Experimental","General","39","VT_FLOAT","NUMERIC_BOX","15","","","0.01","","mm/s","Cura path: Experimental > Bridge Skin Speed. Source: Cura/resources/definitions/fdmprinter.def.json. Cura value expression: max(cool_min_speed, speed_topbottom / 2). Cura enabled expression: bridge_settings_enabled.","true","","bridge_settings_enabled","max(cool_min_speed, speed_topbottom / 2)","cura","13","0",""
"bridge_skin_material_flow","Bridge Skin Flow","Experimental","General","40","VT_FLOAT","NUMERIC_BOX","60","","","0.01","","%","Cura path: Experimental > Bridge Skin Flow. Source: Cura/resources/definitions/fdmprinter.def.json. Cura enabled expression: bridge_settings_enabled.","true","","bridge_settings_enabled","","cura","13","0",""
"bridge_skin_density","Bridge Skin Density","Experimental","General","41","VT_FLOAT","NUMERIC_BOX","100","","","0.01","","%","Cura path: Experimental > Bridge Skin Density. Source: Cura/resources/definitions/fdmprinter.def.json. Cura enabled expression: bridge_settings_enabled.","true","","bridge_settings_enabled","","cura","13","0",""
"bridge_fan_speed","Bridge Fan Speed","Experimental","General","42","VT_FLOAT","NUMERIC_BOX","100","","","0.01","","%","Cura path: Experimental > Bridge Fan Speed. Source: Cura/resources/definitions/fdmprinter.def.json. Cura enabled expression: bridge_settings_enabled.","true","","bridge_settings_enabled","","cura","13","0",""
"bridge_interlace_lines","Interlace Bridge Lines","Experimental","General","43","VT_BOOL","CHECK_BOX","false","","","","","","Cura path: Experimental > Interlace Bridge Lines. Source: Cura/resources/definitions/fdmprinter.def.json. Cura enabled expression: bridge_settings_enabled.","true","","bridge_settings_enabled","","cura","13","0",""
"bridge_enable_more_layers","Bridge Has Multiple Layers","Experimental","General","44","VT_BOOL","CHECK_BOX","true","","","","","","Cura path: Experimental > Bridge Has Multiple Layers. Source: Cura/resources/definitions/fdmprinter.def.json. Cura enabled expression: bridge_settings_enabled.","true","","bridge_settings_enabled","","cura","13","0",""
"bridge_skin_speed_2","Bridge Second Skin Speed","Experimental","General","45","VT_FLOAT","NUMERIC_BOX","25","","","0.01","","mm/s","Cura path: Experimental > Bridge Second Skin Speed. Source: Cura/resources/definitions/fdmprinter.def.json. Cura value expression: bridge_skin_speed. Cura enabled expression: bridge_settings_enabled and bridge_enable_more_layers.","true","","bridge_settings_enabled and bridge_enable_more_layers","bridge_skin_speed","cura","13","0",""
"bridge_skin_material_flow_2","Bridge Second Skin Flow","Experimental","General","46","VT_FLOAT","NUMERIC_BOX","100","","","0.01","","%","Cura path: Experimental > Bridge Second Skin Flow. Source: Cura/resources/definitions/fdmprinter.def.json. Cura enabled expression: bridge_settings_enabled and bridge_enable_more_layers.","true","","bridge_settings_enabled and bridge_enable_more_layers","","cura","13","0",""
"bridge_skin_density_2","Bridge Second Skin Density","Experimental","General","47","VT_FLOAT","NUMERIC_BOX","75","","","0.01","","%","Cura path: Experimental > Bridge Second Skin Density. Source: Cura/resources/definitions/fdmprinter.def.json. Cura enabled expression: bridge_settings_enabled and bridge_enable_more_layers.","true","","bridge_settings_enabled and bridge_enable_more_layers","","cura","13","0",""
"bridge_fan_speed_2","Bridge Second Skin Fan Speed","Experimental","General","48","VT_FLOAT","NUMERIC_BOX","0","","","0.01","","%","Cura path: Experimental > Bridge Second Skin Fan Speed. Source: Cura/resources/definitions/fdmprinter.def.json. Cura enabled expression: bridge_settings_enabled and bridge_enable_more_layers.","true","","bridge_settings_enabled and bridge_enable_more_layers","","cura","13","0",""
"bridge_skin_speed_3","Bridge Third Skin Speed","Experimental","General","49","VT_FLOAT","NUMERIC_BOX","15","","","0.01","","mm/s","Cura path: Experimental > Bridge Third Skin Speed. Source: Cura/resources/definitions/fdmprinter.def.json. Cura value expression: bridge_skin_speed. Cura enabled expression: bridge_settings_enabled and bridge_enable_more_layers.","true","","bridge_settings_enabled and bridge_enable_more_layers","bridge_skin_speed","cura","13","0",""
"bridge_skin_material_flow_3","Bridge Third Skin Flow","Experimental","General","50","VT_FLOAT","NUMERIC_BOX","110","","","0.01","","%","Cura path: Experimental > Bridge Third Skin Flow. Source: Cura/resources/definitions/fdmprinter.def.json. Cura enabled expression: bridge_settings_enabled and bridge_enable_more_layers.","true","","bridge_settings_enabled and bridge_enable_more_layers","","cura","13","0",""
"bridge_skin_density_3","Bridge Third Skin Density","Experimental","General","51","VT_FLOAT","NUMERIC_BOX","80","","","0.01","","%","Cura path: Experimental > Bridge Third Skin Density. Source: Cura/resources/definitions/fdmprinter.def.json. Cura enabled expression: bridge_settings_enabled and bridge_enable_more_layers.","true","","bridge_settings_enabled and bridge_enable_more_layers","","cura","13","0",""
"bridge_fan_speed_3","Bridge Third Skin Fan Speed","Experimental","General","52","VT_FLOAT","NUMERIC_BOX","0","","","0.01","","%","Cura path: Experimental > Bridge Third Skin Fan Speed. Source: Cura/resources/definitions/fdmprinter.def.json. Cura enabled expression: bridge_settings_enabled and bridge_enable_more_layers.","true","","bridge_settings_enabled and bridge_enable_more_layers","","cura","13","0",""
"clean_between_layers","Wipe Nozzle Between Layers","Experimental","General","53","VT_BOOL","CHECK_BOX","false","","","","","","Cura path: Experimental > Wipe Nozzle Between Layers. Source: Cura/resources/definitions/fdmprinter.def.json.","true","","","","","13","0",""
"max_extrusion_before_wipe","Material Volume Between Wipes","Experimental","General","54","VT_FLOAT","NUMERIC_BOX","10","","","0.01","","mm³","Cura path: Experimental > Material Volume Between Wipes. Source: Cura/resources/definitions/fdmprinter.def.json. Cura enabled expression: clean_between_layers.","true","","clean_between_layers","","cura","13","0",""
"wipe_retraction_enable","Wipe Retraction Enable","Experimental","General","55","VT_BOOL","CHECK_BOX","true","","","","","","Cura path: Experimental > Wipe Retraction Enable. Source: Cura/resources/definitions/fdmprinter.def.json. Cura value expression: retraction_enable. Cura enabled expression: clean_between_layers.","true","","clean_between_layers","retraction_enable","cura","13","0",""
"wipe_retraction_amount","Wipe Retraction Distance","Experimental","General","56","VT_FLOAT","NUMERIC_BOX","1","","","0.01","","mm","Cura path: Experimental > Wipe Retraction Distance. Source: Cura/resources/definitions/fdmprinter.def.json. Cura value expression: retraction_amount. Cura enabled expression: wipe_retraction_enable and clean_between_layers.","true","","wipe_retraction_enable and clean_between_layers","retraction_amount","cura","13","0",""
"wipe_retraction_extra_prime_amount","Wipe Retraction Extra Prime Amount","Experimental","General","57","VT_FLOAT","NUMERIC_BOX","0","","","0.01","","mm³","Cura path: Experimental > Wipe Retraction Extra Prime Amount. Source: Cura/resources/definitions/fdmprinter.def.json. Cura value expression: retraction_extra_prime_amount. Cura enabled expression: wipe_retraction_enable and clean_between_layers.","true","","wipe_retraction_enable and clean_between_layers","retraction_extra_prime_amount","cura","13","0",""
"wipe_pause","Wipe Pause","Experimental","General","58","VT_FLOAT","NUMERIC_BOX","0","","","0.01","","s","Cura path: Experimental > Wipe Pause. Source: Cura/resources/definitions/fdmprinter.def.json. Cura enabled expression: clean_between_layers.","true","","clean_between_layers","","cura","13","0",""
"wipe_hop_enable","Wipe Z Hop","Experimental","General","59","VT_BOOL","CHECK_BOX","true","","","","","","Cura path: Experimental > Wipe Z Hop. Source: Cura/resources/definitions/fdmprinter.def.json. Cura value expression: retraction_hop_enabled. Cura enabled expression: clean_between_layers.","true","","clean_between_layers","retraction_hop_enabled","cura","13","0",""
"wipe_hop_amount","Wipe Z Hop Height","Experimental","General","60","VT_FLOAT","NUMERIC_BOX","1","","","0.01","","mm","Cura path: Experimental > Wipe Z Hop Height. Source: Cura/resources/definitions/fdmprinter.def.json. Cura value expression: retraction_hop. Cura enabled expression: wipe_hop_enable and clean_between_layers.","true","","wipe_hop_enable and clean_between_layers","retraction_hop","cura","13","0",""
"wipe_hop_speed","Wipe Hop Speed","Experimental","General","61","VT_FLOAT","NUMERIC_BOX","10","","","0.01","","mm/s","Cura path: Experimental > Wipe Hop Speed. Source: Cura/resources/definitions/fdmprinter.def.json. Cura value expression: speed_z_hop. Cura enabled expression: wipe_hop_enable and clean_between_layers.","true","","wipe_hop_enable and clean_between_layers","speed_z_hop","cura","13","0",""
"wipe_brush_pos_x","Wipe Brush X Position","Experimental","General","62","VT_FLOAT","NUMERIC_BOX","100","","","0.01","","mm","Cura path: Experimental > Wipe Brush X Position. Source: Cura/resources/definitions/fdmprinter.def.json. Cura enabled expression: clean_between_layers.","true","","clean_between_layers","","cura","13","0",""
"wipe_repeat_count","Wipe Repeat Count","Experimental","General","63","VT_INT","NUMERIC_BOX","5","","","1","","","Cura path: Experimental > Wipe Repeat Count. Source: Cura/resources/definitions/fdmprinter.def.json. Cura enabled expression: clean_between_layers.","true","","clean_between_layers","","cura","13","0",""
"wipe_move_distance","Wipe Move Distance","Experimental","General","64","VT_FLOAT","NUMERIC_BOX","20","","","0.01","","mm","Cura path: Experimental > Wipe Move Distance. Source: Cura/resources/definitions/fdmprinter.def.json. Cura enabled expression: clean_between_layers.","true","","clean_between_layers","","cura","13","0",""
"small_feature_speed_factor","Small Feature Speed","Experimental","General","65","VT_FLOAT","NUMERIC_BOX","50","","","0.01","","%","Cura path: Experimental > Small Feature Speed. Source: Cura/resources/definitions/fdmprinter.def.json. Cura enabled expression: small_hole_max_size > 0.","true","","small_hole_max_size > 0","","cura","13","0",""
"small_feature_speed_factor_0","Small Feature Initial Layer Speed","Experimental","General","66","VT_FLOAT","NUMERIC_BOX","50","","","0.01","","%","Cura path: Experimental > Small Feature Initial Layer Speed. Source: Cura/resources/definitions/fdmprinter.def.json. Cura value expression: small_feature_speed_factor. Cura enabled expression: small_hole_max_size > 0.","true","","small_hole_max_size > 0","small_feature_speed_factor","cura","13","0",""
"material_alternate_walls","Alternate Wall Directions","Experimental","General","67","VT_BOOL","CHECK_BOX","false","","","","","","Cura path: Experimental > Alternate Wall Directions. Source: Cura/resources/definitions/fdmprinter.def.json. Cura enabled expression: True.","true","","True","","cura","13","0",""
"group_outer_walls","Group Outer Walls","Experimental","General","68","VT_BOOL","CHECK_BOX","true","","","","","","Cura path: Experimental > Group Outer Walls. Source: Cura/resources/definitions/fdmprinter.def.json.","true","","","","","13","0",""
"retraction_during_travel_ratio","Retraction During Travel Move","Experimental","General","69","VT_FLOAT","NUMERIC_BOX","0","","","0.01","","%","Cura path: Experimental > Retraction During Travel Move. Source: Cura/resources/definitions/fdmprinter.def.json. Cura enabled expression: retraction_enable and not machine_firmware_retract and machine_gcode_flavor != ""UltiGCode"" and machine_gcode_flavor != ""BFB"".","true","","retraction_enable and not machine_firmware_retract and machine_gcode_flavor != ""UltiGCode"" and machine_gcode_flavor != ""BFB""","","cura","13","0",""
"keep_retracting_during_travel","Keep Retracting During Travel","Experimental","General","70","VT_BOOL","CHECK_BOX","false","","","","","","Cura path: Experimental > Keep Retracting During Travel. Source: Cura/resources/definitions/fdmprinter.def.json. Cura enabled expression: retraction_enable and not machine_firmware_retract and machine_gcode_flavor != ""UltiGCode"" and machine_gcode_flavor != ""BFB"" and retraction_during_travel_ratio > 0.","true","","retraction_enable and not machine_firmware_retract and machine_gcode_flavor != ""UltiGCode"" and machine_gcode_flavor != ""BFB"" and retraction_during_travel_ratio > 0","","cura","13","0",""
"prime_during_travel_ratio","Prime During Travel Move","Experimental","General","71","VT_FLOAT","NUMERIC_BOX","0","","","0.01","","%","Cura path: Experimental > Prime During Travel Move. Source: Cura/resources/definitions/fdmprinter.def.json. Cura enabled expression: retraction_enable and not machine_firmware_retract and machine_gcode_flavor != ""UltiGCode"" and machine_gcode_flavor != ""BFB"".","true","","retraction_enable and not machine_firmware_retract and machine_gcode_flavor != ""UltiGCode"" and machine_gcode_flavor != ""BFB""","","cura","13","0",""
"scarf_joint_seam_length","Scarf Seam Length","Experimental","General","72","VT_FLOAT","NUMERIC_BOX","0","","","0.01","","mm","Cura path: Experimental > Scarf Seam Length. Source: Cura/resources/definitions/fdmprinter.def.json.","true","","","","","13","0",""
"scarf_joint_seam_start_height_ratio","Scarf Seam Start Height","Experimental","General","73","VT_FLOAT","NUMERIC_BOX","0","","","0.01","","%","Cura path: Experimental > Scarf Seam Start Height. Source: Cura/resources/definitions/fdmprinter.def.json. Cura enabled expression: scarf_joint_seam_length > 0.","true","","scarf_joint_seam_length > 0","","cura","13","0",""
"scarf_split_distance","Scarf Seam Step Length","Experimental","General","74","VT_FLOAT","NUMERIC_BOX","1.0","","","0.01","","mm","Cura path: Experimental > Scarf Seam Step Length. Source: Cura/resources/definitions/fdmprinter.def.json. Cura enabled expression: scarf_joint_seam_length > 0.","true","","scarf_joint_seam_length > 0","","cura","13","0",""
"wall_0_start_speed_ratio","Outer Wall Start Speed Ratio","Experimental","General","75","VT_FLOAT","NUMERIC_BOX","100.0","","","0.01","","%","Cura path: Experimental > Outer Wall Start Speed Ratio. Source: Cura/resources/definitions/fdmprinter.def.json.","true","","","","","13","0",""
"wall_0_acceleration","Outer Wall Start Acceleration","Experimental","General","76","VT_FLOAT","NUMERIC_BOX","20.0","","","0.01","","mm/s²","Cura path: Experimental > Outer Wall Start Acceleration. Source: Cura/resources/definitions/fdmprinter.def.json. Cura enabled expression: wall_0_start_speed_ratio < 100.0.","true","","wall_0_start_speed_ratio < 100.0","","cura","13","0",""
"wall_0_end_speed_ratio","Outer Wall End Speed Ratio","Experimental","General","77","VT_FLOAT","NUMERIC_BOX","100.0","","","0.01","","%","Cura path: Experimental > Outer Wall End Speed Ratio. Source: Cura/resources/definitions/fdmprinter.def.json.","true","","","","","13","0",""
"wall_0_deceleration","Outer Wall End Deceleration","Experimental","General","78","VT_FLOAT","NUMERIC_BOX","20.0","","","0.01","","mm/s²","Cura path: Experimental > Outer Wall End Deceleration. Source: Cura/resources/definitions/fdmprinter.def.json. Cura enabled expression: wall_0_end_speed_ratio < 100.0.","true","","wall_0_end_speed_ratio < 100.0","","cura","13","0",""
"wall_0_speed_split_distance","Outer Wall Speed Split Distance","Experimental","General","79","VT_FLOAT","NUMERIC_BOX","1.0","","","0.01","","mm","Cura path: Experimental > Outer Wall Speed Split Distance. Source: Cura/resources/definitions/fdmprinter.def.json.","true","","","","","13","0",""
"minimum_infill_line_length","Minimum Infill Line Length","Experimental","General","80","VT_FLOAT","NUMERIC_BOX","0.0","","","0.01","","mm","Cura path: Experimental > Minimum Infill Line Length. Source: Cura/resources/definitions/fdmprinter.def.json.","true","","","","","13","0",""
"material_delta_temperature_roofing","Temperature Delta Top Surface","Experimental","General","81","VT_FLOAT","NUMERIC_BOX","0","","","0.01","","°C","Cura path: Experimental > Temperature Delta Top Surface. Source: Cura/resources/definitions/fdmprinter.def.json. Cura enabled expression: machine_nozzle_temp_enabled and roofing_layer_count > 0 and top_layers > 0.","true","","machine_nozzle_temp_enabled and roofing_layer_count > 0 and top_layers > 0","","cura","13","0",""
"support_skip_zag_per_mm","Support Chunk Size","Experimental","Support Chunk Size","0","VT_FLOAT","NUMERIC_BOX","20","","","0.01","","mm","Cura path: Experimental > Support Chunk Size. Source: Cura/resources/definitions/fdmprinter.def.json. Cura enabled expression: (support_enable or support_meshes_present) and support_pattern == 'zigzag' and support_skip_some_zags.","true","","(support_enable or support_meshes_present) and support_pattern == 'zigzag' and support_skip_some_zags","","cura","13","1",""
"support_zag_skip_count","Support Chunk Line Count","Experimental","Support Chunk Size","1","VT_INT","NUMERIC_BOX","5","","","1","","","Cura path: Experimental > Support Chunk Size > Support Chunk Line Count. Source: Cura/resources/definitions/fdmprinter.def.json. Cura value expression: 0 if support_line_distance == 0 else round(support_skip_zag_per_mm / support_line_distance). Cura enabled expression: (support_enable or support_meshes_present) and support_pattern == 'zigzag' and support_skip_some_zags.","true","","(support_enable or support_meshes_present) and support_pattern == 'zigzag' and support_skip_some_zags","0 if support_line_distance == 0 else round(support_skip_zag_per_mm / support_line_distance)","cura","13","1",""
"magic_fuzzy_skin_point_density","Fuzzy Skin Density","Experimental","Fuzzy Skin Density","0","VT_FLOAT","NUMERIC_BOX","1.25","","","0.01","","1/mm","Cura path: Experimental > Fuzzy Skin Density. Source: Cura/resources/definitions/fdmprinter.def.json. Cura enabled expression: magic_fuzzy_skin_enabled and not interlocking_enable.","true","","magic_fuzzy_skin_enabled and not interlocking_enable","","cura","13","2",""
"magic_fuzzy_skin_point_dist","Fuzzy Skin Point Distance","Experimental","Fuzzy Skin Density","1","VT_FLOAT","NUMERIC_BOX","0.8","","","0.01","","mm","Cura path: Experimental > Fuzzy Skin Density > Fuzzy Skin Point Distance. Source: Cura/resources/definitions/fdmprinter.def.json. Cura value expression: 10000 if magic_fuzzy_skin_point_density == 0 else 1 / magic_fuzzy_skin_point_density. Cura enabled expression: magic_fuzzy_skin_enabled and not interlocking_enable.","true","","magic_fuzzy_skin_enabled and not interlocking_enable","10000 if magic_fuzzy_skin_point_density == 0 else 1 / magic_fuzzy_skin_point_density","cura","13","2",""
"wipe_retraction_speed","Wipe Retraction Speed","Experimental","Wipe Retraction Speed","0","VT_FLOAT","NUMERIC_BOX","5","","","0.01","","mm/s","Cura path: Experimental > Wipe Retraction Speed. Source: Cura/resources/definitions/fdmprinter.def.json. Cura value expression: retraction_speed. Cura enabled expression: wipe_retraction_enable and clean_between_layers.","true","","wipe_retraction_enable and clean_between_layers","retraction_speed","cura","13","3",""
"wipe_retraction_retract_speed","Wipe Retraction Retract Speed","Experimental","Wipe Retraction Speed","1","VT_FLOAT","NUMERIC_BOX","3","","","0.01","","mm/s","Cura path: Experimental > Wipe Retraction Speed > Wipe Retraction Retract Speed. Source: Cura/resources/definitions/fdmprinter.def.json. Cura value expression: wipe_retraction_speed. Cura enabled expression: wipe_retraction_enable and clean_between_layers.","true","","wipe_retraction_enable and clean_between_layers","wipe_retraction_speed","cura","13","3",""
"wipe_retraction_prime_speed","Wipe Retraction Prime Speed","Experimental","Wipe Retraction Speed","2","VT_FLOAT","NUMERIC_BOX","2","","","0.01","","mm/s","Cura path: Experimental > Wipe Retraction Speed > Wipe Retraction Prime Speed. Source: Cura/resources/definitions/fdmprinter.def.json. Cura value expression: wipe_retraction_speed. Cura enabled expression: wipe_retraction_enable and clean_between_layers.","true","","wipe_retraction_enable and clean_between_layers","wipe_retraction_speed","cura","13","3",""
"small_hole_max_size","Small Hole Max Size","Experimental","Small Hole Max Size","0","VT_FLOAT","NUMERIC_BOX","0","","","0.01","","mm","Cura path: Experimental > Small Hole Max Size. Source: Cura/resources/definitions/fdmprinter.def.json.","true","","","","","13","4",""
"small_feature_max_length","Small Feature Max Length","Experimental","Small Hole Max Size","1","VT_FLOAT","NUMERIC_BOX","0","","","0.01","","mm","Cura path: Experimental > Small Hole Max Size > Small Feature Max Length. Source: Cura/resources/definitions/fdmprinter.def.json. Cura value expression: small_hole_max_size * math.pi. Cura enabled expression: small_hole_max_size > 0.","true","","small_hole_max_size > 0","small_hole_max_size * math.pi","cura","13","4",""
"build_volume_fan_nr","Build volume fan number","Machine","General","0","VT_INT","NUMERIC_BOX","0","","","1","","","Cura path: Machine > Build volume fan number. Source: Cura/resources/definitions/fdmprinter.def.json.","true","","","","","14","0",""
"machine_show_variants","Show Machine Variants","Machine","General","1","VT_BOOL","CHECK_BOX","false","","","","","","Cura path: Machine > Show Machine Variants. Source: Cura/resources/definitions/fdmprinter.def.json.","true","","","","","14","0",""
"material_diameter","Diameter","Machine","General","2","VT_FLOAT","NUMERIC_BOX","2.85","","","0.01","","mm","Cura path: Machine > Diameter. Source: Cura/resources/definitions/fdmprinter.def.json. Cura enabled expression: machine_gcode_flavor != ""UltiGCode"".","true","","machine_gcode_flavor != ""UltiGCode""","","cura","14","0",""
"material_bed_temp_wait","Wait for Build Plate Heatup","Machine","General","3","VT_BOOL","CHECK_BOX","true","","","","","","Cura path: Machine > Wait for Build Plate Heatup. Source: Cura/resources/definitions/fdmprinter.def.json.","true","","","","","14","0",""
"material_print_temp_wait","Wait for Nozzle Heatup","Machine","General","4","VT_BOOL","CHECK_BOX","true","","","","","","Cura path: Machine > Wait for Nozzle Heatup. Source: Cura/resources/definitions/fdmprinter.def.json. Cura enabled expression: machine_nozzle_temp_enabled.","true","","machine_nozzle_temp_enabled","","cura","14","0",""
"material_print_temp_prepend","Include Material Temperatures","Machine","General","5","VT_BOOL","CHECK_BOX","true","","","","","","Cura path: Machine > Include Material Temperatures. Source: Cura/resources/definitions/fdmprinter.def.json. Cura enabled expression: machine_nozzle_temp_enabled.","true","","machine_nozzle_temp_enabled","","cura","14","0",""
"material_bed_temp_prepend","Include Build Plate Temperature","Machine","General","6","VT_BOOL","CHECK_BOX","true","","","","","","Cura path: Machine > Include Build Plate Temperature. Source: Cura/resources/definitions/fdmprinter.def.json.","true","","","","","14","0",""
"machine_width","Machine Width","Machine","General","7","VT_FLOAT","NUMERIC_BOX","100","","","0.01","","","Cura path: Machine > Machine Width. Source: Cura/resources/definitions/fdmprinter.def.json.","true","","","","","14","0",""
"machine_depth","Machine Depth","Machine","General","8","VT_FLOAT","NUMERIC_BOX","100","","","0.01","","","Cura path: Machine > Machine Depth. Source: Cura/resources/definitions/fdmprinter.def.json.","true","","","","","14","0",""
"machine_height","Machine Height","Machine","General","9","VT_FLOAT","NUMERIC_BOX","100","","","0.01","","","Cura path: Machine > Machine Height. Source: Cura/resources/definitions/fdmprinter.def.json.","true","","","","","14","0",""
"machine_shape","Build Plate Shape","Machine","General","10","VT_ENUM","COMBO_BOX","rectangular","","","","rectangular;elliptic","","Cura path: Machine > Build Plate Shape. Source: Cura/resources/definitions/fdmprinter.def.json.","true","","","","","14","0","rectangular| param($m) $m.Value.ToUpperInvariant() ectangular|;elliptic| param($m) $m.Value.ToUpperInvariant() lliptic|"
"machine_buildplate_type","Build Plate Type","Machine","General","11","VT_ENUM","COMBO_BOX","glass","","","","glass;aluminum;custom","","Cura path: Machine > Build Plate Type. Source: Cura/resources/definitions/fdmprinter.def.json.","true","","","","","14","0","glass| param($m) $m.Value.ToUpperInvariant() lass|;aluminum| param($m) $m.Value.ToUpperInvariant() luminum|;custom| param($m) $m.Value.ToUpperInvariant() ustom|"
"machine_heated_bed","Has Heated Build Plate","Machine","General","12","VT_BOOL","CHECK_BOX","false","","","","","","Cura path: Machine > Has Heated Build Plate. Source: Cura/resources/definitions/fdmprinter.def.json.","true","","","","","14","0",""
"machine_heated_build_volume","Has Build Volume Temperature Stabilization","Machine","General","13","VT_BOOL","CHECK_BOX","false","","","","","","Cura path: Machine > Has Build Volume Temperature Stabilization. Source: Cura/resources/definitions/fdmprinter.def.json.","true","","","","","14","0",""
"machine_always_write_active_tool","Always Write Active Tool","Machine","General","14","VT_BOOL","CHECK_BOX","false","","","","","","Cura path: Machine > Always Write Active Tool. Source: Cura/resources/definitions/fdmprinter.def.json.","true","","","","","14","0",""
"machine_center_is_zero","Is Center Origin","Machine","General","15","VT_BOOL","CHECK_BOX","false","","","","","","Cura path: Machine > Is Center Origin. Source: Cura/resources/definitions/fdmprinter.def.json.","true","","","","","14","0",""
"machine_extruder_count","Number of Extruders","Machine","General","16","VT_INT","NUMERIC_BOX","1","","","1","","","Cura path: Machine > Number of Extruders. Source: Cura/resources/definitions/fdmprinter.def.json.","true","","","","","14","0",""
"extruders_enabled_count","Number of Extruders That Are Enabled","Machine","General","17","VT_INT","NUMERIC_BOX","1","","","1","","","Cura path: Machine > Number of Extruders That Are Enabled. Source: Cura/resources/definitions/fdmprinter.def.json. Cura value expression: machine_extruder_count.","true","","","machine_extruder_count","cura","14","0",""
"machine_nozzle_tip_outer_diameter","Outer Nozzle Diameter","Machine","General","18","VT_FLOAT","NUMERIC_BOX","1","","","0.01","","mm","Cura path: Machine > Outer Nozzle Diameter. Source: Cura/resources/definitions/fdmprinter.def.json.","true","","","","","14","0",""
"machine_nozzle_expansion_angle","Nozzle Angle","Machine","General","19","VT_INT","NUMERIC_BOX","45","","","1","","°","Cura path: Machine > Nozzle Angle. Source: Cura/resources/definitions/fdmprinter.def.json.","true","","","","","14","0",""
"machine_heat_zone_length","Heat Zone Length","Machine","General","20","VT_FLOAT","NUMERIC_BOX","16","","","0.01","","mm","Cura path: Machine > Heat Zone Length. Source: Cura/resources/definitions/fdmprinter.def.json.","true","","","","","14","0",""
"machine_nozzle_temp_enabled","Enable Nozzle Temperature Control","Machine","General","21","VT_BOOL","CHECK_BOX","true","","","","","","Cura path: Machine > Enable Nozzle Temperature Control. Source: Cura/resources/definitions/fdmprinter.def.json. Cura value expression: machine_gcode_flavor != ""UltiGCode"".","true","","","machine_gcode_flavor != ""UltiGCode""","cura","14","0",""
"machine_nozzle_heat_up_speed","Heat Up Speed","Machine","General","22","VT_FLOAT","NUMERIC_BOX","2.0","","","0.01","","°C/s","Cura path: Machine > Heat Up Speed. Source: Cura/resources/definitions/fdmprinter.def.json. Cura enabled expression: machine_nozzle_temp_enabled.","true","","machine_nozzle_temp_enabled","","cura","14","0",""
"machine_nozzle_cool_down_speed","Cool Down Speed","Machine","General","23","VT_FLOAT","NUMERIC_BOX","2.0","","","0.01","","°C/s","Cura path: Machine > Cool Down Speed. Source: Cura/resources/definitions/fdmprinter.def.json. Cura enabled expression: machine_nozzle_temp_enabled.","true","","machine_nozzle_temp_enabled","","cura","14","0",""
"machine_min_cool_heat_time_window","Minimal Time Standby Temperature","Machine","General","24","VT_FLOAT","NUMERIC_BOX","50.0","","","0.01","","s","Cura path: Machine > Minimal Time Standby Temperature. Source: Cura/resources/definitions/fdmprinter.def.json. Cura enabled expression: machine_nozzle_temp_enabled.","true","","machine_nozzle_temp_enabled","","cura","14","0",""
"machine_gcode_flavor","G-code Flavor","Machine","General","25","VT_ENUM","COMBO_BOX","RepRap (Marlin/Sprinter)","","","","RepRap (Marlin/Sprinter);Marlin;Griffin;RepRap (Volumetric);UltiGCode;MakerBot;BFB;Mach3;Repetier;RepRapFirmware","","Cura path: Machine > G-code Flavor. Source: Cura/resources/definitions/fdmprinter.def.json.","true","","","","","14","0","RepRap (Marlin/Sprinter)|RepRap (Marlin/Sprinter)|;Marlin|Marlin|;Griffin|Griffin|;RepRap (Volumetric)|RepRap (Volumetric)|;UltiGCode|UltiGCode|;MakerBot|MakerBot|;BFB|BFB|;Mach3|Mach3|;Repetier|Repetier|;RepRapFirmware|RepRapFirmware|"
"machine_firmware_retract","Firmware Retraction","Machine","General","26","VT_BOOL","CHECK_BOX","false","","","","","","Cura path: Machine > Firmware Retraction. Source: Cura/resources/definitions/fdmprinter.def.json. Cura value expression: machine_gcode_flavor == 'RepRap (Volumetric)' or machine_gcode_flavor == 'UltiGCode' or machine_gcode_flavor == 'BFB'.","true","","","machine_gcode_flavor == 'RepRap (Volumetric)' or machine_gcode_flavor == 'UltiGCode' or machine_gcode_flavor == 'BFB'","cura","14","0",""
"machine_extruders_share_heater","Extruders Share Heater","Machine","General","27","VT_BOOL","CHECK_BOX","false","","","","","","Cura path: Machine > Extruders Share Heater. Source: Cura/resources/definitions/fdmprinter.def.json.","true","","","","","14","0",""
"machine_extruders_share_nozzle","Extruders Share Nozzle","Machine","General","28","VT_BOOL","CHECK_BOX","false","","","","","","Cura path: Machine > Extruders Share Nozzle. Source: Cura/resources/definitions/fdmprinter.def.json.","true","","","","","14","0",""
"machine_extruders_shared_nozzle_initial_retraction","Shared Nozzle Initial Retraction","Machine","General","29","VT_FLOAT","NUMERIC_BOX","0","","","0.01","","mm","Cura path: Machine > Shared Nozzle Initial Retraction. Source: Cura/resources/definitions/fdmprinter.def.json. Cura enabled expression: machine_extruders_share_nozzle.","true","","machine_extruders_share_nozzle","","cura","14","0",""
"gantry_height","Gantry Height","Machine","General","30","VT_FLOAT","NUMERIC_BOX","99999999999","","","0.01","","","Cura path: Machine > Gantry Height. Source: Cura/resources/definitions/fdmprinter.def.json. Cura value expression: machine_height.","true","","","machine_height","cura","14","0",""
"machine_time_estimation_factor","Print Time Estimation Factor","Machine","General","31","VT_FLOAT","NUMERIC_BOX","100","","","0.01","","%","Cura path: Machine > Print Time Estimation Factor. Source: Cura/resources/definitions/fdmprinter.def.json.","true","","","","","14","0",""
"machine_nozzle_size","Nozzle Diameter","Machine","General","32","VT_FLOAT","NUMERIC_BOX","0.4","","","0.01","","mm","Cura path: Machine > Nozzle Diameter. Source: Cura/resources/definitions/fdmprinter.def.json.","true","","","","","14","0",""
"machine_use_extruder_offset_to_offset_coords","Offset with Extruder","Machine","General","33","VT_BOOL","CHECK_BOX","true","","","","","","Cura path: Machine > Offset with Extruder. Source: Cura/resources/definitions/fdmprinter.def.json.","true","","","","","14","0",""
"machine_start_gcode_first","Start GCode must be first","Machine","General","34","VT_BOOL","CHECK_BOX","false","","","","","","Cura path: Machine > Start GCode must be first. Source: Cura/resources/definitions/fdmprinter.def.json.","true","","","","","14","0",""
"extruder_prime_pos_z","Extruder Prime Z Position","Machine","General","35","VT_FLOAT","NUMERIC_BOX","0","","","0.01","","mm","Cura path: Machine > Extruder Prime Z Position. Source: Cura/resources/definitions/fdmprinter.def.json.","true","","","","","14","0",""
"extruder_prime_pos_abs","Absolute Extruder Prime Position","Machine","General","36","VT_BOOL","CHECK_BOX","false","","","","","","Cura path: Machine > Absolute Extruder Prime Position. Source: Cura/resources/definitions/fdmprinter.def.json.","true","","","","","14","0",""
"machine_max_feedrate_x","Maximum Speed X","Machine","General","37","VT_FLOAT","NUMERIC_BOX","299792458000","","","0.01","","mm/s","Cura path: Machine > Maximum Speed X. Source: Cura/resources/definitions/fdmprinter.def.json.","true","","","","","14","0",""
"machine_max_feedrate_y","Maximum Speed Y","Machine","General","38","VT_FLOAT","NUMERIC_BOX","299792458000","","","0.01","","mm/s","Cura path: Machine > Maximum Speed Y. Source: Cura/resources/definitions/fdmprinter.def.json.","true","","","","","14","0",""
"machine_max_feedrate_z","Maximum Speed Z","Machine","General","39","VT_FLOAT","NUMERIC_BOX","299792458000","","","0.01","","mm/s","Cura path: Machine > Maximum Speed Z. Source: Cura/resources/definitions/fdmprinter.def.json.","true","","","","","14","0",""
"machine_max_feedrate_e","Maximum Speed E","Machine","General","40","VT_FLOAT","NUMERIC_BOX","299792458000","","","0.01","","mm/s","Cura path: Machine > Maximum Speed E. Source: Cura/resources/definitions/fdmprinter.def.json.","true","","","","","14","0",""
"machine_max_acceleration_x","Maximum Acceleration X","Machine","General","41","VT_FLOAT","NUMERIC_BOX","9000","","","0.01","","mm/s²","Cura path: Machine > Maximum Acceleration X. Source: Cura/resources/definitions/fdmprinter.def.json.","true","","","","","14","0",""
"machine_max_acceleration_y","Maximum Acceleration Y","Machine","General","42","VT_FLOAT","NUMERIC_BOX","9000","","","0.01","","mm/s²","Cura path: Machine > Maximum Acceleration Y. Source: Cura/resources/definitions/fdmprinter.def.json.","true","","","","","14","0",""
"machine_max_acceleration_z","Maximum Acceleration Z","Machine","General","43","VT_FLOAT","NUMERIC_BOX","100","","","0.01","","mm/s²","Cura path: Machine > Maximum Acceleration Z. Source: Cura/resources/definitions/fdmprinter.def.json.","true","","","","","14","0",""
"machine_max_acceleration_e","Maximum Filament Acceleration","Machine","General","44","VT_FLOAT","NUMERIC_BOX","10000","","","0.01","","mm/s²","Cura path: Machine > Maximum Filament Acceleration. Source: Cura/resources/definitions/fdmprinter.def.json.","true","","","","","14","0",""
"machine_acceleration","Default Acceleration","Machine","General","45","VT_FLOAT","NUMERIC_BOX","4000","","","0.01","","mm/s²","Cura path: Machine > Default Acceleration. Source: Cura/resources/definitions/fdmprinter.def.json.","true","","","","","14","0",""
"machine_max_jerk_xy","Default X-Y Jerk","Machine","General","46","VT_FLOAT","NUMERIC_BOX","20.0","","","0.01","","mm/s","Cura path: Machine > Default X-Y Jerk. Source: Cura/resources/definitions/fdmprinter.def.json.","true","","","","","14","0",""
"machine_max_jerk_z","Default Z Jerk","Machine","General","47","VT_FLOAT","NUMERIC_BOX","0.4","","","0.01","","mm/s","Cura path: Machine > Default Z Jerk. Source: Cura/resources/definitions/fdmprinter.def.json.","true","","","","","14","0",""
"machine_max_jerk_e","Default Filament Jerk","Machine","General","48","VT_FLOAT","NUMERIC_BOX","5.0","","","0.01","","mm/s","Cura path: Machine > Default Filament Jerk. Source: Cura/resources/definitions/fdmprinter.def.json.","true","","","","","14","0",""
"machine_steps_per_mm_x","Steps per Millimeter (X)","Machine","General","49","VT_FLOAT","NUMERIC_BOX","50","","","0.01","","","Cura path: Machine > Steps per Millimeter (X). Source: Cura/resources/definitions/fdmprinter.def.json.","true","","","","","14","0",""
"machine_steps_per_mm_y","Steps per Millimeter (Y)","Machine","General","50","VT_FLOAT","NUMERIC_BOX","50","","","0.01","","","Cura path: Machine > Steps per Millimeter (Y). Source: Cura/resources/definitions/fdmprinter.def.json.","true","","","","","14","0",""
"machine_steps_per_mm_z","Steps per Millimeter (Z)","Machine","General","51","VT_FLOAT","NUMERIC_BOX","50","","","0.01","","","Cura path: Machine > Steps per Millimeter (Z). Source: Cura/resources/definitions/fdmprinter.def.json.","true","","","","","14","0",""
"machine_steps_per_mm_e","Steps per Millimeter (E)","Machine","General","52","VT_FLOAT","NUMERIC_BOX","1600","","","0.01","","","Cura path: Machine > Steps per Millimeter (E). Source: Cura/resources/definitions/fdmprinter.def.json.","true","","","","","14","0",""
"machine_endstop_positive_direction_x","X Endstop in Positive Direction","Machine","General","53","VT_BOOL","CHECK_BOX","false","","","","","","Cura path: Machine > X Endstop in Positive Direction. Source: Cura/resources/definitions/fdmprinter.def.json.","true","","","","","14","0",""
"machine_endstop_positive_direction_y","Y Endstop in Positive Direction","Machine","General","54","VT_BOOL","CHECK_BOX","false","","","","","","Cura path: Machine > Y Endstop in Positive Direction. Source: Cura/resources/definitions/fdmprinter.def.json.","true","","","","","14","0",""
"machine_endstop_positive_direction_z","Z Endstop in Positive Direction","Machine","General","55","VT_BOOL","CHECK_BOX","true","","","","","","Cura path: Machine > Z Endstop in Positive Direction. Source: Cura/resources/definitions/fdmprinter.def.json.","true","","","","","14","0",""
"machine_minimum_feedrate","Minimum Feedrate","Machine","General","56","VT_FLOAT","NUMERIC_BOX","0.0","","","0.01","","mm/s","Cura path: Machine > Minimum Feedrate. Source: Cura/resources/definitions/fdmprinter.def.json.","true","","","","","14","0",""
"machine_feeder_wheel_diameter","Feeder Wheel Diameter","Machine","General","57","VT_FLOAT","NUMERIC_BOX","10.0","","","0.01","","mm","Cura path: Machine > Feeder Wheel Diameter. Source: Cura/resources/definitions/fdmprinter.def.json.","true","","","","","14","0",""
"machine_scale_fan_speed_zero_to_one","Scale Fan Speed To 0-1","Machine","General","58","VT_BOOL","CHECK_BOX","false","","","","","","Cura path: Machine > Scale Fan Speed To 0-1. Source: Cura/resources/definitions/fdmprinter.def.json.","true","","","","","14","0",""
"reset_flow_duration","Reset flow duration","Machine","General","59","VT_FLOAT","NUMERIC_BOX","","","","0.01","","s","Cura path: Machine > Reset flow duration. Source: Cura/resources/definitions/fdmprinter.def.json. Cura value expression: 2.0. Cura enabled expression: gradual_flow_enabled.","true","","gradual_flow_enabled","2.0","cura","14","0",""
"extruder_nr","Extruder","Extruder","General","0","VT_INT","COMBO_BOX","0","","","1","0;1;2;3;4","","Cura path: Extruder > Extruder. Source: Cura/resources/definitions/fdmextruder.def.json.","true","","","","","15","0","0| param($m) $m.Value.ToUpperInvariant() |;1| param($m) $m.Value.ToUpperInvariant() |;2| param($m) $m.Value.ToUpperInvariant() |;3| param($m) $m.Value.ToUpperInvariant() |;4| param($m) $m.Value.ToUpperInvariant() |"
"extruder_settings_extruder_prime_pos_z","Extruder Prime Z Position","Extruder","General","1","VT_FLOAT","NUMERIC_BOX","0","","","0.01","","mm","Cura path: Extruder > Extruder Prime Z Position. Source: Cura/resources/definitions/fdmextruder.def.json.","true","","","","","15","0",""
"machine_extruder_change_duration","Extruder Change duration","Extruder","General","2","VT_FLOAT","NUMERIC_BOX","0","","","0.01","","","Cura path: Extruder > Extruder Change duration. Source: Cura/resources/definitions/fdmextruder.def.json.","true","","","","","15","0",""
"machine_extruder_cooling_fan_number","Extruder Print Cooling Fan","Extruder","General","3","VT_INT","NUMERIC_BOX","0","","","1","","","Cura path: Extruder > Extruder Print Cooling Fan. Source: Cura/resources/definitions/fdmextruder.def.json.","true","","","","","15","0",""
"machine_extruder_end_code_duration","Extruder End G-Code Duration","Extruder","General","4","VT_FLOAT","NUMERIC_BOX","0","","","0.01","","","Cura path: Extruder > Extruder End G-Code Duration. Source: Cura/resources/definitions/fdmextruder.def.json.","true","","","","","15","0",""
"machine_extruder_end_pos_abs","Extruder End Position Absolute","Extruder","General","5","VT_BOOL","CHECK_BOX","false","","","","","","Cura path: Extruder > Extruder End Position Absolute. Source: Cura/resources/definitions/fdmextruder.def.json.","true","","","","","15","0",""
"machine_extruder_end_pos_x","Extruder End Position X","Extruder","General","6","VT_FLOAT","NUMERIC_BOX","0","","","0.01","","mm","Cura path: Extruder > Extruder End Position X. Source: Cura/resources/definitions/fdmextruder.def.json.","true","","","","","15","0",""
"machine_extruder_end_pos_y","Extruder End Position Y","Extruder","General","7","VT_FLOAT","NUMERIC_BOX","0","","","0.01","","mm","Cura path: Extruder > Extruder End Position Y. Source: Cura/resources/definitions/fdmextruder.def.json.","true","","","","","15","0",""
"machine_extruder_start_code_duration","Extruder Start G-Code Duration","Extruder","General","8","VT_FLOAT","NUMERIC_BOX","0","","","0.01","","","Cura path: Extruder > Extruder Start G-Code Duration. Source: Cura/resources/definitions/fdmextruder.def.json.","true","","","","","15","0",""
"machine_extruder_start_pos_abs","Extruder Start Position Absolute","Extruder","General","9","VT_BOOL","CHECK_BOX","false","","","","","","Cura path: Extruder > Extruder Start Position Absolute. Source: Cura/resources/definitions/fdmextruder.def.json.","true","","","","","15","0",""
"machine_extruder_start_pos_x","Extruder Start Position X","Extruder","General","10","VT_FLOAT","NUMERIC_BOX","0","","","0.01","","mm","Cura path: Extruder > Extruder Start Position X. Source: Cura/resources/definitions/fdmextruder.def.json.","true","","","","","15","0",""
"machine_extruder_start_pos_y","Extruder Start Position Y","Extruder","General","11","VT_FLOAT","NUMERIC_BOX","0","","","0.01","","mm","Cura path: Extruder > Extruder Start Position Y. Source: Cura/resources/definitions/fdmextruder.def.json.","true","","","","","15","0",""
"machine_nozzle_head_distance","Nozzle Length","Extruder","General","12","VT_FLOAT","NUMERIC_BOX","3","","","0.01","","mm","Cura path: Extruder > Nozzle Length. Source: Cura/resources/definitions/fdmextruder.def.json.","true","","","","","15","0",""
"machine_nozzle_offset_x","Nozzle X Offset","Extruder","General","13","VT_FLOAT","NUMERIC_BOX","0","","","0.01","","mm","Cura path: Extruder > Nozzle X Offset. Source: Cura/resources/definitions/fdmextruder.def.json.","true","","","","","15","0",""
"machine_nozzle_offset_y","Nozzle Y Offset","Extruder","General","14","VT_FLOAT","NUMERIC_BOX","0","","","0.01","","mm","Cura path: Extruder > Nozzle Y Offset. Source: Cura/resources/definitions/fdmextruder.def.json.","true","","","","","15","0",""
"extruder_settings_machine_nozzle_size","Nozzle Diameter","Extruder","General","15","VT_FLOAT","NUMERIC_BOX","0.4","","","0.01","","mm","Cura path: Extruder > Nozzle Diameter. Source: Cura/resources/definitions/fdmextruder.def.json.","true","","","","","15","0",""
